GEOID_bg,market_area,year_qu,R_quarter,R_year,rent_bg,rent_ma,N,GISJOIN_proj,year_qu_text
211110000000.0,West Core,17,Q1,2018,912.5,780.0,90,G21011100027001,Q1_2018
211110000000.0,Northwest Core,17,Q1,2018,1020.0,895.0,281,G21011100030001,Q1_2018
211110000000.0,Northwest Core,17,Q1,2018,1020.0,895.0,339,G21011100030002,Q1_2018
211110000000.0,West Core,17,Q1,2018,875.0,780.0,70,G21011100035011,Q1_2018
211110000000.0,West Core,17,Q1,2018,899.0,780.0,52,G21011100035021,Q1_2018
211110000000.0,Southwest Core,17,Q1,2018,950.0,820.0,37,G21011100036003,Q1_2018
211110000000.0,University,17,Q1,2018,712.0,950.0,50,G21011100037001,Q1_2018
211110000000.0,University,17,Q1,2018,699.0,950.0,48,G21011100037002,Q1_2018
211110000000.0,Southwest Core,17,Q1,2018,849.0,820.0,31,G21011100038001,Q1_2018
211110000000.0,Southwest Core,17,Q1,2018,849.0,820.0,31,G21011100038002,Q1_2018
211110000000.0,Downtown,17,Q1,2018,1750.0,1140.0,93,G21011100049000,Q1_2018
211110000000.0,Downtown,17,Q1,2018,1100.0,1140.0,690,G21011100049001,Q1_2018
211110000000.0,Downtown,17,Q1,2018,1030.0,1140.0,362,G21011100049002,Q1_2018
211110000000.0,Downtown,17,Q1,2018,1120.0,1140.0,681,G21011100049003,Q1_2018
211110000000.0,Downtown,17,Q1,2018,1025.0,1140.0,338,G21011100050001,Q1_2018
211110000000.0,Downtown,17,Q1,2018,1020.0,1140.0,352,G21011100050002,Q1_2018
211110000000.0,University,17,Q1,2018,1005.0,950.0,311,G21011100051001,Q1_2018
211110000000.0,University,17,Q1,2018,995.0,950.0,330,G21011100051002,Q1_2018
211110000000.0,University,17,Q1,2018,1000.0,950.0,322,G21011100051003,Q1_2018
211110000000.0,University,17,Q1,2018,850.0,950.0,72,G21011100052001,Q1_2018
211110000000.0,University,17,Q1,2018,875.0,950.0,69,G21011100052002,Q1_2018
211110000000.0,University,17,Q1,2018,998.0,950.0,122,G21011100052003,Q1_2018
211110000000.0,University,17,Q1,2018,820.0,950.0,102,G21011100053001,Q1_2018
211110000000.0,University,17,Q1,2018,820.0,950.0,91,G21011100053002,Q1_2018
211110000000.0,Downtown,17,Q1,2018,1192.5,1140.0,726,G21011100059011,Q1_2018
211110000000.0,Downtown,17,Q1,2018,1192.5,1140.0,726,G21011100059012,Q1_2018
211110000000.0,Downtown,17,Q1,2018,1289.0,1140.0,511,G21011100059021,Q1_2018
211110000000.0,Downtown,17,Q1,2018,1397.0,1140.0,514,G21011100059022,Q1_2018
211110000000.0,Downtown,17,Q1,2018,1356.0,1140.0,516,G21011100059023,Q1_2018
211110000000.0,Downtown,17,Q1,2018,1092.0,1140.0,590,G21011100062001,Q1_2018
211110000000.0,Downtown,17,Q1,2018,1030.0,1140.0,516,G21011100062002,Q1_2018
211110000000.0,Southeast Core,17,Q1,2018,1039.0,949.0,123,G21011100063001,Q1_2018
211110000000.0,Southeast Core,17,Q1,2018,1050.0,949.0,109,G21011100063002,Q1_2018
211110000000.0,Southeast Core,17,Q1,2018,1132.0,949.0,168,G21011100064001,Q1_2018
211110000000.0,Southeast Core,17,Q1,2018,1202.0,949.0,158,G21011100064002,Q1_2018
211110000000.0,University,17,Q1,2018,995.0,950.0,311,G21011100065001,Q1_2018
211110000000.0,University,17,Q1,2018,1094.0,950.0,97,G21011100065002,Q1_2018
211110000000.0,University,17,Q1,2018,862.5,950.0,100,G21011100065003,Q1_2018
211110000000.0,University,17,Q1,2018,825.0,950.0,47,G21011100065004,Q1_2018
211110000000.0,University,17,Q1,2018,1000.0,950.0,332,G21011100066001,Q1_2018
211110000000.0,University,17,Q1,2018,850.0,950.0,106,G21011100066002,Q1_2018
211110000000.0,Southeast Core,17,Q1,2018,776.0,949.0,76,G21011100068001,Q1_2018
211110000000.0,Southeast Core,17,Q1,2018,809.0,949.0,55,G21011100068002,Q1_2018
211110000000.0,Southeast Core,17,Q1,2018,804.5,949.0,58,G21011100068003,Q1_2018
211110000000.0,Southeast Core,17,Q1,2018,1094.0,949.0,105,G21011100069001,Q1_2018
211110000000.0,Southeast Core,17,Q1,2018,809.0,949.0,45,G21011100069002,Q1_2018
211110000000.0,Southeast Core,17,Q1,2018,809.0,949.0,37,G21011100069003,Q1_2018
211110000000.0,Southeast Core,17,Q1,2018,809.0,949.0,50,G21011100070001,Q1_2018
211110000000.0,Southeast Core,17,Q1,2018,752.0,949.0,67,G21011100070002,Q1_2018
211110000000.0,University,17,Q1,2018,720.0,950.0,40,G21011100071021,Q1_2018
211110000000.0,University,17,Q1,2018,750.0,950.0,83,G21011100071022,Q1_2018
211110000000.0,University,17,Q1,2018,820.0,950.0,119,G21011100071023,Q1_2018
211110000000.0,University,17,Q1,2018,725.0,950.0,54,G21011100071024,Q1_2018
211110000000.0,University,17,Q1,2018,752.0,950.0,72,G21011100071025,Q1_2018
211110000000.0,Northeast Core,17,Q1,2018,1062.5,1045.0,204,G21011100074001,Q1_2018
211110000000.0,Northeast Core,17,Q1,2018,1020.0,1045.0,178,G21011100074002,Q1_2018
211110000000.0,Northeast Core,17,Q1,2018,950.0,1045.0,146,G21011100076011,Q1_2018
211110000000.0,Northeast Core,17,Q1,2018,829.0,1045.0,45,G21011100076012,Q1_2018
211110000000.0,Northeast Core,17,Q1,2018,950.0,1045.0,146,G21011100076021,Q1_2018
211110000000.0,Northeast Core,17,Q1,2018,950.0,1045.0,146,G21011100076022,Q1_2018
211110000000.0,Northeast Core,17,Q1,2018,850.0,1045.0,80,G21011100076031,Q1_2018
211110000000.0,Northeast Core,17,Q1,2018,850.0,1045.0,74,G21011100076032,Q1_2018
211110000000.0,Northeast Core,17,Q1,2018,850.0,1045.0,80,G21011100076033,Q1_2018
211110000000.0,Northeast Core,17,Q1,2018,965.0,1045.0,111,G21011100079002,Q1_2018
211110000000.0,Northeast Core,17,Q1,2018,1065.0,1045.0,189,G21011100081001,Q1_2018
211110000000.0,Northeast Core,17,Q1,2018,1149.0,1045.0,269,G21011100081002,Q1_2018
211110000000.0,Northeast Core,17,Q1,2018,1299.0,1045.0,456,G21011100081003,Q1_2018
211110000000.0,Southeast Core,17,Q1,2018,1229.0,949.0,132,G21011100082011,Q1_2018
211110000000.0,Southeast Core,17,Q1,2018,1199.5,949.0,204,G21011100082021,Q1_2018
211110000000.0,Southeast Core,17,Q1,2018,1144.0,949.0,153,G21011100082022,Q1_2018
211110000000.0,Southeast Core,17,Q1,2018,1112.0,949.0,80,G21011100083002,Q1_2018
211110000000.0,Southeast Core,17,Q1,2018,882.5,949.0,56,G21011100083003,Q1_2018
211110000000.0,Southeast Core,17,Q1,2018,720.0,949.0,49,G21011100093003,Q1_2018
211110000000.0,Southeast Core,17,Q1,2018,659.0,949.0,59,G21011100096001,Q1_2018
211110000000.0,East Core,17,Q1,2018,883.0,939.0,352,G21011100099001,Q1_2018
211110000000.0,East Core,17,Q1,2018,910.0,939.0,90,G21011100099002,Q1_2018
211110000000.0,East Core,17,Q1,2018,963.0,939.0,47,G21011100099003,Q1_2018
211110000000.0,East Metro,17,Q1,2018,874.0,975.0,348,G21011100100041,Q1_2018
211110000000.0,East Metro,17,Q1,2018,880.5,975.0,308,G21011100100042,Q1_2018
211110000000.0,East Metro,17,Q1,2018,893.0,975.0,616,G21011100100043,Q1_2018
211110000000.0,East Metro,17,Q1,2018,883.0,975.0,351,G21011100100044,Q1_2018
211110000000.0,East Metro,17,Q1,2018,928.0,975.0,405,G21011100100054,Q1_2018
211110000000.0,East Metro,17,Q1,2018,949.0,975.0,351,G21011100100055,Q1_2018
211110000000.0,East Metro,17,Q1,2018,945.0,975.0,385,G21011100100063,Q1_2018
211110000000.0,East Metro,17,Q1,2018,980.0,975.0,392,G21011100101021,Q1_2018
211110000000.0,East Metro,17,Q1,2018,926.0,975.0,307,G21011100101031,Q1_2018
211110000000.0,East Metro,17,Q1,2018,917.5,975.0,324,G21011100101032,Q1_2018
211110000000.0,East Metro,17,Q1,2018,899.0,975.0,402,G21011100101033,Q1_2018
211110000000.0,East Metro,17,Q1,2018,899.0,975.0,360,G21011100101034,Q1_2018
211110000000.0,East Metro,17,Q1,2018,883.0,975.0,369,G21011100101041,Q1_2018
211110000000.0,East Metro,17,Q1,2018,890.0,975.0,304,G21011100101042,Q1_2018
211110000000.0,East Metro,17,Q1,2018,880.0,975.0,469,G21011100101043,Q1_2018
211110000000.0,East Metro,17,Q1,2018,959.0,975.0,295,G21011100103091,Q1_2018
211110000000.0,East Metro,17,Q1,2018,943.5,975.0,120,G21011100103092,Q1_2018
211110000000.0,East Metro,17,Q1,2018,938.0,975.0,139,G21011100103093,Q1_2018
211110000000.0,Northeast Metro,17,Q1,2018,1376.0,1310.0,310,G21011100103133,Q1_2018
211110000000.0,Northeast Metro,17,Q1,2018,1376.0,1310.0,310,G21011100103134,Q1_2018
211110000000.0,North Floyd's Fork,17,Q1,2018,930.0,1000.0,409,G21011100103191,Q1_2018
211110000000.0,North Floyd's Fork,17,Q1,2018,1343.0,1000.0,337,G21011100103192,Q1_2018
211110000000.0,North Floyd's Fork,17,Q1,2018,938.0,1000.0,399,G21011100103193,Q1_2018
211110000000.0,North Floyd's Fork,17,Q1,2018,896.0,1000.0,212,G21011100103202,Q1_2018
211110000000.0,North Floyd's Fork,17,Q1,2018,886.0,1000.0,146,G21011100103203,Q1_2018
211110000000.0,North Floyd's Fork,17,Q1,2018,1376.0,1000.0,310,G21011100103231,Q1_2018
211110000000.0,North Floyd's Fork,17,Q1,2018,825.0,1000.0,92,G21011100103241,Q1_2018
211110000000.0,East Metro,17,Q1,2018,1032.0,975.0,172,G21011100104072,Q1_2018
211110000000.0,East Core,17,Q1,2018,1010.0,939.0,169,G21011100105002,Q1_2018
211110000000.0,East Core,17,Q1,2018,1008.0,939.0,169,G21011100105003,Q1_2018
211110000000.0,East Core,17,Q1,2018,1005.0,939.0,156,G21011100105004,Q1_2018
211110000000.0,East Core,17,Q1,2018,980.0,939.0,214,G21011100106011,Q1_2018
211110000000.0,East Core,17,Q1,2018,1010.0,939.0,169,G21011100106012,Q1_2018
211110000000.0,East Core,17,Q1,2018,930.0,939.0,155,G21011100106021,Q1_2018
211110000000.0,East Core,17,Q1,2018,912.0,939.0,181,G21011100106022,Q1_2018
211110000000.0,East Core,17,Q1,2018,930.0,939.0,154,G21011100106023,Q1_2018
211110000000.0,East Metro,17,Q1,2018,1119.0,975.0,207,G21011100107011,Q1_2018
211110000000.0,East Metro,17,Q1,2018,1066.5,975.0,272,G21011100107012,Q1_2018
211110000000.0,East Metro,17,Q1,2018,1170.0,975.0,273,G21011100107013,Q1_2018
211110000000.0,East Metro,17,Q1,2018,922.5,975.0,108,G21011100107014,Q1_2018
211110000000.0,East Metro,17,Q1,2018,1209.0,975.0,94,G21011100107015,Q1_2018
211110000000.0,Central Taylorsville,17,Q1,2018,994.5,955.0,372,G21011100107021,Q1_2018
211110000000.0,Central Taylorsville,17,Q1,2018,994.5,955.0,372,G21011100107022,Q1_2018
211110000000.0,Central Taylorsville,17,Q1,2018,980.0,955.0,66,G21011100107023,Q1_2018
211110000000.0,East Metro,17,Q1,2018,1016.0,975.0,174,G21011100107061,Q1_2018
211110000000.0,East Metro,17,Q1,2018,975.0,975.0,93,G21011100107071,Q1_2018
211110000000.0,East Metro,17,Q1,2018,1089.0,975.0,201,G21011100107072,Q1_2018
211110000000.0,East Metro,17,Q1,2018,1050.0,975.0,256,G21011100107081,Q1_2018
211110000000.0,East Metro,17,Q1,2018,1065.0,975.0,261,G21011100107082,Q1_2018
211110000000.0,Central Taylorsville,17,Q1,2018,1012.5,955.0,256,G21011100108003,Q1_2018
211110000000.0,Central Bardstown,17,Q1,2018,899.0,825.0,59,G21011100110035,Q1_2018
211110000000.0,Central Bardstown,17,Q1,2018,796.5,825.0,72,G21011100110053,Q1_2018
211110000000.0,Central Taylorsville,17,Q1,2018,807.0,955.0,34,G21011100110091,Q1_2018
211110000000.0,Central Taylorsville,17,Q1,2018,807.0,955.0,62,G21011100110092,Q1_2018
211110000000.0,Central Taylorsville,17,Q1,2018,795.0,955.0,58,G21011100110093,Q1_2018
211110000000.0,Central Bardstown,17,Q1,2018,835.0,825.0,525,G21011100111103,Q1_2018
211110000000.0,Central Taylorsville,17,Q1,2018,990.0,955.0,285,G21011100111112,Q1_2018
211110000000.0,Central Taylorsville,17,Q1,2018,965.0,955.0,317,G21011100111113,Q1_2018
211110000000.0,Central Taylorsville,17,Q1,2018,990.0,955.0,285,G21011100111121,Q1_2018
211110000000.0,Central Taylorsville,17,Q1,2018,993.0,955.0,368,G21011100111122,Q1_2018
211110000000.0,Central Taylorsville,17,Q1,2018,735.0,955.0,47,G21011100111181,Q1_2018
211110000000.0,Central Taylorsville,17,Q1,2018,735.0,955.0,47,G21011100111182,Q1_2018
211110000000.0,Central Bardstown,17,Q1,2018,659.0,825.0,74,G21011100112021,Q1_2018
211110000000.0,Central Bardstown,17,Q1,2018,836.0,825.0,519,G21011100115064,Q1_2018
211110000000.0,Central Bardstown,17,Q1,2018,835.0,825.0,525,G21011100115092,Q1_2018
211110000000.0,Central Bardstown,17,Q1,2018,835.0,825.0,525,G21011100115093,Q1_2018
211110000000.0,Central Bardstown,17,Q1,2018,830.0,825.0,465,G21011100115153,Q1_2018
211110000000.0,Central Bardstown,17,Q1,2018,829.0,825.0,531,G21011100115154,Q1_2018
211110000000.0,South Floyd's Fork,17,Q1,2018,1031.5,1032.0,156,G21011100116051,Q1_2018
211110000000.0,South Floyd's Fork,17,Q1,2018,1048.5,1032.0,174,G21011100116053,Q1_2018
211110000000.0,McNeely Lake,17,Q1,2018,847.0,850.0,87,G21011100117112,Q1_2018
211110000000.0,South-Central Dixie,17,Q1,2018,1063.0,938.0,112,G21011100121051,Q1_2018
211110000000.0,South-Central Dixie,17,Q1,2018,1054.0,938.0,116,G21011100121053,Q1_2018
211110000000.0,South-Central Dixie,17,Q1,2018,1052.0,938.0,115,G21011100121054,Q1_2018
211110000000.0,South-Central Dixie,17,Q1,2018,1073.0,938.0,113,G21011100121081,Q1_2018
211110000000.0,South-Central Dixie,17,Q1,2018,1073.0,938.0,111,G21011100121091,Q1_2018
211110000000.0,South-Central Dixie,17,Q1,2018,1056.0,938.0,111,G21011100121092,Q1_2018
211110000000.0,South-Central Dixie,17,Q1,2018,726.0,938.0,86,G21011100122031,Q1_2018
211110000000.0,Iroquois Park,17,Q1,2018,730.0,705.0,89,G21011100122043,Q1_2018
211110000000.0,Iroquois Park,17,Q1,2018,725.0,705.0,101,G21011100123021,Q1_2018
211110000000.0,Iroquois Park,17,Q1,2018,729.0,705.0,86,G21011100123022,Q1_2018
211110000000.0,South-Central Dixie,17,Q1,2018,1056.0,938.0,112,G21011100124092,Q1_2018
211110000000.0,South-Central Dixie,17,Q1,2018,1063.0,938.0,112,G21011100124093,Q1_2018
211110000000.0,South-Central Dixie,17,Q1,2018,728.5,938.0,76,G21011100125021,Q1_2018
211110000000.0,West Core,18,Q2,2018,1167.5,745.0,58,G21011100027001,Q2_2018
211110000000.0,Northwest Core,18,Q2,2018,1050.0,1040.0,243,G21011100030001,Q2_2018
211110000000.0,Northwest Core,18,Q2,2018,1060.0,1040.0,293,G21011100030002,Q2_2018
211110000000.0,West Core,18,Q2,2018,760.0,745.0,33,G21011100035011,Q2_2018
211110000000.0,Downtown,18,Q2,2018,1752.5,1140.0,72,G21011100049000,Q2_2018
211110000000.0,Downtown,18,Q2,2018,1130.0,1140.0,516,G21011100049001,Q2_2018
211110000000.0,Downtown,18,Q2,2018,1065.0,1140.0,299,G21011100049002,Q2_2018
211110000000.0,Downtown,18,Q2,2018,1130.0,1140.0,513,G21011100049003,Q2_2018
211110000000.0,Downtown,18,Q2,2018,1057.5,1140.0,298,G21011100050001,Q2_2018
211110000000.0,Downtown,18,Q2,2018,1055.0,1140.0,298,G21011100050002,Q2_2018
211110000000.0,University,18,Q2,2018,1037.5,990.0,248,G21011100051001,Q2_2018
211110000000.0,University,18,Q2,2018,1029.5,990.0,272,G21011100051002,Q2_2018
211110000000.0,University,18,Q2,2018,1032.5,990.0,266,G21011100051003,Q2_2018
211110000000.0,University,18,Q2,2018,762.5,990.0,38,G21011100052001,Q2_2018
211110000000.0,University,18,Q2,2018,760.0,990.0,34,G21011100052002,Q2_2018
211110000000.0,University,18,Q2,2018,1080.0,990.0,83,G21011100052003,Q2_2018
211110000000.0,University,18,Q2,2018,725.0,990.0,48,G21011100053001,Q2_2018
211110000000.0,University,18,Q2,2018,760.0,990.0,48,G21011100053002,Q2_2018
211110000000.0,Downtown,18,Q2,2018,1135.0,1140.0,526,G21011100059011,Q2_2018
211110000000.0,Downtown,18,Q2,2018,1135.0,1140.0,525,G21011100059012,Q2_2018
211110000000.0,Downtown,18,Q2,2018,1319.5,1140.0,342,G21011100059021,Q2_2018
211110000000.0,Downtown,18,Q2,2018,1437.0,1140.0,367,G21011100059022,Q2_2018
211110000000.0,Downtown,18,Q2,2018,1434.5,1140.0,364,G21011100059023,Q2_2018
211110000000.0,Downtown,18,Q2,2018,1100.0,1140.0,413,G21011100062001,Q2_2018
211110000000.0,Downtown,18,Q2,2018,1050.0,1140.0,385,G21011100062002,Q2_2018
211110000000.0,Southeast Core,18,Q2,2018,1033.0,1089.0,45,G21011100063001,Q2_2018
211110000000.0,Southeast Core,18,Q2,2018,976.0,1089.0,48,G21011100063002,Q2_2018
211110000000.0,Southeast Core,18,Q2,2018,1231.5,1089.0,122,G21011100064001,Q2_2018
211110000000.0,Southeast Core,18,Q2,2018,1244.0,1089.0,119,G21011100064002,Q2_2018
211110000000.0,University,18,Q2,2018,1030.0,990.0,263,G21011100065001,Q2_2018
211110000000.0,University,18,Q2,2018,953.0,990.0,43,G21011100065002,Q2_2018
211110000000.0,University,18,Q2,2018,825.0,990.0,45,G21011100065003,Q2_2018
211110000000.0,University,18,Q2,2018,1030.0,990.0,267,G21011100066001,Q2_2018
211110000000.0,University,18,Q2,2018,800.0,990.0,52,G21011100066002,Q2_2018
211110000000.0,Southeast Core,18,Q2,2018,817.0,1089.0,38,G21011100068001,Q2_2018
211110000000.0,Southeast Core,18,Q2,2018,1079.5,1089.0,38,G21011100069001,Q2_2018
211110000000.0,Southeast Core,18,Q2,2018,817.0,1089.0,34,G21011100070002,Q2_2018
211110000000.0,University,18,Q2,2018,760.0,990.0,51,G21011100071022,Q2_2018
211110000000.0,University,18,Q2,2018,782.5,990.0,60,G21011100071023,Q2_2018
211110000000.0,University,18,Q2,2018,760.0,990.0,33,G21011100071024,Q2_2018
211110000000.0,University,18,Q2,2018,780.0,990.0,42,G21011100071025,Q2_2018
211110000000.0,Northeast Core,18,Q2,2018,1144.0,1114.0,158,G21011100074001,Q2_2018
211110000000.0,Northeast Core,18,Q2,2018,965.0,1114.0,73,G21011100074002,Q2_2018
211110000000.0,Northeast Core,18,Q2,2018,916.0,1114.0,72,G21011100076011,Q2_2018
211110000000.0,Northeast Core,18,Q2,2018,923.0,1114.0,63,G21011100076021,Q2_2018
211110000000.0,Northeast Core,18,Q2,2018,923.0,1114.0,64,G21011100076022,Q2_2018
211110000000.0,Northeast Core,18,Q2,2018,908.0,1114.0,39,G21011100076031,Q2_2018
211110000000.0,Northeast Core,18,Q2,2018,908.0,1114.0,37,G21011100076032,Q2_2018
211110000000.0,Northeast Core,18,Q2,2018,908.0,1114.0,40,G21011100076033,Q2_2018
211110000000.0,Northeast Core,18,Q2,2018,916.0,1114.0,47,G21011100079002,Q2_2018
211110000000.0,Northeast Core,18,Q2,2018,1204.0,1114.0,139,G21011100081001,Q2_2018
211110000000.0,Northeast Core,18,Q2,2018,1219.0,1114.0,164,G21011100081002,Q2_2018
211110000000.0,Northeast Core,18,Q2,2018,1326.0,1114.0,324,G21011100081003,Q2_2018
211110000000.0,Southeast Core,18,Q2,2018,1254.5,1089.0,92,G21011100082011,Q2_2018
211110000000.0,Southeast Core,18,Q2,2018,1229.0,1089.0,142,G21011100082021,Q2_2018
211110000000.0,Southeast Core,18,Q2,2018,1204.0,1089.0,103,G21011100082022,Q2_2018
211110000000.0,East Core,18,Q2,2018,903.0,975.0,311,G21011100099001,Q2_2018
211110000000.0,East Core,18,Q2,2018,884.0,975.0,52,G21011100099002,Q2_2018
211110000000.0,East Metro,18,Q2,2018,878.0,1029.0,196,G21011100100041,Q2_2018
211110000000.0,East Metro,18,Q2,2018,878.0,1029.0,191,G21011100100042,Q2_2018
211110000000.0,East Metro,18,Q2,2018,898.0,1029.0,297,G21011100100043,Q2_2018
211110000000.0,East Metro,18,Q2,2018,878.0,1029.0,194,G21011100100044,Q2_2018
211110000000.0,East Metro,18,Q2,2018,952.5,1029.0,148,G21011100100054,Q2_2018
211110000000.0,East Metro,18,Q2,2018,965.0,1029.0,117,G21011100100055,Q2_2018
211110000000.0,East Metro,18,Q2,2018,955.0,1029.0,142,G21011100100063,Q2_2018
211110000000.0,East Metro,18,Q2,2018,1063.0,1029.0,173,G21011100101021,Q2_2018
211110000000.0,East Metro,18,Q2,2018,965.0,1029.0,117,G21011100101031,Q2_2018
211110000000.0,East Metro,18,Q2,2018,955.0,1029.0,121,G21011100101032,Q2_2018
211110000000.0,East Metro,18,Q2,2018,952.5,1029.0,150,G21011100101033,Q2_2018
211110000000.0,East Metro,18,Q2,2018,952.5,1029.0,130,G21011100101034,Q2_2018
211110000000.0,East Metro,18,Q2,2018,903.0,1029.0,313,G21011100101041,Q2_2018
211110000000.0,East Metro,18,Q2,2018,987.5,1029.0,234,G21011100101042,Q2_2018
211110000000.0,East Metro,18,Q2,2018,894.5,1029.0,280,G21011100101043,Q2_2018
211110000000.0,East Metro,18,Q2,2018,1150.5,1029.0,126,G21011100103091,Q2_2018
211110000000.0,East Metro,18,Q2,2018,1053.0,1029.0,37,G21011100103092,Q2_2018
211110000000.0,East Metro,18,Q2,2018,1040.5,1029.0,42,G21011100103093,Q2_2018
211110000000.0,Northeast Metro,18,Q2,2018,1446.0,1323.5,221,G21011100103133,Q2_2018
211110000000.0,Northeast Metro,18,Q2,2018,1446.0,1323.5,221,G21011100103134,Q2_2018
211110000000.0,North Floyd's Fork,18,Q2,2018,1080.0,1171.0,215,G21011100103191,Q2_2018
211110000000.0,North Floyd's Fork,18,Q2,2018,1381.5,1171.0,232,G21011100103192,Q2_2018
211110000000.0,North Floyd's Fork,18,Q2,2018,1078.5,1171.0,214,G21011100103193,Q2_2018
211110000000.0,North Floyd's Fork,18,Q2,2018,878.0,1171.0,71,G21011100103202,Q2_2018
211110000000.0,North Floyd's Fork,18,Q2,2018,944.0,1171.0,97,G21011100103203,Q2_2018
211110000000.0,North Floyd's Fork,18,Q2,2018,1446.0,1171.0,221,G21011100103231,Q2_2018
211110000000.0,North Floyd's Fork,18,Q2,2018,858.5,1171.0,56,G21011100103241,Q2_2018
211110000000.0,East Metro,18,Q2,2018,1185.0,1029.0,183,G21011100104072,Q2_2018
211110000000.0,East Core,18,Q2,2018,1030.0,975.0,199,G21011100105002,Q2_2018
211110000000.0,East Core,18,Q2,2018,1030.0,975.0,199,G21011100105003,Q2_2018
211110000000.0,East Core,18,Q2,2018,1030.0,975.0,189,G21011100105004,Q2_2018
211110000000.0,East Core,18,Q2,2018,1032.5,975.0,302,G21011100106011,Q2_2018
211110000000.0,East Core,18,Q2,2018,1030.0,975.0,199,G21011100106012,Q2_2018
211110000000.0,East Core,18,Q2,2018,1037.5,975.0,266,G21011100106021,Q2_2018
211110000000.0,East Core,18,Q2,2018,1040.0,975.0,257,G21011100106022,Q2_2018
211110000000.0,East Core,18,Q2,2018,1047.5,975.0,252,G21011100106023,Q2_2018
211110000000.0,East Metro,18,Q2,2018,1190.0,1029.0,141,G21011100107011,Q2_2018
211110000000.0,East Metro,18,Q2,2018,1050.0,1029.0,287,G21011100107012,Q2_2018
211110000000.0,East Metro,18,Q2,2018,1199.0,1029.0,260,G21011100107013,Q2_2018
211110000000.0,East Metro,18,Q2,2018,1055.0,1029.0,153,G21011100107014,Q2_2018
211110000000.0,East Metro,18,Q2,2018,1250.0,1029.0,63,G21011100107015,Q2_2018
211110000000.0,Central Taylorsville,18,Q2,2018,1070.5,1050.0,448,G21011100107021,Q2_2018
211110000000.0,Central Taylorsville,18,Q2,2018,1070.5,1050.0,448,G21011100107022,Q2_2018
211110000000.0,Central Taylorsville,18,Q2,2018,1082.5,1050.0,128,G21011100107023,Q2_2018
211110000000.0,East Metro,18,Q2,2018,1062.0,1029.0,94,G21011100107061,Q2_2018
211110000000.0,East Metro,18,Q2,2018,980.0,1029.0,61,G21011100107071,Q2_2018
211110000000.0,East Metro,18,Q2,2018,1119.0,1029.0,129,G21011100107072,Q2_2018
211110000000.0,East Metro,18,Q2,2018,1117.0,1029.0,145,G21011100107081,Q2_2018
211110000000.0,East Metro,18,Q2,2018,1124.0,1029.0,160,G21011100107082,Q2_2018
211110000000.0,Central Taylorsville,18,Q2,2018,1094.0,1050.0,83,G21011100108001,Q2_2018
211110000000.0,Central Taylorsville,18,Q2,2018,1125.0,1050.0,257,G21011100108003,Q2_2018
211110000000.0,Central Bardstown,18,Q2,2018,939.0,837.0,33,G21011100110035,Q2_2018
211110000000.0,Central Bardstown,18,Q2,2018,899.0,837.0,37,G21011100110053,Q2_2018
211110000000.0,Central Bardstown,18,Q2,2018,843.0,837.0,450,G21011100111103,Q2_2018
211110000000.0,Central Taylorsville,18,Q2,2018,1120.0,1050.0,257,G21011100111112,Q2_2018
211110000000.0,Central Taylorsville,18,Q2,2018,1005.0,1050.0,323,G21011100111113,Q2_2018
211110000000.0,Central Taylorsville,18,Q2,2018,1120.0,1050.0,257,G21011100111121,Q2_2018
211110000000.0,Central Taylorsville,18,Q2,2018,1065.0,1050.0,449,G21011100111122,Q2_2018
211110000000.0,Central Bardstown,18,Q2,2018,663.0,837.0,31,G21011100112021,Q2_2018
211110000000.0,Central Bardstown,18,Q2,2018,844.0,837.0,446,G21011100115064,Q2_2018
211110000000.0,Central Bardstown,18,Q2,2018,843.0,837.0,450,G21011100115092,Q2_2018
211110000000.0,Central Bardstown,18,Q2,2018,843.0,837.0,450,G21011100115093,Q2_2018
211110000000.0,Central Bardstown,18,Q2,2018,843.5,837.0,438,G21011100115153,Q2_2018
211110000000.0,Central Bardstown,18,Q2,2018,843.0,837.0,460,G21011100115154,Q2_2018
211110000000.0,South Floyd's Fork,18,Q2,2018,1141.0,1152.0,117,G21011100116051,Q2_2018
211110000000.0,South Floyd's Fork,18,Q2,2018,1166.0,1152.0,146,G21011100116053,Q2_2018
211110000000.0,McNeely Lake,18,Q2,2018,1080.0,1085.0,82,G21011100117112,Q2_2018
211110000000.0,McNeely Lake,18,Q2,2018,1095.0,1085.0,70,G21011100117113,Q2_2018
211110000000.0,McNeely Lake,18,Q2,2018,1095.0,1085.0,73,G21011100117122,Q2_2018
211110000000.0,South-Central Dixie,18,Q2,2018,1049.0,1024.5,253,G21011100121051,Q2_2018
211110000000.0,South-Central Dixie,18,Q2,2018,1049.0,1024.5,253,G21011100121053,Q2_2018
211110000000.0,South-Central Dixie,18,Q2,2018,1049.0,1024.5,253,G21011100121054,Q2_2018
211110000000.0,South-Central Dixie,18,Q2,2018,1050.5,1024.5,254,G21011100121081,Q2_2018
211110000000.0,South-Central Dixie,18,Q2,2018,1050.5,1024.5,254,G21011100121091,Q2_2018
211110000000.0,South-Central Dixie,18,Q2,2018,1049.0,1024.5,254,G21011100121092,Q2_2018
211110000000.0,South-Central Dixie,18,Q2,2018,740.0,1024.5,130,G21011100122031,Q2_2018
211110000000.0,Iroquois Park,18,Q2,2018,734.0,726.0,141,G21011100122043,Q2_2018
211110000000.0,Iroquois Park,18,Q2,2018,734.0,726.0,141,G21011100123021,Q2_2018
211110000000.0,Iroquois Park,18,Q2,2018,734.0,726.0,143,G21011100123022,Q2_2018
211110000000.0,South-Central Dixie,18,Q2,2018,1049.0,1024.5,251,G21011100124092,Q2_2018
211110000000.0,South-Central Dixie,18,Q2,2018,1049.0,1024.5,253,G21011100124093,Q2_2018
211110000000.0,South-Central Dixie,18,Q2,2018,738.0,1024.5,129,G21011100125021,Q2_2018
211110000000.0,Northwest Core,19,Q3,2018,725.0,882.0,57,G21011100023003,Q3_2018
211110000000.0,West Core,19,Q3,2018,905.0,800.0,135,G21011100027001,Q3_2018
211110000000.0,Northwest Core,19,Q3,2018,1250.0,882.0,140,G21011100030001,Q3_2018
211110000000.0,Northwest Core,19,Q3,2018,1000.0,882.0,181,G21011100030002,Q3_2018
211110000000.0,West Core,19,Q3,2018,700.0,800.0,147,G21011100035011,Q3_2018
211110000000.0,West Core,19,Q3,2018,725.0,800.0,108,G21011100035021,Q3_2018
211110000000.0,Southwest Core,19,Q3,2018,850.0,850.0,78,G21011100036001,Q3_2018
211110000000.0,Southwest Core,19,Q3,2018,795.0,850.0,70,G21011100036002,Q3_2018
211110000000.0,Southwest Core,19,Q3,2018,750.0,850.0,76,G21011100036003,Q3_2018
211110000000.0,Southwest Core,19,Q3,2018,830.0,850.0,80,G21011100036004,Q3_2018
211110000000.0,Southwest Core,19,Q3,2018,750.0,850.0,65,G21011100036005,Q3_2018
211110000000.0,University,19,Q3,2018,750.0,849.0,125,G21011100037001,Q3_2018
211110000000.0,University,19,Q3,2018,750.0,849.0,108,G21011100037002,Q3_2018
211110000000.0,Southwest Core,19,Q3,2018,850.0,850.0,92,G21011100038001,Q3_2018
211110000000.0,Southwest Core,19,Q3,2018,900.0,850.0,90,G21011100038002,Q3_2018
211110000000.0,Southwest Core,19,Q3,2018,900.0,850.0,73,G21011100038003,Q3_2018
211110000000.0,Southwest Core,19,Q3,2018,725.0,850.0,60,G21011100039001,Q3_2018
211110000000.0,Southwest Core,19,Q3,2018,899.0,850.0,51,G21011100039002,Q3_2018
211110000000.0,Southwest Core,19,Q3,2018,750.0,850.0,103,G21011100041001,Q3_2018
211110000000.0,Downtown,19,Q3,2018,1437.5,1450.0,162,G21011100049000,Q3_2018
211110000000.0,Downtown,19,Q3,2018,1470.0,1450.0,840,G21011100049001,Q3_2018
211110000000.0,Downtown,19,Q3,2018,1150.0,1450.0,289,G21011100049002,Q3_2018
211110000000.0,Downtown,19,Q3,2018,1510.0,1450.0,793,G21011100049003,Q3_2018
211110000000.0,Downtown,19,Q3,2018,950.0,1450.0,230,G21011100050001,Q3_2018
211110000000.0,Downtown,19,Q3,2018,927.5,1450.0,280,G21011100050002,Q3_2018
211110000000.0,University,19,Q3,2018,885.0,849.0,254,G21011100051001,Q3_2018
211110000000.0,University,19,Q3,2018,885.0,849.0,325,G21011100051002,Q3_2018
211110000000.0,University,19,Q3,2018,875.0,849.0,294,G21011100051003,Q3_2018
211110000000.0,University,19,Q3,2018,785.0,849.0,221,G21011100052001,Q3_2018
211110000000.0,University,19,Q3,2018,700.0,849.0,163,G21011100052002,Q3_2018
211110000000.0,University,19,Q3,2018,850.0,849.0,205,G21011100052003,Q3_2018
211110000000.0,University,19,Q3,2018,705.0,849.0,203,G21011100053001,Q3_2018
211110000000.0,University,19,Q3,2018,747.5,849.0,214,G21011100053002,Q3_2018
211110000000.0,Downtown,19,Q3,2018,1485.0,1450.0,832,G21011100059011,Q3_2018
211110000000.0,Downtown,19,Q3,2018,1470.0,1450.0,845,G21011100059012,Q3_2018
211110000000.0,Downtown,19,Q3,2018,1515.0,1450.0,733,G21011100059021,Q3_2018
211110000000.0,Downtown,19,Q3,2018,1547.5,1450.0,702,G21011100059022,Q3_2018
211110000000.0,Downtown,19,Q3,2018,1485.0,1450.0,699,G21011100059023,Q3_2018
211110000000.0,Downtown,19,Q3,2018,1440.0,1450.0,740,G21011100062001,Q3_2018
211110000000.0,Downtown,19,Q3,2018,970.0,1450.0,336,G21011100062002,Q3_2018
211110000000.0,Southeast Core,19,Q3,2018,950.0,975.0,179,G21011100063001,Q3_2018
211110000000.0,Southeast Core,19,Q3,2018,900.0,975.0,194,G21011100063002,Q3_2018
211110000000.0,Southeast Core,19,Q3,2018,975.0,975.0,176,G21011100064001,Q3_2018
211110000000.0,Southeast Core,19,Q3,2018,999.0,975.0,186,G21011100064002,Q3_2018
211110000000.0,University,19,Q3,2018,917.5,849.0,294,G21011100065001,Q3_2018
211110000000.0,University,19,Q3,2018,863.0,849.0,237,G21011100065002,Q3_2018
211110000000.0,University,19,Q3,2018,825.0,849.0,254,G21011100065003,Q3_2018
211110000000.0,University,19,Q3,2018,849.0,849.0,239,G21011100065004,Q3_2018
211110000000.0,University,19,Q3,2018,897.5,849.0,312,G21011100066001,Q3_2018
211110000000.0,University,19,Q3,2018,792.5,849.0,246,G21011100066002,Q3_2018
211110000000.0,Southeast Core,19,Q3,2018,895.0,975.0,192,G21011100068001,Q3_2018
211110000000.0,Southeast Core,19,Q3,2018,899.5,975.0,174,G21011100068002,Q3_2018
211110000000.0,Southeast Core,19,Q3,2018,875.0,975.0,215,G21011100068003,Q3_2018
211110000000.0,Southeast Core,19,Q3,2018,995.0,975.0,185,G21011100069001,Q3_2018
211110000000.0,Southeast Core,19,Q3,2018,997.5,975.0,154,G21011100069002,Q3_2018
211110000000.0,Southeast Core,19,Q3,2018,925.0,975.0,173,G21011100069003,Q3_2018
211110000000.0,Southeast Core,19,Q3,2018,957.5,975.0,134,G21011100070001,Q3_2018
211110000000.0,Southeast Core,19,Q3,2018,899.0,975.0,136,G21011100070002,Q3_2018
211110000000.0,University,19,Q3,2018,770.0,849.0,91,G21011100071021,Q3_2018
211110000000.0,University,19,Q3,2018,849.0,849.0,203,G21011100071022,Q3_2018
211110000000.0,University,19,Q3,2018,800.0,849.0,286,G21011100071023,Q3_2018
211110000000.0,University,19,Q3,2018,770.0,849.0,163,G21011100071024,Q3_2018
211110000000.0,University,19,Q3,2018,895.0,849.0,161,G21011100071025,Q3_2018
211110000000.0,Northeast Core,19,Q3,2018,980.0,1040.0,341,G21011100074001,Q3_2018
211110000000.0,Northeast Core,19,Q3,2018,1045.0,1040.0,379,G21011100074002,Q3_2018
211110000000.0,Northeast Core,19,Q3,2018,990.0,1040.0,323,G21011100076011,Q3_2018
211110000000.0,Northeast Core,19,Q3,2018,950.0,1040.0,85,G21011100076012,Q3_2018
211110000000.0,Northeast Core,19,Q3,2018,950.0,1040.0,313,G21011100076021,Q3_2018
211110000000.0,Northeast Core,19,Q3,2018,980.0,1040.0,328,G21011100076022,Q3_2018
211110000000.0,Northeast Core,19,Q3,2018,1022.5,1040.0,210,G21011100076031,Q3_2018
211110000000.0,Northeast Core,19,Q3,2018,1030.0,1040.0,203,G21011100076032,Q3_2018
211110000000.0,Northeast Core,19,Q3,2018,1034.0,1040.0,222,G21011100076033,Q3_2018
211110000000.0,Northeast Core,19,Q3,2018,972.5,1040.0,54,G21011100079001,Q3_2018
211110000000.0,Northeast Core,19,Q3,2018,900.0,1040.0,175,G21011100079002,Q3_2018
211110000000.0,Northeast Core,19,Q3,2018,903.0,1040.0,225,G21011100081001,Q3_2018
211110000000.0,Northeast Core,19,Q3,2018,1012.0,1040.0,286,G21011100081002,Q3_2018
211110000000.0,Northeast Core,19,Q3,2018,1515.0,1040.0,627,G21011100081003,Q3_2018
211110000000.0,Southeast Core,19,Q3,2018,995.0,975.0,193,G21011100082011,Q3_2018
211110000000.0,Southeast Core,19,Q3,2018,1025.0,975.0,169,G21011100082012,Q3_2018
211110000000.0,Southeast Core,19,Q3,2018,950.0,975.0,239,G21011100082021,Q3_2018
211110000000.0,Southeast Core,19,Q3,2018,950.0,975.0,228,G21011100082022,Q3_2018
211110000000.0,Southeast Core,19,Q3,2018,995.0,975.0,158,G21011100083001,Q3_2018
211110000000.0,Southeast Core,19,Q3,2018,975.0,975.0,170,G21011100083002,Q3_2018
211110000000.0,Southeast Core,19,Q3,2018,1047.5,975.0,144,G21011100083003,Q3_2018
211110000000.0,Southeast Core,19,Q3,2018,1025.0,975.0,123,G21011100084001,Q3_2018
211110000000.0,Southeast Core,19,Q3,2018,975.0,975.0,165,G21011100084002,Q3_2018
211110000000.0,Southeast Core,19,Q3,2018,1050.0,975.0,141,G21011100084003,Q3_2018
211110000000.0,Southeast Core,19,Q3,2018,995.0,975.0,157,G21011100085001,Q3_2018
211110000000.0,Southeast Core,19,Q3,2018,975.0,975.0,136,G21011100085002,Q3_2018
211110000000.0,East Core,19,Q3,2018,1095.0,1174.0,71,G21011100087004,Q3_2018
211110000000.0,Southeast Core,19,Q3,2018,1025.0,975.0,93,G21011100088001,Q3_2018
211110000000.0,Southeast Core,19,Q3,2018,962.5,975.0,96,G21011100088002,Q3_2018
211110000000.0,Southeast Core,19,Q3,2018,1097.0,975.0,70,G21011100088003,Q3_2018
211110000000.0,Southeast Core,19,Q3,2018,1099.0,975.0,71,G21011100089001,Q3_2018
211110000000.0,Southeast Core,19,Q3,2018,1097.0,975.0,82,G21011100089002,Q3_2018
211110000000.0,Southeast Core,19,Q3,2018,1025.0,975.0,98,G21011100089003,Q3_2018
211110000000.0,Southeast Core,19,Q3,2018,1025.0,975.0,85,G21011100089004,Q3_2018
211110000000.0,Southeast Core,19,Q3,2018,925.0,975.0,63,G21011100093002,Q3_2018
211110000000.0,Southeast Core,19,Q3,2018,850.0,975.0,104,G21011100093003,Q3_2018
211110000000.0,Southeast Core,19,Q3,2018,895.0,975.0,69,G21011100093005,Q3_2018
211110000000.0,Southeast Core,19,Q3,2018,950.0,975.0,68,G21011100096001,Q3_2018
211110000000.0,East Core,19,Q3,2018,1058.0,1174.0,333,G21011100099001,Q3_2018
211110000000.0,East Core,19,Q3,2018,1175.0,1174.0,252,G21011100099002,Q3_2018
211110000000.0,East Core,19,Q3,2018,1174.0,1174.0,241,G21011100099003,Q3_2018
211110000000.0,East Metro,19,Q3,2018,947.0,1091.0,198,G21011100100041,Q3_2018
211110000000.0,East Metro,19,Q3,2018,989.0,1091.0,209,G21011100100042,Q3_2018
211110000000.0,East Metro,19,Q3,2018,973.0,1091.0,215,G21011100100043,Q3_2018
211110000000.0,East Metro,19,Q3,2018,989.0,1091.0,224,G21011100100044,Q3_2018
211110000000.0,East Metro,19,Q3,2018,970.0,1091.0,101,G21011100100054,Q3_2018
211110000000.0,East Metro,19,Q3,2018,1175.0,1091.0,93,G21011100100055,Q3_2018
211110000000.0,East Metro,19,Q3,2018,1295.0,1091.0,71,G21011100100063,Q3_2018
211110000000.0,East Metro,19,Q3,2018,1199.0,1091.0,66,G21011100101021,Q3_2018
211110000000.0,East Metro,19,Q3,2018,995.0,1091.0,69,G21011100101031,Q3_2018
211110000000.0,East Metro,19,Q3,2018,860.0,1091.0,55,G21011100101032,Q3_2018
211110000000.0,East Metro,19,Q3,2018,944.0,1091.0,208,G21011100101033,Q3_2018
211110000000.0,East Metro,19,Q3,2018,895.0,1091.0,192,G21011100101034,Q3_2018
211110000000.0,East Metro,19,Q3,2018,1050.5,1091.0,338,G21011100101041,Q3_2018
211110000000.0,East Metro,19,Q3,2018,1044.0,1091.0,351,G21011100101042,Q3_2018
211110000000.0,East Metro,19,Q3,2018,947.0,1091.0,211,G21011100101043,Q3_2018
211110000000.0,East Metro,19,Q3,2018,1095.5,1091.0,292,G21011100103091,Q3_2018
211110000000.0,East Metro,19,Q3,2018,1100.0,1091.0,219,G21011100103092,Q3_2018
211110000000.0,East Metro,19,Q3,2018,1095.0,1091.0,218,G21011100103093,Q3_2018
211110000000.0,Northeast Metro,19,Q3,2018,1337.0,1330.0,167,G21011100103133,Q3_2018
211110000000.0,Northeast Metro,19,Q3,2018,1330.0,1330.0,164,G21011100103134,Q3_2018
211110000000.0,North Floyd's Fork,19,Q3,2018,1088.0,1142.5,363,G21011100103191,Q3_2018
211110000000.0,North Floyd's Fork,19,Q3,2018,1270.0,1142.5,213,G21011100103192,Q3_2018
211110000000.0,North Floyd's Fork,19,Q3,2018,1098.0,1142.5,329,G21011100103193,Q3_2018
211110000000.0,North Floyd's Fork,19,Q3,2018,1090.0,1142.5,189,G21011100103202,Q3_2018
211110000000.0,North Floyd's Fork,19,Q3,2018,1153.0,1142.5,113,G21011100103203,Q3_2018
211110000000.0,North Floyd's Fork,19,Q3,2018,1489.5,1142.5,178,G21011100103231,Q3_2018
211110000000.0,North Floyd's Fork,19,Q3,2018,1295.0,1142.5,99,G21011100103241,Q3_2018
211110000000.0,East Metro,19,Q3,2018,1240.0,1091.0,83,G21011100104072,Q3_2018
211110000000.0,East Core,19,Q3,2018,1171.0,1174.0,266,G21011100105002,Q3_2018
211110000000.0,East Core,19,Q3,2018,1182.0,1174.0,234,G21011100105003,Q3_2018
211110000000.0,East Core,19,Q3,2018,1170.5,1174.0,262,G21011100105004,Q3_2018
211110000000.0,East Core,19,Q3,2018,1167.0,1174.0,263,G21011100106011,Q3_2018
211110000000.0,East Core,19,Q3,2018,1171.0,1174.0,308,G21011100106012,Q3_2018
211110000000.0,East Core,19,Q3,2018,1167.0,1174.0,441,G21011100106021,Q3_2018
211110000000.0,East Core,19,Q3,2018,1170.5,1174.0,440,G21011100106022,Q3_2018
211110000000.0,East Core,19,Q3,2018,1170.0,1174.0,427,G21011100106023,Q3_2018
211110000000.0,East Metro,19,Q3,2018,1204.5,1091.0,72,G21011100107011,Q3_2018
211110000000.0,East Metro,19,Q3,2018,1085.0,1091.0,110,G21011100107012,Q3_2018
211110000000.0,East Metro,19,Q3,2018,1085.0,1091.0,110,G21011100107013,Q3_2018
211110000000.0,East Metro,19,Q3,2018,1180.0,1091.0,169,G21011100107014,Q3_2018
211110000000.0,East Metro,19,Q3,2018,1475.0,1091.0,34,G21011100107015,Q3_2018
211110000000.0,Central Taylorsville,19,Q3,2018,955.0,985.0,45,G21011100107021,Q3_2018
211110000000.0,Central Taylorsville,19,Q3,2018,962.5,985.0,50,G21011100107022,Q3_2018
211110000000.0,Central Taylorsville,19,Q3,2018,1175.0,985.0,167,G21011100107023,Q3_2018
211110000000.0,East Metro,19,Q3,2018,970.0,1091.0,87,G21011100107061,Q3_2018
211110000000.0,East Metro,19,Q3,2018,1085.0,1091.0,58,G21011100107071,Q3_2018
211110000000.0,East Metro,19,Q3,2018,1089.0,1091.0,117,G21011100107072,Q3_2018
211110000000.0,East Metro,19,Q3,2018,1085.0,1091.0,131,G21011100107081,Q3_2018
211110000000.0,East Metro,19,Q3,2018,1199.0,1091.0,109,G21011100107082,Q3_2018
211110000000.0,Central Taylorsville,19,Q3,2018,930.0,985.0,84,G21011100108001,Q3_2018
211110000000.0,Central Taylorsville,19,Q3,2018,905.0,985.0,48,G21011100108003,Q3_2018
211110000000.0,Central Bardstown,19,Q3,2018,899.0,914.0,71,G21011100110035,Q3_2018
211110000000.0,Central Bardstown,19,Q3,2018,879.0,914.0,55,G21011100110053,Q3_2018
211110000000.0,Central Taylorsville,19,Q3,2018,899.0,985.0,102,G21011100110091,Q3_2018
211110000000.0,Central Taylorsville,19,Q3,2018,899.0,985.0,98,G21011100110092,Q3_2018
211110000000.0,Central Taylorsville,19,Q3,2018,897.0,985.0,104,G21011100110093,Q3_2018
211110000000.0,Central Bardstown,19,Q3,2018,905.0,914.0,490,G21011100111103,Q3_2018
211110000000.0,Central Taylorsville,19,Q3,2018,1050.0,985.0,41,G21011100111112,Q3_2018
211110000000.0,Central Taylorsville,19,Q3,2018,945.0,985.0,53,G21011100111113,Q3_2018
211110000000.0,Central Taylorsville,19,Q3,2018,1050.0,985.0,34,G21011100111121,Q3_2018
211110000000.0,Central Taylorsville,19,Q3,2018,975.0,985.0,54,G21011100111122,Q3_2018
211110000000.0,Central Taylorsville,19,Q3,2018,1110.0,985.0,58,G21011100111181,Q3_2018
211110000000.0,Central Taylorsville,19,Q3,2018,875.0,985.0,49,G21011100111182,Q3_2018
211110000000.0,Central Bardstown,19,Q3,2018,1100.0,914.0,47,G21011100112021,Q3_2018
211110000000.0,Central Bardstown,19,Q3,2018,904.0,914.0,484,G21011100115064,Q3_2018
211110000000.0,Central Bardstown,19,Q3,2018,900.0,914.0,473,G21011100115092,Q3_2018
211110000000.0,Central Bardstown,19,Q3,2018,902.0,914.0,476,G21011100115093,Q3_2018
211110000000.0,Central Bardstown,19,Q3,2018,900.0,914.0,461,G21011100115153,Q3_2018
211110000000.0,Central Bardstown,19,Q3,2018,900.0,914.0,461,G21011100115154,Q3_2018
211110000000.0,South Floyd's Fork,19,Q3,2018,1350.0,1361.0,79,G21011100116051,Q3_2018
211110000000.0,South Floyd's Fork,19,Q3,2018,1255.0,1361.0,74,G21011100116053,Q3_2018
211110000000.0,McNeely Lake,19,Q3,2018,990.0,1030.0,115,G21011100117112,Q3_2018
211110000000.0,McNeely Lake,19,Q3,2018,1005.0,1030.0,123,G21011100117113,Q3_2018
211110000000.0,McNeely Lake,19,Q3,2018,990.0,1030.0,112,G21011100117122,Q3_2018
211110000000.0,South-Central Dixie,19,Q3,2018,1175.0,954.5,31,G21011100121053,Q3_2018
211110000000.0,South-Central Dixie,19,Q3,2018,1150.0,954.5,34,G21011100121054,Q3_2018
211110000000.0,South-Central Dixie,19,Q3,2018,1050.0,954.5,38,G21011100121081,Q3_2018
211110000000.0,South-Central Dixie,19,Q3,2018,800.0,954.5,169,G21011100122031,Q3_2018
211110000000.0,Iroquois Park,19,Q3,2018,796.0,830.0,174,G21011100122043,Q3_2018
211110000000.0,Iroquois Park,19,Q3,2018,796.0,830.0,171,G21011100123021,Q3_2018
211110000000.0,Iroquois Park,19,Q3,2018,808.5,830.0,182,G21011100123022,Q3_2018
211110000000.0,South-Central Dixie,19,Q3,2018,808.0,954.5,181,G21011100125021,Q3_2018
211110000000.0,Southwest Core,19,Q3,2018,899.0,850.0,43,G21011100128021,Q3_2018
211110000000.0,West Core,20,Q4,2018,850.0,795.0,36,G21011100027001,Q4_2018
211110000000.0,Northwest Core,20,Q4,2018,960.0,840.0,34,G21011100030002,Q4_2018
211110000000.0,West Core,20,Q4,2018,850.0,795.0,45,G21011100035011,Q4_2018
211110000000.0,West Core,20,Q4,2018,850.0,795.0,39,G21011100035021,Q4_2018
211110000000.0,University,20,Q4,2018,750.0,850.0,35,G21011100037001,Q4_2018
211110000000.0,Downtown,20,Q4,2018,1350.0,1345.0,41,G21011100049000,Q4_2018
211110000000.0,Downtown,20,Q4,2018,1347.5,1345.0,114,G21011100049001,Q4_2018
211110000000.0,Downtown,20,Q4,2018,1200.0,1345.0,71,G21011100049002,Q4_2018
211110000000.0,Downtown,20,Q4,2018,1407.0,1345.0,97,G21011100049003,Q4_2018
211110000000.0,Downtown,20,Q4,2018,899.5,1345.0,56,G21011100050001,Q4_2018
211110000000.0,Downtown,20,Q4,2018,869.0,1345.0,68,G21011100050002,Q4_2018
211110000000.0,University,20,Q4,2018,899.0,850.0,69,G21011100051001,Q4_2018
211110000000.0,University,20,Q4,2018,899.0,850.0,86,G21011100051002,Q4_2018
211110000000.0,University,20,Q4,2018,887.0,850.0,78,G21011100051003,Q4_2018
211110000000.0,University,20,Q4,2018,849.5,850.0,60,G21011100052001,Q4_2018
211110000000.0,University,20,Q4,2018,825.0,850.0,51,G21011100052002,Q4_2018
211110000000.0,University,20,Q4,2018,899.0,850.0,63,G21011100052003,Q4_2018
211110000000.0,University,20,Q4,2018,740.0,850.0,59,G21011100053001,Q4_2018
211110000000.0,University,20,Q4,2018,850.0,850.0,62,G21011100053002,Q4_2018
211110000000.0,Downtown,20,Q4,2018,1395.0,1345.0,109,G21011100059011,Q4_2018
211110000000.0,Downtown,20,Q4,2018,1395.0,1345.0,105,G21011100059012,Q4_2018
211110000000.0,Downtown,20,Q4,2018,1580.0,1345.0,87,G21011100059021,Q4_2018
211110000000.0,Downtown,20,Q4,2018,1566.5,1345.0,92,G21011100059022,Q4_2018
211110000000.0,Downtown,20,Q4,2018,1561.5,1345.0,86,G21011100059023,Q4_2018
211110000000.0,Downtown,20,Q4,2018,1300.0,1345.0,74,G21011100062001,Q4_2018
211110000000.0,Downtown,20,Q4,2018,881.0,1345.0,72,G21011100062002,Q4_2018
211110000000.0,Southeast Core,20,Q4,2018,875.0,1075.0,32,G21011100063001,Q4_2018
211110000000.0,Southeast Core,20,Q4,2018,850.0,1075.0,37,G21011100063002,Q4_2018
211110000000.0,Southeast Core,20,Q4,2018,1250.0,1075.0,51,G21011100064001,Q4_2018
211110000000.0,Southeast Core,20,Q4,2018,1212.5,1075.0,54,G21011100064002,Q4_2018
211110000000.0,University,20,Q4,2018,912.0,850.0,74,G21011100065001,Q4_2018
211110000000.0,University,20,Q4,2018,797.5,850.0,44,G21011100065002,Q4_2018
211110000000.0,University,20,Q4,2018,850.0,850.0,64,G21011100065003,Q4_2018
211110000000.0,University,20,Q4,2018,850.0,850.0,61,G21011100065004,Q4_2018
211110000000.0,University,20,Q4,2018,912.0,850.0,80,G21011100066001,Q4_2018
211110000000.0,University,20,Q4,2018,850.0,850.0,65,G21011100066002,Q4_2018
211110000000.0,Southeast Core,20,Q4,2018,872.5,1075.0,42,G21011100068001,Q4_2018
211110000000.0,Southeast Core,20,Q4,2018,895.0,1075.0,33,G21011100068002,Q4_2018
211110000000.0,Southeast Core,20,Q4,2018,850.0,1075.0,45,G21011100068003,Q4_2018
211110000000.0,Southeast Core,20,Q4,2018,975.0,1075.0,35,G21011100069001,Q4_2018
211110000000.0,Southeast Core,20,Q4,2018,922.5,1075.0,32,G21011100069003,Q4_2018
211110000000.0,Southeast Core,20,Q4,2018,950.0,1075.0,33,G21011100070002,Q4_2018
211110000000.0,University,20,Q4,2018,895.0,850.0,53,G21011100071022,Q4_2018
211110000000.0,University,20,Q4,2018,850.0,850.0,75,G21011100071023,Q4_2018
211110000000.0,University,20,Q4,2018,797.5,850.0,40,G21011100071024,Q4_2018
211110000000.0,University,20,Q4,2018,895.0,850.0,39,G21011100071025,Q4_2018
211110000000.0,Northeast Core,20,Q4,2018,974.5,950.0,78,G21011100074001,Q4_2018
211110000000.0,Northeast Core,20,Q4,2018,965.0,950.0,52,G21011100074002,Q4_2018
211110000000.0,Northeast Core,20,Q4,2018,900.0,950.0,59,G21011100076011,Q4_2018
211110000000.0,Northeast Core,20,Q4,2018,899.0,950.0,55,G21011100076021,Q4_2018
211110000000.0,Northeast Core,20,Q4,2018,899.5,950.0,60,G21011100076022,Q4_2018
211110000000.0,Northeast Core,20,Q4,2018,900.0,950.0,39,G21011100076031,Q4_2018
211110000000.0,Northeast Core,20,Q4,2018,925.0,950.0,35,G21011100076032,Q4_2018
211110000000.0,Northeast Core,20,Q4,2018,912.5,950.0,42,G21011100076033,Q4_2018
211110000000.0,Northeast Core,20,Q4,2018,875.5,950.0,40,G21011100079002,Q4_2018
211110000000.0,Northeast Core,20,Q4,2018,950.0,950.0,70,G21011100081001,Q4_2018
211110000000.0,Northeast Core,20,Q4,2018,1134.0,950.0,61,G21011100081002,Q4_2018
211110000000.0,Northeast Core,20,Q4,2018,1549.5,950.0,74,G21011100081003,Q4_2018
211110000000.0,Southeast Core,20,Q4,2018,999.0,1075.0,45,G21011100082011,Q4_2018
211110000000.0,Southeast Core,20,Q4,2018,1007.0,1075.0,44,G21011100082012,Q4_2018
211110000000.0,Southeast Core,20,Q4,2018,1020.0,1075.0,66,G21011100082021,Q4_2018
211110000000.0,Southeast Core,20,Q4,2018,950.0,1075.0,52,G21011100082022,Q4_2018
211110000000.0,Southeast Core,20,Q4,2018,1025.0,1075.0,39,G21011100083001,Q4_2018
211110000000.0,Southeast Core,20,Q4,2018,1100.0,1075.0,37,G21011100083002,Q4_2018
211110000000.0,Southeast Core,20,Q4,2018,1124.5,1075.0,34,G21011100083003,Q4_2018
211110000000.0,Southeast Core,20,Q4,2018,1012.0,1075.0,40,G21011100084002,Q4_2018
211110000000.0,Southeast Core,20,Q4,2018,1060.0,1075.0,36,G21011100084003,Q4_2018
211110000000.0,Southeast Core,20,Q4,2018,1025.0,1075.0,39,G21011100085001,Q4_2018
211110000000.0,East Core,20,Q4,2018,976.0,1025.0,52,G21011100099001,Q4_2018
211110000000.0,East Metro,20,Q4,2018,945.0,1148.0,33,G21011100100042,Q4_2018
211110000000.0,East Metro,20,Q4,2018,880.0,1148.0,31,G21011100100043,Q4_2018
211110000000.0,East Metro,20,Q4,2018,957.5,1148.0,38,G21011100100044,Q4_2018
211110000000.0,East Metro,20,Q4,2018,880.0,1148.0,31,G21011100101033,Q4_2018
211110000000.0,East Metro,20,Q4,2018,983.5,1148.0,48,G21011100101041,Q4_2018
211110000000.0,East Metro,20,Q4,2018,974.0,1148.0,51,G21011100101042,Q4_2018
211110000000.0,East Metro,20,Q4,2018,926.0,1148.0,35,G21011100101043,Q4_2018
211110000000.0,East Metro,20,Q4,2018,1100.0,1148.0,33,G21011100103091,Q4_2018
211110000000.0,East Metro,20,Q4,2018,1100.0,1148.0,47,G21011100103092,Q4_2018
211110000000.0,East Metro,20,Q4,2018,1104.0,1148.0,47,G21011100103093,Q4_2018
211110000000.0,North Floyd's Fork,20,Q4,2018,1098.0,1249.0,51,G21011100103191,Q4_2018
211110000000.0,North Floyd's Fork,20,Q4,2018,1249.0,1249.0,39,G21011100103192,Q4_2018
211110000000.0,North Floyd's Fork,20,Q4,2018,1102.0,1249.0,44,G21011100103193,Q4_2018
211110000000.0,East Metro,20,Q4,2018,1150.0,1148.0,31,G21011100104072,Q4_2018
211110000000.0,East Core,20,Q4,2018,995.0,1025.0,37,G21011100106012,Q4_2018
211110000000.0,East Core,20,Q4,2018,999.0,1025.0,56,G21011100106021,Q4_2018
211110000000.0,East Core,20,Q4,2018,1014.0,1025.0,56,G21011100106022,Q4_2018
211110000000.0,East Core,20,Q4,2018,995.0,1025.0,51,G21011100106023,Q4_2018
211110000000.0,East Metro,20,Q4,2018,1099.0,1148.0,33,G21011100107012,Q4_2018
211110000000.0,East Metro,20,Q4,2018,1099.0,1148.0,33,G21011100107013,Q4_2018
211110000000.0,East Metro,20,Q4,2018,1199.0,1148.0,35,G21011100107072,Q4_2018
211110000000.0,East Metro,20,Q4,2018,1199.0,1148.0,33,G21011100107081,Q4_2018
211110000000.0,East Metro,20,Q4,2018,1200.0,1148.0,31,G21011100107082,Q4_2018
211110000000.0,Central Bardstown,20,Q4,2018,915.0,946.0,41,G21011100111103,Q4_2018
211110000000.0,Central Bardstown,20,Q4,2018,915.0,946.0,41,G21011100115064,Q4_2018
211110000000.0,Central Bardstown,20,Q4,2018,904.5,946.0,38,G21011100115092,Q4_2018
211110000000.0,Central Bardstown,20,Q4,2018,914.0,946.0,40,G21011100115093,Q4_2018
211110000000.0,Central Bardstown,20,Q4,2018,904.5,946.0,38,G21011100115153,Q4_2018
211110000000.0,Central Bardstown,20,Q4,2018,904.5,946.0,38,G21011100115154,Q4_2018
211110000000.0,Northwest Core,21,Q2,2019,1213.5,849.5,38,G21011100023003,Q2_2019
211110000000.0,West Core,21,Q2,2019,995.0,800.0,47,G21011100027001,Q2_2019
211110000000.0,Northwest Core,22,Q2,2019,1398.5,849.5,48,G21011100030001,Q2_2019
211110000000.0,Northwest Core,22,Q2,2019,1213.5,849.5,68,G21011100030002,Q2_2019
211110000000.0,West Core,22,Q2,2019,749.0,800.0,85,G21011100035011,Q2_2019
211110000000.0,West Core,22,Q2,2019,795.0,800.0,66,G21011100035021,Q2_2019
211110000000.0,Southwest Core,22,Q2,2019,795.0,717.0,31,G21011100036001,Q2_2019
211110000000.0,University,22,Q2,2019,795.0,795.0,46,G21011100037001,Q2_2019
211110000000.0,University,22,Q2,2019,749.5,795.0,46,G21011100037002,Q2_2019
211110000000.0,Southwest Core,22,Q2,2019,795.0,717.0,40,G21011100038001,Q2_2019
211110000000.0,Southwest Core,22,Q2,2019,677.0,717.0,32,G21011100038003,Q2_2019
211110000000.0,Southwest Core,22,Q2,2019,679.0,717.0,33,G21011100039001,Q2_2019
211110000000.0,Southwest Core,21,Q2,2019,757.5,717.0,38,G21011100041001,Q2_2019
211110000000.0,Downtown,22,Q2,2019,1538.0,1095.0,35,G21011100049000,Q2_2019
211110000000.0,Downtown,22,Q2,2019,1175.0,1095.0,107,G21011100049001,Q2_2019
211110000000.0,Downtown,22,Q2,2019,1200.0,1095.0,96,G21011100049002,Q2_2019
211110000000.0,Downtown,22,Q2,2019,1399.0,1095.0,75,G21011100049003,Q2_2019
211110000000.0,Downtown,22,Q2,2019,900.0,1095.0,91,G21011100050001,Q2_2019
211110000000.0,Downtown,22,Q2,2019,863.0,1095.0,111,G21011100050002,Q2_2019
211110000000.0,University,22,Q2,2019,850.0,795.0,132,G21011100051001,Q2_2019
211110000000.0,University,22,Q2,2019,850.0,795.0,141,G21011100051002,Q2_2019
211110000000.0,University,22,Q2,2019,850.0,795.0,139,G21011100051003,Q2_2019
211110000000.0,University,22,Q2,2019,750.0,795.0,113,G21011100052001,Q2_2019
211110000000.0,University,22,Q2,2019,750.0,795.0,109,G21011100052002,Q2_2019
211110000000.0,University,22,Q2,2019,835.0,795.0,128,G21011100052003,Q2_2019
211110000000.0,University,22,Q2,2019,749.5,795.0,106,G21011100053001,Q2_2019
211110000000.0,University,22,Q2,2019,750.0,795.0,102,G21011100053002,Q2_2019
211110000000.0,Downtown,22,Q2,2019,1287.5,1095.0,100,G21011100059011,Q2_2019
211110000000.0,Downtown,22,Q2,2019,1200.0,1095.0,73,G21011100059012,Q2_2019
211110000000.0,Downtown,22,Q2,2019,1285.0,1095.0,63,G21011100059021,Q2_2019
211110000000.0,Downtown,22,Q2,2019,1450.0,1095.0,50,G21011100059022,Q2_2019
211110000000.0,Downtown,22,Q2,2019,1012.5,1095.0,54,G21011100059023,Q2_2019
211110000000.0,Downtown,22,Q2,2019,910.0,1095.0,78,G21011100062001,Q2_2019
211110000000.0,Downtown,22,Q2,2019,910.0,1095.0,106,G21011100062002,Q2_2019
211110000000.0,Southeast Core,22,Q2,2019,925.0,1050.0,54,G21011100063001,Q2_2019
211110000000.0,Southeast Core,22,Q2,2019,920.0,1050.0,72,G21011100063002,Q2_2019
211110000000.0,Southeast Core,22,Q2,2019,995.0,1050.0,73,G21011100064001,Q2_2019
211110000000.0,Southeast Core,22,Q2,2019,1062.0,1050.0,96,G21011100064002,Q2_2019
211110000000.0,University,22,Q2,2019,861.5,795.0,124,G21011100065001,Q2_2019
211110000000.0,University,22,Q2,2019,853.0,795.0,80,G21011100065002,Q2_2019
211110000000.0,University,22,Q2,2019,750.0,795.0,122,G21011100065003,Q2_2019
211110000000.0,University,22,Q2,2019,750.0,795.0,102,G21011100065004,Q2_2019
211110000000.0,University,22,Q2,2019,850.0,795.0,144,G21011100066001,Q2_2019
211110000000.0,University,22,Q2,2019,750.0,795.0,122,G21011100066002,Q2_2019
211110000000.0,Southeast Core,22,Q2,2019,850.0,1050.0,55,G21011100068001,Q2_2019
211110000000.0,Southeast Core,22,Q2,2019,912.5,1050.0,54,G21011100068002,Q2_2019
211110000000.0,Southeast Core,22,Q2,2019,879.0,1050.0,72,G21011100068003,Q2_2019
211110000000.0,Southeast Core,22,Q2,2019,950.0,1050.0,60,G21011100069001,Q2_2019
211110000000.0,Southeast Core,22,Q2,2019,950.0,1050.0,60,G21011100069002,Q2_2019
211110000000.0,Southeast Core,22,Q2,2019,910.0,1050.0,58,G21011100069003,Q2_2019
211110000000.0,Southeast Core,22,Q2,2019,1097.5,1050.0,32,G21011100070001,Q2_2019
211110000000.0,Southeast Core,21,Q2,2019,1050.0,1050.0,38,G21011100070002,Q2_2019
211110000000.0,University,21,Q2,2019,850.0,795.0,37,G21011100071021,Q2_2019
211110000000.0,University,22,Q2,2019,790.0,795.0,70,G21011100071022,Q2_2019
211110000000.0,University,22,Q2,2019,785.0,795.0,121,G21011100071023,Q2_2019
211110000000.0,University,22,Q2,2019,805.0,795.0,63,G21011100071024,Q2_2019
211110000000.0,University,22,Q2,2019,785.0,795.0,55,G21011100071025,Q2_2019
211110000000.0,Northeast Core,22,Q2,2019,1067.0,1030.0,88,G21011100074001,Q2_2019
211110000000.0,Northeast Core,22,Q2,2019,1125.0,1030.0,87,G21011100074002,Q2_2019
211110000000.0,Northeast Core,22,Q2,2019,1000.0,1030.0,73,G21011100076011,Q2_2019
211110000000.0,Northeast Core,22,Q2,2019,1009.5,1030.0,68,G21011100076021,Q2_2019
211110000000.0,Northeast Core,22,Q2,2019,1000.0,1030.0,74,G21011100076022,Q2_2019
211110000000.0,Northeast Core,21,Q2,2019,939.5,1030.0,34,G21011100076031,Q2_2019
211110000000.0,Northeast Core,22,Q2,2019,940.0,1030.0,41,G21011100076033,Q2_2019
211110000000.0,Northeast Core,22,Q2,2019,1000.0,1030.0,59,G21011100079002,Q2_2019
211110000000.0,Northeast Core,22,Q2,2019,1099.0,1030.0,89,G21011100081001,Q2_2019
211110000000.0,Northeast Core,22,Q2,2019,1165.0,1030.0,99,G21011100081002,Q2_2019
211110000000.0,Northeast Core,22,Q2,2019,950.0,1030.0,67,G21011100081003,Q2_2019
211110000000.0,Southeast Core,22,Q2,2019,1000.0,1050.0,105,G21011100082011,Q2_2019
211110000000.0,Southeast Core,21,Q2,2019,1000.0,1050.0,106,G21011100082012,Q2_2019
211110000000.0,Southeast Core,22,Q2,2019,1082.0,1050.0,120,G21011100082021,Q2_2019
211110000000.0,Southeast Core,21,Q2,2019,1100.0,1050.0,115,G21011100082022,Q2_2019
211110000000.0,Southeast Core,22,Q2,2019,999.0,1050.0,102,G21011100083001,Q2_2019
211110000000.0,Southeast Core,22,Q2,2019,995.0,1050.0,92,G21011100083002,Q2_2019
211110000000.0,Southeast Core,22,Q2,2019,999.0,1050.0,84,G21011100083003,Q2_2019
211110000000.0,Southeast Core,21,Q2,2019,1200.0,1050.0,73,G21011100084001,Q2_2019
211110000000.0,Southeast Core,21,Q2,2019,1100.0,1050.0,96,G21011100084002,Q2_2019
211110000000.0,Southeast Core,21,Q2,2019,1099.0,1050.0,93,G21011100084003,Q2_2019
211110000000.0,Southeast Core,21,Q2,2019,1100.0,1050.0,93,G21011100085001,Q2_2019
211110000000.0,Southeast Core,21,Q2,2019,1195.0,1050.0,78,G21011100085002,Q2_2019
211110000000.0,East Core,21,Q2,2019,1225.0,1175.0,48,G21011100087004,Q2_2019
211110000000.0,Southeast Core,21,Q2,2019,1200.0,1050.0,48,G21011100088001,Q2_2019
211110000000.0,Southeast Core,21,Q2,2019,1199.5,1050.0,66,G21011100088002,Q2_2019
211110000000.0,Southeast Core,21,Q2,2019,1237.0,1050.0,32,G21011100088003,Q2_2019
211110000000.0,Southeast Core,21,Q2,2019,1224.5,1050.0,36,G21011100089001,Q2_2019
211110000000.0,Southeast Core,21,Q2,2019,1285.0,1050.0,40,G21011100089002,Q2_2019
211110000000.0,Southeast Core,21,Q2,2019,1199.0,1050.0,65,G21011100089003,Q2_2019
211110000000.0,Southeast Core,21,Q2,2019,1100.0,1050.0,47,G21011100089004,Q2_2019
211110000000.0,Southeast Core,21,Q2,2019,1050.0,1050.0,39,G21011100093003,Q2_2019
211110000000.0,East Metro,21,Q2,2019,1100.0,1150.0,33,G21011100100044,Q2_2019
211110000000.0,East Metro,21,Q2,2019,1012.5,1150.0,32,G21011100101041,Q2_2019
211110000000.0,East Metro,21,Q2,2019,990.0,1150.0,34,G21011100101042,Q2_2019
211110000000.0,Northeast Metro,21,Q2,2019,1450.0,1459.0,55,G21011100103133,Q2_2019
211110000000.0,Northeast Metro,21,Q2,2019,1454.5,1459.0,56,G21011100103134,Q2_2019
211110000000.0,North Floyd's Fork,21,Q2,2019,1192.0,1210.0,50,G21011100103191,Q2_2019
211110000000.0,North Floyd's Fork,21,Q2,2019,1451.0,1210.0,54,G21011100103192,Q2_2019
211110000000.0,North Floyd's Fork,21,Q2,2019,1215.0,1210.0,36,G21011100103193,Q2_2019
211110000000.0,North Floyd's Fork,21,Q2,2019,1105.0,1210.0,47,G21011100103203,Q2_2019
211110000000.0,North Floyd's Fork,21,Q2,2019,1459.0,1210.0,60,G21011100103231,Q2_2019
211110000000.0,East Metro,21,Q2,2019,1230.0,1150.0,31,G21011100104072,Q2_2019
211110000000.0,East Core,22,Q2,2019,992.0,1175.0,31,G21011100105002,Q2_2019
211110000000.0,East Core,21,Q2,2019,1195.0,1175.0,41,G21011100105004,Q2_2019
211110000000.0,East Core,21,Q2,2019,1167.5,1175.0,46,G21011100106011,Q2_2019
211110000000.0,East Core,22,Q2,2019,1130.5,1175.0,60,G21011100106012,Q2_2019
211110000000.0,East Core,21,Q2,2019,1175.0,1175.0,63,G21011100106021,Q2_2019
211110000000.0,East Core,21,Q2,2019,1175.0,1175.0,53,G21011100106022,Q2_2019
211110000000.0,East Core,21,Q2,2019,1167.5,1175.0,50,G21011100106023,Q2_2019
211110000000.0,East Metro,21,Q2,2019,1210.0,1150.0,38,G21011100107011,Q2_2019
211110000000.0,East Metro,21,Q2,2019,1085.0,1150.0,39,G21011100107012,Q2_2019
211110000000.0,East Metro,21,Q2,2019,1085.0,1150.0,41,G21011100107013,Q2_2019
211110000000.0,East Metro,21,Q2,2019,1085.0,1150.0,41,G21011100107072,Q2_2019
211110000000.0,East Metro,21,Q2,2019,1085.0,1150.0,45,G21011100107081,Q2_2019
211110000000.0,East Metro,21,Q2,2019,1210.0,1150.0,41,G21011100107082,Q2_2019
211110000000.0,Central Taylorsville,21,Q2,2019,1175.0,925.0,37,G21011100108001,Q2_2019
211110000000.0,South Floyd's Fork,21,Q2,2019,1240.0,1250.0,37,G21011100116053,Q2_2019
211110000000.0,Northwest Core,22,Q3,2019,1378.0,820.0,89,G21011100023003,Q3_2019
211110000000.0,West Core,22,Q3,2019,1000.0,775.0,91,G21011100027001,Q3_2019
211110000000.0,Northwest Core,23,Q3,2019,1320.5,820.0,126,G21011100030001,Q3_2019
211110000000.0,Northwest Core,23,Q3,2019,1200.0,820.0,181,G21011100030002,Q3_2019
211110000000.0,West Core,23,Q3,2019,775.0,775.0,154,G21011100035011,Q3_2019
211110000000.0,West Core,23,Q3,2019,800.0,775.0,114,G21011100035021,Q3_2019
211110000000.0,Southwest Core,23,Q3,2019,795.0,749.0,69,G21011100036001,Q3_2019
211110000000.0,Southwest Core,22,Q3,2019,759.5,749.0,60,G21011100036002,Q3_2019
211110000000.0,Southwest Core,22,Q3,2019,782.0,749.0,54,G21011100036003,Q3_2019
211110000000.0,Southwest Core,23,Q3,2019,795.0,749.0,59,G21011100036004,Q3_2019
211110000000.0,Southwest Core,23,Q3,2019,795.0,749.0,49,G21011100036005,Q3_2019
211110000000.0,University,23,Q3,2019,795.0,840.0,100,G21011100037001,Q3_2019
211110000000.0,University,23,Q3,2019,769.0,840.0,93,G21011100037002,Q3_2019
211110000000.0,Southwest Core,23,Q3,2019,795.0,749.0,75,G21011100038001,Q3_2019
211110000000.0,Southwest Core,23,Q3,2019,737.5,749.0,64,G21011100038002,Q3_2019
211110000000.0,Southwest Core,23,Q3,2019,690.0,749.0,60,G21011100038003,Q3_2019
211110000000.0,Southwest Core,23,Q3,2019,695.0,749.0,55,G21011100039001,Q3_2019
211110000000.0,Southwest Core,23,Q3,2019,645.0,749.0,42,G21011100039002,Q3_2019
211110000000.0,Southwest Core,22,Q3,2019,775.0,749.0,75,G21011100041001,Q3_2019
211110000000.0,Downtown,23,Q3,2019,1500.0,1165.0,83,G21011100049000,Q3_2019
211110000000.0,Downtown,23,Q3,2019,1245.0,1165.0,281,G21011100049001,Q3_2019
211110000000.0,Downtown,23,Q3,2019,1207.0,1165.0,217,G21011100049002,Q3_2019
211110000000.0,Downtown,23,Q3,2019,1310.0,1165.0,231,G21011100049003,Q3_2019
211110000000.0,Downtown,23,Q3,2019,982.5,1165.0,170,G21011100050001,Q3_2019
211110000000.0,Downtown,23,Q3,2019,905.0,1165.0,213,G21011100050002,Q3_2019
211110000000.0,University,23,Q3,2019,900.0,840.0,256,G21011100051001,Q3_2019
211110000000.0,University,23,Q3,2019,887.5,840.0,270,G21011100051002,Q3_2019
211110000000.0,University,23,Q3,2019,895.0,840.0,268,G21011100051003,Q3_2019
211110000000.0,University,23,Q3,2019,750.0,840.0,199,G21011100052001,Q3_2019
211110000000.0,University,23,Q3,2019,750.0,840.0,183,G21011100052002,Q3_2019
211110000000.0,University,23,Q3,2019,850.0,840.0,234,G21011100052003,Q3_2019
211110000000.0,University,23,Q3,2019,795.0,840.0,202,G21011100053001,Q3_2019
211110000000.0,University,23,Q3,2019,800.0,840.0,202,G21011100053002,Q3_2019
211110000000.0,Downtown,23,Q3,2019,1275.0,1165.0,264,G21011100059011,Q3_2019
211110000000.0,Downtown,23,Q3,2019,1117.5,1165.0,230,G21011100059012,Q3_2019
211110000000.0,Downtown,23,Q3,2019,1255.0,1165.0,244,G21011100059021,Q3_2019
211110000000.0,Downtown,23,Q3,2019,1264.0,1165.0,181,G21011100059022,Q3_2019
211110000000.0,Downtown,23,Q3,2019,1200.0,1165.0,195,G21011100059023,Q3_2019
211110000000.0,Downtown,23,Q3,2019,1021.5,1165.0,226,G21011100062001,Q3_2019
211110000000.0,Downtown,23,Q3,2019,965.0,1165.0,209,G21011100062002,Q3_2019
211110000000.0,Southeast Core,23,Q3,2019,900.0,995.0,153,G21011100063001,Q3_2019
211110000000.0,Southeast Core,23,Q3,2019,900.0,995.0,161,G21011100063002,Q3_2019
211110000000.0,Southeast Core,23,Q3,2019,1069.0,995.0,207,G21011100064001,Q3_2019
211110000000.0,Southeast Core,23,Q3,2019,1066.5,995.0,232,G21011100064002,Q3_2019
211110000000.0,University,23,Q3,2019,900.0,840.0,261,G21011100065001,Q3_2019
211110000000.0,University,23,Q3,2019,850.0,840.0,153,G21011100065002,Q3_2019
211110000000.0,University,23,Q3,2019,799.5,840.0,216,G21011100065003,Q3_2019
211110000000.0,University,23,Q3,2019,800.0,840.0,188,G21011100065004,Q3_2019
211110000000.0,University,23,Q3,2019,900.0,840.0,283,G21011100066001,Q3_2019
211110000000.0,University,23,Q3,2019,785.0,840.0,218,G21011100066002,Q3_2019
211110000000.0,Southeast Core,23,Q3,2019,854.0,995.0,128,G21011100068001,Q3_2019
211110000000.0,Southeast Core,23,Q3,2019,856.0,995.0,107,G21011100068002,Q3_2019
211110000000.0,Southeast Core,23,Q3,2019,850.0,995.0,138,G21011100068003,Q3_2019
211110000000.0,Southeast Core,23,Q3,2019,912.5,995.0,152,G21011100069001,Q3_2019
211110000000.0,Southeast Core,23,Q3,2019,900.0,995.0,113,G21011100069002,Q3_2019
211110000000.0,Southeast Core,23,Q3,2019,875.0,995.0,115,G21011100069003,Q3_2019
211110000000.0,Southeast Core,23,Q3,2019,899.0,995.0,82,G21011100070001,Q3_2019
211110000000.0,Southeast Core,22,Q3,2019,875.0,995.0,85,G21011100070002,Q3_2019
211110000000.0,University,22,Q3,2019,825.0,840.0,71,G21011100071021,Q3_2019
211110000000.0,University,23,Q3,2019,805.0,840.0,158,G21011100071022,Q3_2019
211110000000.0,University,23,Q3,2019,825.0,840.0,233,G21011100071023,Q3_2019
211110000000.0,University,23,Q3,2019,815.0,840.0,148,G21011100071024,Q3_2019
211110000000.0,University,23,Q3,2019,785.0,840.0,135,G21011100071025,Q3_2019
211110000000.0,Northeast Core,23,Q3,2019,1070.0,1049.0,216,G21011100074001,Q3_2019
211110000000.0,Northeast Core,23,Q3,2019,1095.0,1049.0,222,G21011100074002,Q3_2019
211110000000.0,Northeast Core,23,Q3,2019,1000.0,1049.0,161,G21011100076011,Q3_2019
211110000000.0,Northeast Core,23,Q3,2019,850.0,1049.0,67,G21011100076012,Q3_2019
211110000000.0,Northeast Core,23,Q3,2019,996.5,1049.0,158,G21011100076021,Q3_2019
211110000000.0,Northeast Core,23,Q3,2019,996.5,1049.0,158,G21011100076022,Q3_2019
211110000000.0,Northeast Core,22,Q3,2019,919.0,1049.0,81,G21011100076031,Q3_2019
211110000000.0,Northeast Core,23,Q3,2019,899.0,1049.0,76,G21011100076032,Q3_2019
211110000000.0,Northeast Core,23,Q3,2019,919.0,1049.0,91,G21011100076033,Q3_2019
211110000000.0,Northeast Core,23,Q3,2019,849.5,1049.0,40,G21011100079001,Q3_2019
211110000000.0,Northeast Core,23,Q3,2019,1000.0,1049.0,126,G21011100079002,Q3_2019
211110000000.0,Northeast Core,23,Q3,2019,1099.0,1049.0,231,G21011100081001,Q3_2019
211110000000.0,Northeast Core,23,Q3,2019,1184.0,1049.0,289,G21011100081002,Q3_2019
211110000000.0,Northeast Core,23,Q3,2019,1184.0,1049.0,239,G21011100081003,Q3_2019
211110000000.0,Southeast Core,23,Q3,2019,999.0,995.0,196,G21011100082011,Q3_2019
211110000000.0,Southeast Core,22,Q3,2019,995.0,995.0,175,G21011100082012,Q3_2019
211110000000.0,Southeast Core,23,Q3,2019,1071.0,995.0,281,G21011100082021,Q3_2019
211110000000.0,Southeast Core,22,Q3,2019,1010.0,995.0,221,G21011100082022,Q3_2019
211110000000.0,Southeast Core,23,Q3,2019,947.5,995.0,174,G21011100083001,Q3_2019
211110000000.0,Southeast Core,23,Q3,2019,995.0,995.0,197,G21011100083002,Q3_2019
211110000000.0,Southeast Core,23,Q3,2019,995.0,995.0,169,G21011100083003,Q3_2019
211110000000.0,Southeast Core,22,Q3,2019,950.0,995.0,104,G21011100084001,Q3_2019
211110000000.0,Southeast Core,22,Q3,2019,980.0,995.0,156,G21011100084002,Q3_2019
211110000000.0,Southeast Core,22,Q3,2019,985.0,995.0,155,G21011100084003,Q3_2019
211110000000.0,Southeast Core,22,Q3,2019,999.0,995.0,155,G21011100085001,Q3_2019
211110000000.0,Southeast Core,22,Q3,2019,967.5,995.0,108,G21011100085002,Q3_2019
211110000000.0,East Core,22,Q3,2019,995.0,1080.0,65,G21011100087004,Q3_2019
211110000000.0,Southeast Core,22,Q3,2019,1047.5,995.0,74,G21011100088001,Q3_2019
211110000000.0,Southeast Core,22,Q3,2019,990.0,995.0,98,G21011100088002,Q3_2019
211110000000.0,Southeast Core,22,Q3,2019,1100.0,995.0,53,G21011100088003,Q3_2019
211110000000.0,Southeast Core,22,Q3,2019,1100.0,995.0,60,G21011100089001,Q3_2019
211110000000.0,Southeast Core,22,Q3,2019,1100.0,995.0,66,G21011100089002,Q3_2019
211110000000.0,Southeast Core,22,Q3,2019,967.5,995.0,90,G21011100089003,Q3_2019
211110000000.0,Southeast Core,22,Q3,2019,999.5,995.0,66,G21011100089004,Q3_2019
211110000000.0,Southeast Core,22,Q3,2019,922.5,995.0,54,G21011100093002,Q3_2019
211110000000.0,Southeast Core,22,Q3,2019,870.0,995.0,75,G21011100093003,Q3_2019
211110000000.0,Southeast Core,22,Q3,2019,840.0,995.0,40,G21011100093005,Q3_2019
211110000000.0,Southeast Core,22,Q3,2019,1177.0,995.0,50,G21011100096001,Q3_2019
211110000000.0,East Core,22,Q3,2019,1079.0,1080.0,70,G21011100099001,Q3_2019
211110000000.0,East Core,22,Q3,2019,965.0,1080.0,59,G21011100099002,Q3_2019
211110000000.0,East Core,23,Q3,2019,975.0,1080.0,61,G21011100099003,Q3_2019
211110000000.0,East Metro,22,Q3,2019,910.0,1077.0,72,G21011100100041,Q3_2019
211110000000.0,East Metro,22,Q3,2019,950.0,1077.0,63,G21011100100042,Q3_2019
211110000000.0,East Metro,22,Q3,2019,910.0,1077.0,72,G21011100100043,Q3_2019
211110000000.0,East Metro,22,Q3,2019,958.5,1077.0,82,G21011100100044,Q3_2019
211110000000.0,East Metro,22,Q3,2019,950.0,1077.0,63,G21011100100054,Q3_2019
211110000000.0,East Metro,22,Q3,2019,1175.0,1077.0,44,G21011100100055,Q3_2019
211110000000.0,East Metro,22,Q3,2019,1145.0,1077.0,45,G21011100100063,Q3_2019
211110000000.0,East Metro,22,Q3,2019,1057.5,1077.0,76,G21011100101021,Q3_2019
211110000000.0,East Metro,22,Q3,2019,867.5,1077.0,46,G21011100101032,Q3_2019
211110000000.0,East Metro,22,Q3,2019,910.0,1077.0,97,G21011100101033,Q3_2019
211110000000.0,East Metro,22,Q3,2019,900.0,1077.0,89,G21011100101034,Q3_2019
211110000000.0,East Metro,22,Q3,2019,1000.0,1077.0,104,G21011100101041,Q3_2019
211110000000.0,East Metro,22,Q3,2019,967.0,1077.0,121,G21011100101042,Q3_2019
211110000000.0,East Metro,22,Q3,2019,910.0,1077.0,97,G21011100101043,Q3_2019
211110000000.0,East Metro,22,Q3,2019,1220.0,1077.0,31,G21011100103091,Q3_2019
211110000000.0,East Metro,22,Q3,2019,1220.0,1077.0,31,G21011100103092,Q3_2019
211110000000.0,East Metro,22,Q3,2019,1074.5,1077.0,50,G21011100103093,Q3_2019
211110000000.0,Northeast Metro,22,Q3,2019,1346.5,1355.0,44,G21011100103133,Q3_2019
211110000000.0,Northeast Metro,22,Q3,2019,1346.5,1355.0,44,G21011100103134,Q3_2019
211110000000.0,North Floyd's Fork,22,Q3,2019,1105.0,1191.0,69,G21011100103191,Q3_2019
211110000000.0,North Floyd's Fork,22,Q3,2019,1346.5,1191.0,44,G21011100103192,Q3_2019
211110000000.0,North Floyd's Fork,22,Q3,2019,1209.5,1191.0,54,G21011100103193,Q3_2019
211110000000.0,North Floyd's Fork,22,Q3,2019,950.0,1191.0,33,G21011100103202,Q3_2019
211110000000.0,North Floyd's Fork,22,Q3,2019,1090.0,1191.0,51,G21011100103203,Q3_2019
211110000000.0,North Floyd's Fork,22,Q3,2019,1316.5,1191.0,48,G21011100103231,Q3_2019
211110000000.0,North Floyd's Fork,22,Q3,2019,950.0,1191.0,33,G21011100103241,Q3_2019
211110000000.0,East Metro,22,Q3,2019,1193.0,1077.0,68,G21011100104072,Q3_2019
211110000000.0,East Core,23,Q3,2019,1028.5,1080.0,116,G21011100105002,Q3_2019
211110000000.0,East Core,23,Q3,2019,1062.0,1080.0,99,G21011100105003,Q3_2019
211110000000.0,East Core,22,Q3,2019,1062.0,1080.0,159,G21011100105004,Q3_2019
211110000000.0,East Core,22,Q3,2019,1080.0,1080.0,165,G21011100106011,Q3_2019
211110000000.0,East Core,23,Q3,2019,1061.0,1080.0,192,G21011100106012,Q3_2019
211110000000.0,East Core,22,Q3,2019,1097.0,1080.0,196,G21011100106021,Q3_2019
211110000000.0,East Core,22,Q3,2019,1109.0,1080.0,134,G21011100106022,Q3_2019
211110000000.0,East Core,22,Q3,2019,1108.0,1080.0,133,G21011100106023,Q3_2019
211110000000.0,East Metro,22,Q3,2019,1252.0,1077.0,74,G21011100107011,Q3_2019
211110000000.0,East Metro,22,Q3,2019,1225.0,1077.0,81,G21011100107012,Q3_2019
211110000000.0,East Metro,22,Q3,2019,1224.0,1077.0,85,G21011100107013,Q3_2019
211110000000.0,East Metro,22,Q3,2019,1030.0,1077.0,57,G21011100107014,Q3_2019
211110000000.0,East Metro,22,Q3,2019,1209.0,1077.0,59,G21011100107015,Q3_2019
211110000000.0,Central Taylorsville,22,Q3,2019,1015.0,855.0,53,G21011100107021,Q3_2019
211110000000.0,Central Taylorsville,22,Q3,2019,1005.0,855.0,55,G21011100107022,Q3_2019
211110000000.0,Central Taylorsville,22,Q3,2019,1172.5,855.0,32,G21011100107023,Q3_2019
211110000000.0,East Metro,22,Q3,2019,1019.0,1077.0,52,G21011100107061,Q3_2019
211110000000.0,East Metro,22,Q3,2019,1120.0,1077.0,43,G21011100107071,Q3_2019
211110000000.0,East Metro,22,Q3,2019,1224.0,1077.0,87,G21011100107072,Q3_2019
211110000000.0,East Metro,22,Q3,2019,1184.0,1077.0,114,G21011100107081,Q3_2019
211110000000.0,East Metro,22,Q3,2019,1199.0,1077.0,105,G21011100107082,Q3_2019
211110000000.0,Central Taylorsville,22,Q3,2019,1035.0,855.0,95,G21011100108001,Q3_2019
211110000000.0,Central Taylorsville,22,Q3,2019,967.5,855.0,64,G21011100108003,Q3_2019
211110000000.0,Central Bardstown,22,Q3,2019,725.0,865.0,43,G21011100110035,Q3_2019
211110000000.0,Central Taylorsville,22,Q3,2019,750.0,855.0,61,G21011100110091,Q3_2019
211110000000.0,Central Taylorsville,22,Q3,2019,750.0,855.0,64,G21011100110092,Q3_2019
211110000000.0,Central Taylorsville,22,Q3,2019,750.0,855.0,69,G21011100110093,Q3_2019
211110000000.0,Central Bardstown,22,Q3,2019,875.0,865.0,41,G21011100111103,Q3_2019
211110000000.0,Central Taylorsville,22,Q3,2019,1090.0,855.0,56,G21011100111112,Q3_2019
211110000000.0,Central Taylorsville,22,Q3,2019,1085.0,855.0,61,G21011100111113,Q3_2019
211110000000.0,Central Taylorsville,22,Q3,2019,1090.0,855.0,54,G21011100111121,Q3_2019
211110000000.0,Central Taylorsville,22,Q3,2019,905.0,855.0,79,G21011100111122,Q3_2019
211110000000.0,Central Taylorsville,22,Q3,2019,757.5,855.0,48,G21011100111181,Q3_2019
211110000000.0,Central Taylorsville,22,Q3,2019,757.5,855.0,48,G21011100111182,Q3_2019
211110000000.0,Central Bardstown,22,Q3,2019,925.0,865.0,32,G21011100112021,Q3_2019
211110000000.0,Central Bardstown,22,Q3,2019,875.0,865.0,41,G21011100115064,Q3_2019
211110000000.0,Central Bardstown,22,Q3,2019,875.0,865.0,49,G21011100115092,Q3_2019
211110000000.0,Central Bardstown,22,Q3,2019,875.0,865.0,41,G21011100115093,Q3_2019
211110000000.0,Central Bardstown,22,Q3,2019,900.0,865.0,53,G21011100115153,Q3_2019
211110000000.0,Central Bardstown,22,Q3,2019,875.0,865.0,41,G21011100115154,Q3_2019
211110000000.0,South Floyd's Fork,22,Q3,2019,1205.0,1205.0,66,G21011100116051,Q3_2019
211110000000.0,South Floyd's Fork,22,Q3,2019,1205.0,1205.0,83,G21011100116053,Q3_2019
211110000000.0,McNeely Lake,22,Q3,2019,1110.0,1095.0,43,G21011100117112,Q3_2019
211110000000.0,McNeely Lake,22,Q3,2019,1130.0,1095.0,42,G21011100117113,Q3_2019
211110000000.0,McNeely Lake,22,Q3,2019,1030.0,1095.0,40,G21011100117122,Q3_2019
211110000000.0,South-Central Dixie,22,Q3,2019,1046.0,995.0,38,G21011100121051,Q3_2019
211110000000.0,South-Central Dixie,22,Q3,2019,1039.5,995.0,44,G21011100121053,Q3_2019
211110000000.0,South-Central Dixie,22,Q3,2019,1036.5,995.0,46,G21011100121054,Q3_2019
211110000000.0,South-Central Dixie,22,Q3,2019,995.0,995.0,45,G21011100121081,Q3_2019
211110000000.0,South-Central Dixie,22,Q3,2019,1002.0,995.0,45,G21011100121091,Q3_2019
211110000000.0,South-Central Dixie,22,Q3,2019,1019.0,995.0,44,G21011100121092,Q3_2019
211110000000.0,South-Central Dixie,22,Q3,2019,1037.0,995.0,41,G21011100124092,Q3_2019
211110000000.0,South-Central Dixie,22,Q3,2019,1046.0,995.0,42,G21011100124093,Q3_2019
211110000000.0,Southwest Core,23,Q3,2019,645.0,749.0,43,G21011100128021,Q3_2019
211110000000.0,Northwest Core,23,Q4,2019,762.5,750.0,84,G21011100023003,Q4_2019
211110000000.0,West Core,23,Q4,2019,995.0,795.0,194,G21011100027001,Q4_2019
211110000000.0,Northwest Core,24,Q4,2019,1060.0,750.0,126,G21011100030001,Q4_2019
211110000000.0,Northwest Core,24,Q4,2019,1115.0,750.0,223,G21011100030002,Q4_2019
211110000000.0,West Core,24,Q4,2019,864.5,795.0,316,G21011100035011,Q4_2019
211110000000.0,West Core,24,Q4,2019,885.0,795.0,262,G21011100035021,Q4_2019
211110000000.0,Southwest Core,24,Q4,2019,872.5,795.0,206,G21011100036001,Q4_2019
211110000000.0,Southwest Core,23,Q4,2019,900.0,795.0,193,G21011100036002,Q4_2019
211110000000.0,Southwest Core,23,Q4,2019,895.0,795.0,204,G21011100036003,Q4_2019
211110000000.0,Southwest Core,24,Q4,2019,850.0,795.0,205,G21011100036004,Q4_2019
211110000000.0,Southwest Core,24,Q4,2019,750.0,795.0,131,G21011100036005,Q4_2019
211110000000.0,University,24,Q4,2019,900.0,875.0,227,G21011100037001,Q4_2019
211110000000.0,University,24,Q4,2019,850.0,875.0,233,G21011100037002,Q4_2019
211110000000.0,Southwest Core,24,Q4,2019,775.0,795.0,172,G21011100038001,Q4_2019
211110000000.0,Southwest Core,24,Q4,2019,750.0,795.0,135,G21011100038002,Q4_2019
211110000000.0,Southwest Core,24,Q4,2019,750.0,795.0,135,G21011100038003,Q4_2019
211110000000.0,Southwest Core,24,Q4,2019,750.0,795.0,141,G21011100039001,Q4_2019
211110000000.0,Southwest Core,24,Q4,2019,725.0,795.0,101,G21011100039002,Q4_2019
211110000000.0,Southwest Core,23,Q4,2019,850.0,795.0,208,G21011100041001,Q4_2019
211110000000.0,Downtown,24,Q4,2019,1550.0,1140.0,58,G21011100049000,Q4_2019
211110000000.0,Downtown,24,Q4,2019,1125.0,1140.0,410,G21011100049001,Q4_2019
211110000000.0,Downtown,24,Q4,2019,1125.0,1140.0,294,G21011100049002,Q4_2019
211110000000.0,Downtown,24,Q4,2019,1200.0,1140.0,310,G21011100049003,Q4_2019
211110000000.0,Downtown,24,Q4,2019,995.0,1140.0,319,G21011100050001,Q4_2019
211110000000.0,Downtown,24,Q4,2019,975.0,1140.0,379,G21011100050002,Q4_2019
211110000000.0,University,24,Q4,2019,960.0,875.0,422,G21011100051001,Q4_2019
211110000000.0,University,24,Q4,2019,907.5,875.0,464,G21011100051002,Q4_2019
211110000000.0,University,24,Q4,2019,900.0,875.0,448,G21011100051003,Q4_2019
211110000000.0,University,24,Q4,2019,795.0,875.0,312,G21011100052001,Q4_2019
211110000000.0,University,24,Q4,2019,863.0,875.0,340,G21011100052002,Q4_2019
211110000000.0,University,24,Q4,2019,875.0,875.0,372,G21011100052003,Q4_2019
211110000000.0,University,24,Q4,2019,852.0,875.0,362,G21011100053001,Q4_2019
211110000000.0,University,24,Q4,2019,900.0,875.0,326,G21011100053002,Q4_2019
211110000000.0,Downtown,24,Q4,2019,1150.0,1140.0,373,G21011100059011,Q4_2019
211110000000.0,Downtown,24,Q4,2019,1199.0,1140.0,432,G21011100059012,Q4_2019
211110000000.0,Downtown,24,Q4,2019,1224.0,1140.0,357,G21011100059021,Q4_2019
211110000000.0,Downtown,24,Q4,2019,1199.0,1140.0,314,G21011100059022,Q4_2019
211110000000.0,Downtown,24,Q4,2019,1199.0,1140.0,318,G21011100059023,Q4_2019
211110000000.0,Downtown,24,Q4,2019,1025.0,1140.0,379,G21011100062001,Q4_2019
211110000000.0,Downtown,24,Q4,2019,1010.0,1140.0,462,G21011100062002,Q4_2019
211110000000.0,Southeast Core,24,Q4,2019,975.0,995.0,299,G21011100063001,Q4_2019
211110000000.0,Southeast Core,24,Q4,2019,950.0,995.0,308,G21011100063002,Q4_2019
211110000000.0,Southeast Core,24,Q4,2019,1049.0,995.0,323,G21011100064001,Q4_2019
211110000000.0,Southeast Core,24,Q4,2019,1050.0,995.0,362,G21011100064002,Q4_2019
211110000000.0,University,24,Q4,2019,907.5,875.0,440,G21011100065001,Q4_2019
211110000000.0,University,24,Q4,2019,899.0,875.0,320,G21011100065002,Q4_2019
211110000000.0,University,24,Q4,2019,825.0,875.0,347,G21011100065003,Q4_2019
211110000000.0,University,24,Q4,2019,850.0,875.0,309,G21011100065004,Q4_2019
211110000000.0,University,24,Q4,2019,900.0,875.0,454,G21011100066001,Q4_2019
211110000000.0,University,24,Q4,2019,800.0,875.0,329,G21011100066002,Q4_2019
211110000000.0,Southeast Core,24,Q4,2019,875.0,995.0,188,G21011100068001,Q4_2019
211110000000.0,Southeast Core,24,Q4,2019,875.0,995.0,170,G21011100068002,Q4_2019
211110000000.0,Southeast Core,24,Q4,2019,875.0,995.0,216,G21011100068003,Q4_2019
211110000000.0,Southeast Core,24,Q4,2019,999.0,995.0,293,G21011100069001,Q4_2019
211110000000.0,Southeast Core,24,Q4,2019,950.0,995.0,188,G21011100069002,Q4_2019
211110000000.0,Southeast Core,24,Q4,2019,975.0,995.0,243,G21011100069003,Q4_2019
211110000000.0,Southeast Core,24,Q4,2019,950.0,995.0,112,G21011100070001,Q4_2019
211110000000.0,Southeast Core,23,Q4,2019,875.0,995.0,111,G21011100070002,Q4_2019
211110000000.0,University,23,Q4,2019,1100.0,875.0,152,G21011100071021,Q4_2019
211110000000.0,University,24,Q4,2019,850.0,875.0,212,G21011100071022,Q4_2019
211110000000.0,University,24,Q4,2019,825.0,875.0,337,G21011100071023,Q4_2019
211110000000.0,University,24,Q4,2019,990.0,875.0,238,G21011100071024,Q4_2019
211110000000.0,University,24,Q4,2019,1000.0,875.0,239,G21011100071025,Q4_2019
211110000000.0,Northeast Core,24,Q4,2019,1005.0,1020.0,328,G21011100074001,Q4_2019
211110000000.0,Northeast Core,24,Q4,2019,1100.0,1020.0,322,G21011100074002,Q4_2019
211110000000.0,Northeast Core,24,Q4,2019,995.0,1020.0,289,G21011100076011,Q4_2019
211110000000.0,Northeast Core,24,Q4,2019,850.0,1020.0,122,G21011100076012,Q4_2019
211110000000.0,Northeast Core,24,Q4,2019,995.0,1020.0,276,G21011100076021,Q4_2019
211110000000.0,Northeast Core,24,Q4,2019,990.0,1020.0,281,G21011100076022,Q4_2019
211110000000.0,Northeast Core,23,Q4,2019,900.0,1020.0,147,G21011100076031,Q4_2019
211110000000.0,Northeast Core,24,Q4,2019,900.0,1020.0,129,G21011100076032,Q4_2019
211110000000.0,Northeast Core,24,Q4,2019,909.0,1020.0,175,G21011100076033,Q4_2019
211110000000.0,Northeast Core,24,Q4,2019,860.0,1020.0,97,G21011100079001,Q4_2019
211110000000.0,Northeast Core,24,Q4,2019,995.0,1020.0,241,G21011100079002,Q4_2019
211110000000.0,Northeast Core,24,Q4,2019,1050.0,1020.0,339,G21011100081001,Q4_2019
211110000000.0,Northeast Core,24,Q4,2019,1195.0,1020.0,445,G21011100081002,Q4_2019
211110000000.0,Northeast Core,24,Q4,2019,1199.0,1020.0,347,G21011100081003,Q4_2019
211110000000.0,Southeast Core,24,Q4,2019,1000.0,995.0,392,G21011100082011,Q4_2019
211110000000.0,Southeast Core,23,Q4,2019,995.0,995.0,336,G21011100082012,Q4_2019
211110000000.0,Southeast Core,24,Q4,2019,1100.0,995.0,457,G21011100082021,Q4_2019
211110000000.0,Southeast Core,23,Q4,2019,1010.0,995.0,384,G21011100082022,Q4_2019
211110000000.0,Southeast Core,24,Q4,2019,950.0,995.0,324,G21011100083001,Q4_2019
211110000000.0,Southeast Core,24,Q4,2019,997.0,995.0,380,G21011100083002,Q4_2019
211110000000.0,Southeast Core,24,Q4,2019,972.5,995.0,290,G21011100083003,Q4_2019
211110000000.0,Southeast Core,23,Q4,2019,959.5,995.0,238,G21011100084001,Q4_2019
211110000000.0,Southeast Core,23,Q4,2019,969.0,995.0,293,G21011100084002,Q4_2019
211110000000.0,Southeast Core,23,Q4,2019,977.5,995.0,288,G21011100084003,Q4_2019
211110000000.0,Southeast Core,23,Q4,2019,995.0,995.0,307,G21011100085001,Q4_2019
211110000000.0,Southeast Core,23,Q4,2019,969.0,995.0,251,G21011100085002,Q4_2019
211110000000.0,East Core,23,Q4,2019,1075.0,1120.0,133,G21011100087004,Q4_2019
211110000000.0,Southeast Core,23,Q4,2019,1100.0,995.0,171,G21011100088001,Q4_2019
211110000000.0,Southeast Core,23,Q4,2019,975.0,995.0,231,G21011100088002,Q4_2019
211110000000.0,Southeast Core,23,Q4,2019,1200.0,995.0,112,G21011100088003,Q4_2019
211110000000.0,Southeast Core,23,Q4,2019,1200.0,995.0,118,G21011100089001,Q4_2019
211110000000.0,Southeast Core,23,Q4,2019,1075.0,995.0,152,G21011100089002,Q4_2019
211110000000.0,Southeast Core,23,Q4,2019,959.5,995.0,214,G21011100089003,Q4_2019
211110000000.0,Southeast Core,23,Q4,2019,1000.0,995.0,153,G21011100089004,Q4_2019
211110000000.0,Southeast Core,23,Q4,2019,995.0,995.0,65,G21011100093002,Q4_2019
211110000000.0,Southeast Core,23,Q4,2019,875.0,995.0,101,G21011100093003,Q4_2019
211110000000.0,Southeast Core,23,Q4,2019,1075.0,995.0,45,G21011100093005,Q4_2019
211110000000.0,Southeast Core,23,Q4,2019,1095.0,995.0,115,G21011100096001,Q4_2019
211110000000.0,East Core,23,Q4,2019,1095.0,1120.0,93,G21011100099001,Q4_2019
211110000000.0,East Core,23,Q4,2019,1087.0,1120.0,147,G21011100099002,Q4_2019
211110000000.0,East Core,24,Q4,2019,1225.0,1120.0,107,G21011100099003,Q4_2019
211110000000.0,East Metro,23,Q4,2019,968.0,1197.0,101,G21011100100041,Q4_2019
211110000000.0,East Metro,23,Q4,2019,997.5,1197.0,86,G21011100100042,Q4_2019
211110000000.0,East Metro,23,Q4,2019,968.0,1197.0,101,G21011100100043,Q4_2019
211110000000.0,East Metro,23,Q4,2019,999.0,1197.0,114,G21011100100044,Q4_2019
211110000000.0,East Metro,23,Q4,2019,1100.0,1197.0,97,G21011100100054,Q4_2019
211110000000.0,East Metro,23,Q4,2019,1285.0,1197.0,68,G21011100100055,Q4_2019
211110000000.0,East Metro,23,Q4,2019,1225.0,1197.0,66,G21011100100063,Q4_2019
211110000000.0,East Metro,23,Q4,2019,1223.5,1197.0,80,G21011100101021,Q4_2019
211110000000.0,East Metro,23,Q4,2019,1275.0,1197.0,43,G21011100101031,Q4_2019
211110000000.0,East Metro,23,Q4,2019,950.0,1197.0,56,G21011100101032,Q4_2019
211110000000.0,East Metro,23,Q4,2019,934.5,1197.0,124,G21011100101033,Q4_2019
211110000000.0,East Metro,23,Q4,2019,910.0,1197.0,104,G21011100101034,Q4_2019
211110000000.0,East Metro,23,Q4,2019,965.5,1197.0,128,G21011100101041,Q4_2019
211110000000.0,East Metro,23,Q4,2019,926.5,1197.0,126,G21011100101042,Q4_2019
211110000000.0,East Metro,23,Q4,2019,939.0,1197.0,123,G21011100101043,Q4_2019
211110000000.0,East Metro,23,Q4,2019,1424.0,1197.0,129,G21011100103091,Q4_2019
211110000000.0,East Metro,23,Q4,2019,1449.0,1197.0,130,G21011100103092,Q4_2019
211110000000.0,East Metro,23,Q4,2019,1349.0,1197.0,139,G21011100103093,Q4_2019
211110000000.0,Northeast Metro,23,Q4,2019,1465.0,1500.0,128,G21011100103133,Q4_2019
211110000000.0,Northeast Metro,23,Q4,2019,1459.0,1500.0,123,G21011100103134,Q4_2019
211110000000.0,North Floyd's Fork,23,Q4,2019,1355.0,1349.0,182,G21011100103191,Q4_2019
211110000000.0,North Floyd's Fork,23,Q4,2019,1474.0,1349.0,211,G21011100103192,Q4_2019
211110000000.0,North Floyd's Fork,23,Q4,2019,1355.0,1349.0,165,G21011100103193,Q4_2019
211110000000.0,North Floyd's Fork,23,Q4,2019,1199.0,1349.0,61,G21011100103202,Q4_2019
211110000000.0,North Floyd's Fork,23,Q4,2019,1199.0,1349.0,89,G21011100103203,Q4_2019
211110000000.0,North Floyd's Fork,23,Q4,2019,1464.0,1349.0,127,G21011100103231,Q4_2019
211110000000.0,North Floyd's Fork,23,Q4,2019,1174.5,1349.0,58,G21011100103241,Q4_2019
211110000000.0,East Metro,23,Q4,2019,1195.0,1197.0,79,G21011100104072,Q4_2019
211110000000.0,East Core,24,Q4,2019,1080.0,1120.0,201,G21011100105002,Q4_2019
211110000000.0,East Core,24,Q4,2019,1082.0,1120.0,168,G21011100105003,Q4_2019
211110000000.0,East Core,23,Q4,2019,1098.0,1120.0,215,G21011100105004,Q4_2019
211110000000.0,East Core,23,Q4,2019,1098.0,1120.0,221,G21011100106011,Q4_2019
211110000000.0,East Core,24,Q4,2019,1100.0,1120.0,290,G21011100106012,Q4_2019
211110000000.0,East Core,23,Q4,2019,1100.0,1120.0,255,G21011100106021,Q4_2019
211110000000.0,East Core,23,Q4,2019,1108.0,1120.0,186,G21011100106022,Q4_2019
211110000000.0,East Core,23,Q4,2019,1111.5,1120.0,188,G21011100106023,Q4_2019
211110000000.0,East Metro,23,Q4,2019,1298.5,1197.0,82,G21011100107011,Q4_2019
211110000000.0,East Metro,23,Q4,2019,1296.5,1197.0,100,G21011100107012,Q4_2019
211110000000.0,East Metro,23,Q4,2019,1260.0,1197.0,92,G21011100107013,Q4_2019
211110000000.0,East Metro,23,Q4,2019,1045.0,1197.0,56,G21011100107014,Q4_2019
211110000000.0,East Metro,23,Q4,2019,1288.5,1197.0,66,G21011100107015,Q4_2019
211110000000.0,Central Taylorsville,23,Q4,2019,1102.0,940.0,58,G21011100107021,Q4_2019
211110000000.0,Central Taylorsville,23,Q4,2019,1095.0,940.0,63,G21011100107022,Q4_2019
211110000000.0,Central Taylorsville,23,Q4,2019,1295.0,940.0,40,G21011100107023,Q4_2019
211110000000.0,East Metro,23,Q4,2019,1019.0,1197.0,53,G21011100107061,Q4_2019
211110000000.0,East Metro,23,Q4,2019,1245.0,1197.0,45,G21011100107071,Q4_2019
211110000000.0,East Metro,23,Q4,2019,1260.0,1197.0,99,G21011100107072,Q4_2019
211110000000.0,East Metro,23,Q4,2019,1225.0,1197.0,111,G21011100107081,Q4_2019
211110000000.0,East Metro,23,Q4,2019,1260.0,1197.0,106,G21011100107082,Q4_2019
211110000000.0,Central Taylorsville,23,Q4,2019,1110.0,940.0,109,G21011100108001,Q4_2019
211110000000.0,Central Taylorsville,23,Q4,2019,1095.0,940.0,87,G21011100108003,Q4_2019
211110000000.0,Central Bardstown,23,Q4,2019,825.0,900.0,57,G21011100110035,Q4_2019
211110000000.0,Central Bardstown,23,Q4,2019,872.5,900.0,58,G21011100110053,Q4_2019
211110000000.0,Central Taylorsville,23,Q4,2019,787.0,940.0,84,G21011100110091,Q4_2019
211110000000.0,Central Taylorsville,23,Q4,2019,775.0,940.0,89,G21011100110092,Q4_2019
211110000000.0,Central Taylorsville,23,Q4,2019,775.0,940.0,97,G21011100110093,Q4_2019
211110000000.0,Central Bardstown,23,Q4,2019,895.0,900.0,90,G21011100111103,Q4_2019
211110000000.0,Central Taylorsville,23,Q4,2019,1050.0,940.0,61,G21011100111112,Q4_2019
211110000000.0,Central Taylorsville,23,Q4,2019,999.0,940.0,71,G21011100111113,Q4_2019
211110000000.0,Central Taylorsville,23,Q4,2019,1050.0,940.0,55,G21011100111121,Q4_2019
211110000000.0,Central Taylorsville,23,Q4,2019,920.0,940.0,84,G21011100111122,Q4_2019
211110000000.0,Central Taylorsville,23,Q4,2019,962.5,940.0,100,G21011100111181,Q4_2019
211110000000.0,Central Taylorsville,23,Q4,2019,925.0,940.0,95,G21011100111182,Q4_2019
211110000000.0,Central Bardstown,23,Q4,2019,925.0,900.0,57,G21011100112021,Q4_2019
211110000000.0,Central Bardstown,23,Q4,2019,882.5,900.0,88,G21011100115064,Q4_2019
211110000000.0,Central Bardstown,23,Q4,2019,890.0,900.0,89,G21011100115092,Q4_2019
211110000000.0,Central Bardstown,23,Q4,2019,882.5,900.0,82,G21011100115093,Q4_2019
211110000000.0,Central Bardstown,23,Q4,2019,900.0,900.0,92,G21011100115153,Q4_2019
211110000000.0,Central Bardstown,23,Q4,2019,875.0,900.0,81,G21011100115154,Q4_2019
211110000000.0,South Floyd's Fork,23,Q4,2019,1175.0,1230.0,67,G21011100116051,Q4_2019
211110000000.0,South Floyd's Fork,23,Q4,2019,1230.0,1230.0,91,G21011100116053,Q4_2019
211110000000.0,McNeely Lake,23,Q4,2019,1045.0,1099.0,48,G21011100117112,Q4_2019
211110000000.0,McNeely Lake,23,Q4,2019,1090.0,1099.0,55,G21011100117113,Q4_2019
211110000000.0,McNeely Lake,23,Q4,2019,1050.0,1099.0,59,G21011100117122,Q4_2019
211110000000.0,South-Central Dixie,23,Q4,2019,1037.0,1000.0,55,G21011100121051,Q4_2019
211110000000.0,South-Central Dixie,23,Q4,2019,1005.0,1000.0,67,G21011100121053,Q4_2019
211110000000.0,South-Central Dixie,23,Q4,2019,998.5,1000.0,76,G21011100121054,Q4_2019
211110000000.0,South-Central Dixie,23,Q4,2019,995.0,1000.0,70,G21011100121081,Q4_2019
211110000000.0,South-Central Dixie,23,Q4,2019,997.0,1000.0,69,G21011100121091,Q4_2019
211110000000.0,South-Central Dixie,23,Q4,2019,990.0,1000.0,53,G21011100121092,Q4_2019
211110000000.0,South-Central Dixie,23,Q4,2019,730.5,1000.0,42,G21011100122031,Q4_2019
211110000000.0,Iroquois Park,23,Q4,2019,720.0,795.0,42,G21011100123021,Q4_2019
211110000000.0,South-Central Dixie,23,Q4,2019,1000.0,1000.0,67,G21011100124092,Q4_2019
211110000000.0,South-Central Dixie,23,Q4,2019,998.0,1000.0,66,G21011100124093,Q4_2019
211110000000.0,South-Central Dixie,23,Q4,2019,791.0,1000.0,51,G21011100125021,Q4_2019
211110000000.0,Southwest Core,24,Q4,2019,725.0,795.0,82,G21011100128021,Q4_2019
211110000000.0,Northwest Core,24,Q1,2020,767.5,750.0,72,G21011100023003,Q1_2020
211110000000.0,West Core,24,Q1,2020,775.0,795.0,120,G21011100027001,Q1_2020
211110000000.0,Northwest Core,25,Q1,2020,892.5,750.0,158,G21011100030001,Q1_2020
211110000000.0,Northwest Core,25,Q1,2020,869.5,750.0,170,G21011100030002,Q1_2020
211110000000.0,West Core,25,Q1,2020,795.0,795.0,230,G21011100035011,Q1_2020
211110000000.0,West Core,25,Q1,2020,795.0,795.0,178,G21011100035021,Q1_2020
211110000000.0,Southwest Core,25,Q1,2020,800.0,790.0,166,G21011100036001,Q1_2020
211110000000.0,Southwest Core,24,Q1,2020,795.0,790.0,142,G21011100036002,Q1_2020
211110000000.0,Southwest Core,24,Q1,2020,795.0,790.0,151,G21011100036003,Q1_2020
211110000000.0,Southwest Core,25,Q1,2020,789.0,790.0,161,G21011100036004,Q1_2020
211110000000.0,Southwest Core,25,Q1,2020,750.0,790.0,136,G21011100036005,Q1_2020
211110000000.0,University,25,Q1,2020,825.0,800.0,197,G21011100037001,Q1_2020
211110000000.0,University,25,Q1,2020,795.0,800.0,190,G21011100037002,Q1_2020
211110000000.0,Southwest Core,25,Q1,2020,800.0,790.0,183,G21011100038001,Q1_2020
211110000000.0,Southwest Core,25,Q1,2020,799.0,790.0,145,G21011100038002,Q1_2020
211110000000.0,Southwest Core,25,Q1,2020,799.0,790.0,144,G21011100038003,Q1_2020
211110000000.0,Southwest Core,25,Q1,2020,750.0,790.0,143,G21011100039001,Q1_2020
211110000000.0,Southwest Core,25,Q1,2020,750.0,790.0,129,G21011100039002,Q1_2020
211110000000.0,Southwest Core,24,Q1,2020,812.5,790.0,164,G21011100041001,Q1_2020
211110000000.0,Downtown,25,Q1,2020,1100.0,995.0,85,G21011100049000,Q1_2020
211110000000.0,Downtown,25,Q1,2020,922.5,995.0,402,G21011100049001,Q1_2020
211110000000.0,Downtown,25,Q1,2020,860.0,995.0,275,G21011100049002,Q1_2020
211110000000.0,Downtown,25,Q1,2020,1100.0,995.0,248,G21011100049003,Q1_2020
211110000000.0,Downtown,25,Q1,2020,800.0,995.0,312,G21011100050001,Q1_2020
211110000000.0,Downtown,25,Q1,2020,797.0,995.0,364,G21011100050002,Q1_2020
211110000000.0,University,25,Q1,2020,795.0,800.0,344,G21011100051001,Q1_2020
211110000000.0,University,25,Q1,2020,799.5,800.0,392,G21011100051002,Q1_2020
211110000000.0,University,25,Q1,2020,797.0,800.0,372,G21011100051003,Q1_2020
211110000000.0,University,25,Q1,2020,750.0,800.0,320,G21011100052001,Q1_2020
211110000000.0,University,25,Q1,2020,775.0,800.0,310,G21011100052002,Q1_2020
211110000000.0,University,25,Q1,2020,750.0,800.0,291,G21011100052003,Q1_2020
211110000000.0,University,25,Q1,2020,800.0,800.0,303,G21011100053001,Q1_2020
211110000000.0,University,25,Q1,2020,850.0,800.0,257,G21011100053002,Q1_2020
211110000000.0,Downtown,25,Q1,2020,995.0,995.0,347,G21011100059011,Q1_2020
211110000000.0,Downtown,25,Q1,2020,1100.0,995.0,391,G21011100059012,Q1_2020
211110000000.0,Downtown,25,Q1,2020,1200.0,995.0,318,G21011100059021,Q1_2020
211110000000.0,Downtown,25,Q1,2020,1199.0,995.0,306,G21011100059022,Q1_2020
211110000000.0,Downtown,25,Q1,2020,1199.0,995.0,335,G21011100059023,Q1_2020
211110000000.0,Downtown,25,Q1,2020,979.0,995.0,459,G21011100062001,Q1_2020
211110000000.0,Downtown,25,Q1,2020,850.0,995.0,435,G21011100062002,Q1_2020
211110000000.0,Southeast Core,25,Q1,2020,975.0,950.0,323,G21011100063001,Q1_2020
211110000000.0,Southeast Core,25,Q1,2020,950.0,950.0,356,G21011100063002,Q1_2020
211110000000.0,Southeast Core,25,Q1,2020,995.0,950.0,356,G21011100064001,Q1_2020
211110000000.0,Southeast Core,25,Q1,2020,995.0,950.0,379,G21011100064002,Q1_2020
211110000000.0,University,25,Q1,2020,800.0,800.0,395,G21011100065001,Q1_2020
211110000000.0,University,25,Q1,2020,870.0,800.0,372,G21011100065002,Q1_2020
211110000000.0,University,25,Q1,2020,800.0,800.0,369,G21011100065003,Q1_2020
211110000000.0,University,25,Q1,2020,800.0,800.0,350,G21011100065004,Q1_2020
211110000000.0,University,25,Q1,2020,795.0,800.0,379,G21011100066001,Q1_2020
211110000000.0,University,25,Q1,2020,795.0,800.0,347,G21011100066002,Q1_2020
211110000000.0,Southeast Core,25,Q1,2020,875.0,950.0,204,G21011100068001,Q1_2020
211110000000.0,Southeast Core,25,Q1,2020,865.0,950.0,173,G21011100068002,Q1_2020
211110000000.0,Southeast Core,25,Q1,2020,825.0,950.0,266,G21011100068003,Q1_2020
211110000000.0,Southeast Core,25,Q1,2020,955.0,950.0,308,G21011100069001,Q1_2020
211110000000.0,Southeast Core,25,Q1,2020,925.0,950.0,184,G21011100069002,Q1_2020
211110000000.0,Southeast Core,25,Q1,2020,900.0,950.0,276,G21011100069003,Q1_2020
211110000000.0,Southeast Core,25,Q1,2020,900.0,950.0,142,G21011100070001,Q1_2020
211110000000.0,Southeast Core,24,Q1,2020,950.0,950.0,137,G21011100070002,Q1_2020
211110000000.0,University,24,Q1,2020,1040.0,800.0,121,G21011100071021,Q1_2020
211110000000.0,University,25,Q1,2020,850.0,800.0,231,G21011100071022,Q1_2020
211110000000.0,University,25,Q1,2020,805.0,800.0,362,G21011100071023,Q1_2020
211110000000.0,University,25,Q1,2020,895.0,800.0,205,G21011100071024,Q1_2020
211110000000.0,University,25,Q1,2020,897.5,800.0,202,G21011100071025,Q1_2020
211110000000.0,Northeast Core,25,Q1,2020,940.0,950.0,333,G21011100074001,Q1_2020
211110000000.0,Northeast Core,25,Q1,2020,999.0,950.0,251,G21011100074002,Q1_2020
211110000000.0,Northeast Core,25,Q1,2020,929.0,950.0,281,G21011100076011,Q1_2020
211110000000.0,Northeast Core,25,Q1,2020,850.0,950.0,141,G21011100076012,Q1_2020
211110000000.0,Northeast Core,25,Q1,2020,911.5,950.0,264,G21011100076021,Q1_2020
211110000000.0,Northeast Core,25,Q1,2020,925.0,950.0,282,G21011100076022,Q1_2020
211110000000.0,Northeast Core,24,Q1,2020,899.0,950.0,165,G21011100076031,Q1_2020
211110000000.0,Northeast Core,25,Q1,2020,895.0,950.0,132,G21011100076032,Q1_2020
211110000000.0,Northeast Core,25,Q1,2020,897.0,950.0,190,G21011100076033,Q1_2020
211110000000.0,Northeast Core,25,Q1,2020,860.0,950.0,106,G21011100079001,Q1_2020
211110000000.0,Northeast Core,25,Q1,2020,900.0,950.0,227,G21011100079002,Q1_2020
211110000000.0,Northeast Core,25,Q1,2020,925.0,950.0,349,G21011100081001,Q1_2020
211110000000.0,Northeast Core,25,Q1,2020,1099.0,950.0,391,G21011100081002,Q1_2020
211110000000.0,Northeast Core,25,Q1,2020,1119.0,950.0,391,G21011100081003,Q1_2020
211110000000.0,Southeast Core,25,Q1,2020,995.0,950.0,441,G21011100082011,Q1_2020
211110000000.0,Southeast Core,24,Q1,2020,947.0,950.0,338,G21011100082012,Q1_2020
211110000000.0,Southeast Core,25,Q1,2020,999.0,950.0,464,G21011100082021,Q1_2020
211110000000.0,Southeast Core,24,Q1,2020,960.0,950.0,369,G21011100082022,Q1_2020
211110000000.0,Southeast Core,25,Q1,2020,945.0,950.0,345,G21011100083001,Q1_2020
211110000000.0,Southeast Core,25,Q1,2020,960.0,950.0,428,G21011100083002,Q1_2020
211110000000.0,Southeast Core,25,Q1,2020,925.0,950.0,325,G21011100083003,Q1_2020
211110000000.0,Southeast Core,24,Q1,2020,945.0,950.0,234,G21011100084001,Q1_2020
211110000000.0,Southeast Core,24,Q1,2020,947.0,950.0,304,G21011100084002,Q1_2020
211110000000.0,Southeast Core,24,Q1,2020,925.0,950.0,284,G21011100084003,Q1_2020
211110000000.0,Southeast Core,24,Q1,2020,950.0,950.0,295,G21011100085001,Q1_2020
211110000000.0,Southeast Core,24,Q1,2020,945.0,950.0,255,G21011100085002,Q1_2020
211110000000.0,East Core,24,Q1,2020,989.0,1050.0,157,G21011100087004,Q1_2020
211110000000.0,Southeast Core,24,Q1,2020,975.0,950.0,154,G21011100088001,Q1_2020
211110000000.0,Southeast Core,24,Q1,2020,945.0,950.0,231,G21011100088002,Q1_2020
211110000000.0,Southeast Core,24,Q1,2020,975.0,950.0,81,G21011100088003,Q1_2020
211110000000.0,Southeast Core,24,Q1,2020,975.0,950.0,84,G21011100089001,Q1_2020
211110000000.0,Southeast Core,24,Q1,2020,975.0,950.0,141,G21011100089002,Q1_2020
211110000000.0,Southeast Core,24,Q1,2020,949.5,950.0,224,G21011100089003,Q1_2020
211110000000.0,Southeast Core,24,Q1,2020,975.0,950.0,150,G21011100089004,Q1_2020
211110000000.0,Southeast Core,24,Q1,2020,950.0,950.0,80,G21011100093002,Q1_2020
211110000000.0,Southeast Core,24,Q1,2020,895.0,950.0,124,G21011100093003,Q1_2020
211110000000.0,Southeast Core,24,Q1,2020,895.0,950.0,71,G21011100093005,Q1_2020
211110000000.0,Southeast Core,24,Q1,2020,1013.0,950.0,90,G21011100096001,Q1_2020
211110000000.0,East Core,24,Q1,2020,983.0,1050.0,120,G21011100099001,Q1_2020
211110000000.0,East Core,24,Q1,2020,1028.0,1050.0,345,G21011100099002,Q1_2020
211110000000.0,East Core,25,Q1,2020,1144.0,1050.0,101,G21011100099003,Q1_2020
211110000000.0,East Metro,24,Q1,2020,903.0,1105.0,97,G21011100100041,Q1_2020
211110000000.0,East Metro,24,Q1,2020,933.0,1105.0,77,G21011100100042,Q1_2020
211110000000.0,East Metro,24,Q1,2020,900.0,1105.0,107,G21011100100043,Q1_2020
211110000000.0,East Metro,24,Q1,2020,950.0,1105.0,119,G21011100100044,Q1_2020
211110000000.0,East Metro,24,Q1,2020,1010.0,1105.0,109,G21011100100054,Q1_2020
211110000000.0,East Metro,24,Q1,2020,1020.0,1105.0,113,G21011100100055,Q1_2020
211110000000.0,East Metro,24,Q1,2020,1010.0,1105.0,109,G21011100100063,Q1_2020
211110000000.0,East Metro,24,Q1,2020,965.0,1105.0,95,G21011100101021,Q1_2020
211110000000.0,East Metro,24,Q1,2020,905.0,1105.0,77,G21011100101031,Q1_2020
211110000000.0,East Metro,24,Q1,2020,900.0,1105.0,96,G21011100101032,Q1_2020
211110000000.0,East Metro,24,Q1,2020,900.5,1105.0,126,G21011100101033,Q1_2020
211110000000.0,East Metro,24,Q1,2020,900.0,1105.0,118,G21011100101034,Q1_2020
211110000000.0,East Metro,24,Q1,2020,952.0,1105.0,116,G21011100101041,Q1_2020
211110000000.0,East Metro,24,Q1,2020,912.0,1105.0,150,G21011100101042,Q1_2020
211110000000.0,East Metro,24,Q1,2020,907.0,1105.0,140,G21011100101043,Q1_2020
211110000000.0,East Metro,24,Q1,2020,1424.0,1105.0,70,G21011100103091,Q1_2020
211110000000.0,East Metro,24,Q1,2020,1429.0,1105.0,72,G21011100103092,Q1_2020
211110000000.0,East Metro,24,Q1,2020,1139.0,1105.0,83,G21011100103093,Q1_2020
211110000000.0,Northeast Metro,24,Q1,2020,1433.0,1455.0,101,G21011100103133,Q1_2020
211110000000.0,Northeast Metro,24,Q1,2020,1426.0,1455.0,100,G21011100103134,Q1_2020
211110000000.0,North Floyd's Fork,24,Q1,2020,1355.0,1379.0,110,G21011100103191,Q1_2020
211110000000.0,North Floyd's Fork,24,Q1,2020,1449.0,1379.0,141,G21011100103192,Q1_2020
211110000000.0,North Floyd's Fork,24,Q1,2020,1299.0,1379.0,103,G21011100103193,Q1_2020
211110000000.0,North Floyd's Fork,24,Q1,2020,1425.0,1379.0,52,G21011100103202,Q1_2020
211110000000.0,North Floyd's Fork,24,Q1,2020,1270.0,1379.0,67,G21011100103203,Q1_2020
211110000000.0,North Floyd's Fork,24,Q1,2020,1433.0,1379.0,109,G21011100103231,Q1_2020
211110000000.0,North Floyd's Fork,24,Q1,2020,1425.0,1379.0,50,G21011100103241,Q1_2020
211110000000.0,East Metro,24,Q1,2020,1115.0,1105.0,81,G21011100104072,Q1_2020
211110000000.0,East Core,25,Q1,2020,1031.0,1050.0,360,G21011100105002,Q1_2020
211110000000.0,East Core,25,Q1,2020,1031.0,1050.0,322,G21011100105003,Q1_2020
211110000000.0,East Core,24,Q1,2020,1036.5,1050.0,390,G21011100105004,Q1_2020
211110000000.0,East Core,24,Q1,2020,1048.0,1050.0,401,G21011100106011,Q1_2020
211110000000.0,East Core,25,Q1,2020,1044.0,1050.0,453,G21011100106012,Q1_2020
211110000000.0,East Core,24,Q1,2020,1044.0,1050.0,445,G21011100106021,Q1_2020
211110000000.0,East Core,24,Q1,2020,1051.0,1050.0,407,G21011100106022,Q1_2020
211110000000.0,East Core,24,Q1,2020,1054.0,1050.0,403,G21011100106023,Q1_2020
211110000000.0,East Metro,24,Q1,2020,1225.0,1105.0,102,G21011100107011,Q1_2020
211110000000.0,East Metro,24,Q1,2020,1199.0,1105.0,112,G21011100107012,Q1_2020
211110000000.0,East Metro,24,Q1,2020,1194.0,1105.0,114,G21011100107013,Q1_2020
211110000000.0,East Metro,24,Q1,2020,1012.5,1105.0,64,G21011100107014,Q1_2020
211110000000.0,East Metro,24,Q1,2020,1142.0,1105.0,55,G21011100107015,Q1_2020
211110000000.0,Central Taylorsville,24,Q1,2020,1085.0,985.0,65,G21011100107021,Q1_2020
211110000000.0,Central Taylorsville,24,Q1,2020,1085.0,985.0,69,G21011100107022,Q1_2020
211110000000.0,Central Taylorsville,24,Q1,2020,1187.5,985.0,46,G21011100107023,Q1_2020
211110000000.0,East Metro,24,Q1,2020,1150.0,1105.0,87,G21011100107061,Q1_2020
211110000000.0,East Metro,24,Q1,2020,1190.0,1105.0,79,G21011100107071,Q1_2020
211110000000.0,East Metro,24,Q1,2020,1198.0,1105.0,119,G21011100107072,Q1_2020
211110000000.0,East Metro,24,Q1,2020,1168.0,1105.0,146,G21011100107081,Q1_2020
211110000000.0,East Metro,24,Q1,2020,1190.0,1105.0,133,G21011100107082,Q1_2020
211110000000.0,Central Taylorsville,24,Q1,2020,1160.0,985.0,119,G21011100108001,Q1_2020
211110000000.0,Central Taylorsville,24,Q1,2020,1095.0,985.0,94,G21011100108003,Q1_2020
211110000000.0,Central Bardstown,24,Q1,2020,825.0,900.0,60,G21011100110035,Q1_2020
211110000000.0,Central Bardstown,24,Q1,2020,899.5,900.0,52,G21011100110053,Q1_2020
211110000000.0,Central Taylorsville,24,Q1,2020,830.0,985.0,70,G21011100110091,Q1_2020
211110000000.0,Central Taylorsville,24,Q1,2020,812.0,985.0,78,G21011100110092,Q1_2020
211110000000.0,Central Taylorsville,24,Q1,2020,825.0,985.0,85,G21011100110093,Q1_2020
211110000000.0,Central Bardstown,24,Q1,2020,890.0,900.0,77,G21011100111103,Q1_2020
211110000000.0,Central Taylorsville,24,Q1,2020,1050.0,985.0,81,G21011100111112,Q1_2020
211110000000.0,Central Taylorsville,24,Q1,2020,1050.0,985.0,76,G21011100111113,Q1_2020
211110000000.0,Central Taylorsville,24,Q1,2020,1095.0,985.0,73,G21011100111121,Q1_2020
211110000000.0,Central Taylorsville,24,Q1,2020,1025.0,985.0,92,G21011100111122,Q1_2020
211110000000.0,Central Taylorsville,24,Q1,2020,869.5,985.0,72,G21011100111181,Q1_2020
211110000000.0,Central Taylorsville,24,Q1,2020,874.5,985.0,74,G21011100111182,Q1_2020
211110000000.0,Central Bardstown,24,Q1,2020,825.0,900.0,51,G21011100112021,Q1_2020
211110000000.0,Central Bardstown,24,Q1,2020,890.0,900.0,75,G21011100115064,Q1_2020
211110000000.0,Central Bardstown,24,Q1,2020,900.0,900.0,89,G21011100115092,Q1_2020
211110000000.0,Central Bardstown,24,Q1,2020,900.0,900.0,81,G21011100115093,Q1_2020
211110000000.0,Central Bardstown,24,Q1,2020,900.0,900.0,88,G21011100115153,Q1_2020
211110000000.0,Central Bardstown,24,Q1,2020,900.0,900.0,79,G21011100115154,Q1_2020
211110000000.0,South Floyd's Fork,24,Q1,2020,1096.0,1205.0,65,G21011100116051,Q1_2020
211110000000.0,South Floyd's Fork,24,Q1,2020,1240.0,1205.0,96,G21011100116053,Q1_2020
211110000000.0,McNeely Lake,24,Q1,2020,1166.0,1080.0,47,G21011100117112,Q1_2020
211110000000.0,McNeely Lake,24,Q1,2020,1095.0,1080.0,60,G21011100117113,Q1_2020
211110000000.0,McNeely Lake,24,Q1,2020,1090.0,1080.0,54,G21011100117122,Q1_2020
211110000000.0,South-Central Dixie,24,Q1,2020,1049.0,1199.0,37,G21011100121051,Q1_2020
211110000000.0,South-Central Dixie,24,Q1,2020,1051.0,1199.0,52,G21011100121053,Q1_2020
211110000000.0,South-Central Dixie,24,Q1,2020,1024.5,1199.0,60,G21011100121054,Q1_2020
211110000000.0,South-Central Dixie,24,Q1,2020,1088.0,1199.0,53,G21011100121081,Q1_2020
211110000000.0,South-Central Dixie,24,Q1,2020,1070.0,1199.0,46,G21011100121091,Q1_2020
211110000000.0,South-Central Dixie,24,Q1,2020,1091.0,1199.0,41,G21011100121092,Q1_2020
211110000000.0,South-Central Dixie,24,Q1,2020,775.0,1199.0,57,G21011100122031,Q1_2020
211110000000.0,Iroquois Park,24,Q1,2020,728.0,779.0,48,G21011100122043,Q1_2020
211110000000.0,Iroquois Park,24,Q1,2020,750.0,779.0,53,G21011100123021,Q1_2020
211110000000.0,Iroquois Park,24,Q1,2020,789.0,779.0,43,G21011100123022,Q1_2020
211110000000.0,South-Central Dixie,24,Q1,2020,1049.0,1199.0,55,G21011100124092,Q1_2020
211110000000.0,South-Central Dixie,24,Q1,2020,999.5,1199.0,52,G21011100124093,Q1_2020
211110000000.0,South-Central Dixie,24,Q1,2020,829.0,1199.0,61,G21011100125021,Q1_2020
211110000000.0,Southwest Core,25,Q1,2020,700.0,790.0,97,G21011100128021,Q1_2020
211110000000.0,Northwest Core,25,Q2,2020,767.5,810.0,34,G21011100023003,Q2_2020
211110000000.0,West Core,25,Q2,2020,775.0,800.0,37,G21011100027001,Q2_2020
211110000000.0,Northwest Core,26,Q2,2020,945.0,810.0,181,G21011100030001,Q2_2020
211110000000.0,Northwest Core,26,Q2,2020,945.0,810.0,172,G21011100030002,Q2_2020
211110000000.0,West Core,26,Q2,2020,825.0,800.0,104,G21011100035011,Q2_2020
211110000000.0,West Core,26,Q2,2020,912.5,800.0,74,G21011100035021,Q2_2020
211110000000.0,Southwest Core,26,Q2,2020,812.5,750.0,66,G21011100036001,Q2_2020
211110000000.0,Southwest Core,25,Q2,2020,825.0,750.0,63,G21011100036002,Q2_2020
211110000000.0,Southwest Core,25,Q2,2020,762.5,750.0,66,G21011100036003,Q2_2020
211110000000.0,Southwest Core,26,Q2,2020,787.5,750.0,70,G21011100036004,Q2_2020
211110000000.0,Southwest Core,26,Q2,2020,749.5,750.0,56,G21011100036005,Q2_2020
211110000000.0,University,26,Q2,2020,812.5,860.0,80,G21011100037001,Q2_2020
211110000000.0,University,26,Q2,2020,749.0,860.0,89,G21011100037002,Q2_2020
211110000000.0,Southwest Core,26,Q2,2020,785.0,750.0,60,G21011100038001,Q2_2020
211110000000.0,Southwest Core,26,Q2,2020,709.0,750.0,35,G21011100038002,Q2_2020
211110000000.0,Southwest Core,26,Q2,2020,709.0,750.0,31,G21011100038003,Q2_2020
211110000000.0,Southwest Core,26,Q2,2020,737.0,750.0,50,G21011100039001,Q2_2020
211110000000.0,Southwest Core,26,Q2,2020,698.0,750.0,39,G21011100039002,Q2_2020
211110000000.0,Southwest Core,25,Q2,2020,797.5,750.0,66,G21011100041001,Q2_2020
211110000000.0,Downtown,26,Q2,2020,964.0,1055.0,122,G21011100049000,Q2_2020
211110000000.0,Downtown,26,Q2,2020,1034.5,1055.0,364,G21011100049001,Q2_2020
211110000000.0,Downtown,26,Q2,2020,971.0,1055.0,213,G21011100049002,Q2_2020
211110000000.0,Downtown,26,Q2,2020,1048.0,1055.0,335,G21011100049003,Q2_2020
211110000000.0,Downtown,26,Q2,2020,943.0,1055.0,219,G21011100050001,Q2_2020
211110000000.0,Downtown,26,Q2,2020,934.5,1055.0,234,G21011100050002,Q2_2020
211110000000.0,University,26,Q2,2020,915.0,860.0,160,G21011100051001,Q2_2020
211110000000.0,University,26,Q2,2020,916.0,860.0,187,G21011100051002,Q2_2020
211110000000.0,University,26,Q2,2020,917.5,860.0,184,G21011100051003,Q2_2020
211110000000.0,University,26,Q2,2020,800.0,860.0,113,G21011100052001,Q2_2020
211110000000.0,University,26,Q2,2020,800.0,860.0,114,G21011100052002,Q2_2020
211110000000.0,University,26,Q2,2020,775.0,860.0,99,G21011100052003,Q2_2020
211110000000.0,University,26,Q2,2020,800.0,860.0,150,G21011100053001,Q2_2020
211110000000.0,University,26,Q2,2020,850.0,860.0,128,G21011100053002,Q2_2020
211110000000.0,Downtown,26,Q2,2020,1067.0,1055.0,390,G21011100059011,Q2_2020
211110000000.0,Downtown,26,Q2,2020,1067.0,1055.0,410,G21011100059012,Q2_2020
211110000000.0,Downtown,26,Q2,2020,1225.0,1055.0,363,G21011100059021,Q2_2020
211110000000.0,Downtown,26,Q2,2020,1199.0,1055.0,299,G21011100059022,Q2_2020
211110000000.0,Downtown,26,Q2,2020,1199.0,1055.0,304,G21011100059023,Q2_2020
211110000000.0,Downtown,26,Q2,2020,1067.0,1055.0,322,G21011100062001,Q2_2020
211110000000.0,Downtown,26,Q2,2020,975.0,1055.0,364,G21011100062002,Q2_2020
211110000000.0,Southeast Core,26,Q2,2020,1014.0,981.0,221,G21011100063001,Q2_2020
211110000000.0,Southeast Core,26,Q2,2020,1005.0,981.0,234,G21011100063002,Q2_2020
211110000000.0,Southeast Core,26,Q2,2020,1049.0,981.0,270,G21011100064001,Q2_2020
211110000000.0,Southeast Core,26,Q2,2020,1139.0,981.0,199,G21011100064002,Q2_2020
211110000000.0,University,26,Q2,2020,900.0,860.0,163,G21011100065001,Q2_2020
211110000000.0,University,26,Q2,2020,1000.0,860.0,218,G21011100065002,Q2_2020
211110000000.0,University,26,Q2,2020,860.0,860.0,135,G21011100065003,Q2_2020
211110000000.0,University,26,Q2,2020,850.0,860.0,121,G21011100065004,Q2_2020
211110000000.0,University,26,Q2,2020,900.0,860.0,168,G21011100066001,Q2_2020
211110000000.0,University,26,Q2,2020,807.5,860.0,130,G21011100066002,Q2_2020
211110000000.0,Southeast Core,26,Q2,2020,825.0,981.0,99,G21011100068001,Q2_2020
211110000000.0,Southeast Core,26,Q2,2020,912.5,981.0,76,G21011100068002,Q2_2020
211110000000.0,Southeast Core,26,Q2,2020,900.0,981.0,93,G21011100068003,Q2_2020
211110000000.0,Southeast Core,26,Q2,2020,1100.0,981.0,159,G21011100069001,Q2_2020
211110000000.0,Southeast Core,26,Q2,2020,925.0,981.0,77,G21011100069002,Q2_2020
211110000000.0,Southeast Core,26,Q2,2020,1100.0,981.0,126,G21011100069003,Q2_2020
211110000000.0,Southeast Core,26,Q2,2020,925.0,981.0,58,G21011100070001,Q2_2020
211110000000.0,Southeast Core,25,Q2,2020,795.0,981.0,74,G21011100070002,Q2_2020
211110000000.0,University,25,Q2,2020,817.5,860.0,68,G21011100071021,Q2_2020
211110000000.0,University,26,Q2,2020,812.5,860.0,108,G21011100071022,Q2_2020
211110000000.0,University,26,Q2,2020,837.5,860.0,140,G21011100071023,Q2_2020
211110000000.0,University,26,Q2,2020,895.0,860.0,100,G21011100071024,Q2_2020
211110000000.0,University,26,Q2,2020,850.0,860.0,93,G21011100071025,Q2_2020
211110000000.0,Northeast Core,26,Q2,2020,1002.0,1030.0,209,G21011100074001,Q2_2020
211110000000.0,Northeast Core,26,Q2,2020,1117.0,1030.0,232,G21011100074002,Q2_2020
211110000000.0,Northeast Core,26,Q2,2020,957.0,1030.0,170,G21011100076011,Q2_2020
211110000000.0,Northeast Core,26,Q2,2020,875.0,1030.0,67,G21011100076012,Q2_2020
211110000000.0,Northeast Core,26,Q2,2020,958.5,1030.0,164,G21011100076021,Q2_2020
211110000000.0,Northeast Core,26,Q2,2020,957.0,1030.0,174,G21011100076022,Q2_2020
211110000000.0,Northeast Core,25,Q2,2020,890.0,1030.0,77,G21011100076031,Q2_2020
211110000000.0,Northeast Core,26,Q2,2020,890.0,1030.0,77,G21011100076032,Q2_2020
211110000000.0,Northeast Core,26,Q2,2020,917.0,1030.0,92,G21011100076033,Q2_2020
211110000000.0,Northeast Core,26,Q2,2020,865.0,1030.0,53,G21011100079001,Q2_2020
211110000000.0,Northeast Core,26,Q2,2020,950.0,1030.0,132,G21011100079002,Q2_2020
211110000000.0,Northeast Core,26,Q2,2020,999.0,1030.0,215,G21011100081001,Q2_2020
211110000000.0,Northeast Core,26,Q2,2020,1195.0,1030.0,296,G21011100081002,Q2_2020
211110000000.0,Northeast Core,26,Q2,2020,1194.0,1030.0,333,G21011100081003,Q2_2020
211110000000.0,Southeast Core,26,Q2,2020,1000.0,981.0,179,G21011100082011,Q2_2020
211110000000.0,Southeast Core,25,Q2,2020,950.0,981.0,111,G21011100082012,Q2_2020
211110000000.0,Southeast Core,26,Q2,2020,1109.0,981.0,273,G21011100082021,Q2_2020
211110000000.0,Southeast Core,25,Q2,2020,999.0,981.0,190,G21011100082022,Q2_2020
211110000000.0,Southeast Core,26,Q2,2020,960.0,981.0,120,G21011100083001,Q2_2020
211110000000.0,Southeast Core,26,Q2,2020,1000.0,981.0,182,G21011100083002,Q2_2020
211110000000.0,Southeast Core,26,Q2,2020,960.0,981.0,128,G21011100083003,Q2_2020
211110000000.0,Southeast Core,25,Q2,2020,945.0,981.0,65,G21011100084001,Q2_2020
211110000000.0,Southeast Core,25,Q2,2020,900.0,981.0,96,G21011100084002,Q2_2020
211110000000.0,Southeast Core,25,Q2,2020,950.0,981.0,83,G21011100084003,Q2_2020
211110000000.0,Southeast Core,25,Q2,2020,900.0,981.0,94,G21011100085001,Q2_2020
211110000000.0,Southeast Core,25,Q2,2020,900.0,981.0,78,G21011100085002,Q2_2020
211110000000.0,East Core,25,Q2,2020,950.0,1005.0,31,G21011100087004,Q2_2020
211110000000.0,Southeast Core,25,Q2,2020,900.0,981.0,44,G21011100088001,Q2_2020
211110000000.0,Southeast Core,25,Q2,2020,900.0,981.0,69,G21011100088002,Q2_2020
211110000000.0,Southeast Core,25,Q2,2020,900.0,981.0,33,G21011100088003,Q2_2020
211110000000.0,Southeast Core,25,Q2,2020,900.0,981.0,35,G21011100089001,Q2_2020
211110000000.0,Southeast Core,25,Q2,2020,900.0,981.0,46,G21011100089002,Q2_2020
211110000000.0,Southeast Core,25,Q2,2020,900.0,981.0,71,G21011100089003,Q2_2020
211110000000.0,Southeast Core,25,Q2,2020,975.0,981.0,45,G21011100089004,Q2_2020
211110000000.0,Southeast Core,25,Q2,2020,859.0,981.0,37,G21011100093002,Q2_2020
211110000000.0,Southeast Core,25,Q2,2020,770.0,981.0,68,G21011100093003,Q2_2020
211110000000.0,Southeast Core,25,Q2,2020,805.0,981.0,32,G21011100093005,Q2_2020
211110000000.0,Southeast Core,25,Q2,2020,950.0,981.0,50,G21011100096001,Q2_2020
211110000000.0,East Core,25,Q2,2020,898.0,1005.0,109,G21011100099001,Q2_2020
211110000000.0,East Core,25,Q2,2020,928.0,1005.0,141,G21011100099002,Q2_2020
211110000000.0,East Core,26,Q2,2020,986.0,1005.0,42,G21011100099003,Q2_2020
211110000000.0,East Metro,25,Q2,2020,869.0,1039.0,91,G21011100100041,Q2_2020
211110000000.0,East Metro,25,Q2,2020,884.0,1039.0,76,G21011100100042,Q2_2020
211110000000.0,East Metro,25,Q2,2020,887.0,1039.0,143,G21011100100043,Q2_2020
211110000000.0,East Metro,25,Q2,2020,900.0,1039.0,114,G21011100100044,Q2_2020
211110000000.0,East Metro,25,Q2,2020,946.0,1039.0,118,G21011100100054,Q2_2020
211110000000.0,East Metro,25,Q2,2020,936.0,1039.0,128,G21011100100055,Q2_2020
211110000000.0,East Metro,25,Q2,2020,946.0,1039.0,119,G21011100100063,Q2_2020
211110000000.0,East Metro,25,Q2,2020,1043.5,1039.0,130,G21011100101021,Q2_2020
211110000000.0,East Metro,25,Q2,2020,896.5,1039.0,96,G21011100101031,Q2_2020
211110000000.0,East Metro,25,Q2,2020,895.0,1039.0,91,G21011100101032,Q2_2020
211110000000.0,East Metro,25,Q2,2020,888.5,1039.0,120,G21011100101033,Q2_2020
211110000000.0,East Metro,25,Q2,2020,885.5,1039.0,114,G21011100101034,Q2_2020
211110000000.0,East Metro,25,Q2,2020,883.0,1039.0,71,G21011100101041,Q2_2020
211110000000.0,East Metro,25,Q2,2020,890.0,1039.0,131,G21011100101042,Q2_2020
211110000000.0,East Metro,25,Q2,2020,887.0,1039.0,143,G21011100101043,Q2_2020
211110000000.0,East Metro,25,Q2,2020,1301.5,1039.0,70,G21011100103091,Q2_2020
211110000000.0,East Metro,25,Q2,2020,1304.0,1039.0,71,G21011100103092,Q2_2020
211110000000.0,East Metro,25,Q2,2020,1250.5,1039.0,76,G21011100103093,Q2_2020
211110000000.0,Northeast Metro,25,Q2,2020,1465.5,1385.0,106,G21011100103133,Q2_2020
211110000000.0,Northeast Metro,25,Q2,2020,1464.0,1385.0,105,G21011100103134,Q2_2020
211110000000.0,North Floyd's Fork,25,Q2,2020,1304.5,1305.0,98,G21011100103191,Q2_2020
211110000000.0,North Floyd's Fork,25,Q2,2020,1438.5,1305.0,156,G21011100103192,Q2_2020
211110000000.0,North Floyd's Fork,25,Q2,2020,1299.0,1305.0,95,G21011100103193,Q2_2020
211110000000.0,North Floyd's Fork,25,Q2,2020,1350.0,1305.0,31,G21011100103203,Q2_2020
211110000000.0,North Floyd's Fork,25,Q2,2020,1464.0,1305.0,105,G21011100103231,Q2_2020
211110000000.0,East Metro,25,Q2,2020,1112.5,1039.0,68,G21011100104072,Q2_2020
211110000000.0,East Core,26,Q2,2020,961.0,1005.0,120,G21011100105002,Q2_2020
211110000000.0,East Core,26,Q2,2020,961.0,1005.0,88,G21011100105003,Q2_2020
211110000000.0,East Core,25,Q2,2020,1119.0,1005.0,146,G21011100105004,Q2_2020
211110000000.0,East Core,25,Q2,2020,1101.0,1005.0,182,G21011100106011,Q2_2020
211110000000.0,East Core,26,Q2,2020,1076.5,1005.0,190,G21011100106012,Q2_2020
211110000000.0,East Core,25,Q2,2020,1077.0,1005.0,198,G21011100106021,Q2_2020
211110000000.0,East Core,25,Q2,2020,1129.5,1005.0,212,G21011100106022,Q2_2020
211110000000.0,East Core,25,Q2,2020,1130.5,1005.0,202,G21011100106023,Q2_2020
211110000000.0,East Metro,25,Q2,2020,1175.0,1039.0,140,G21011100107011,Q2_2020
211110000000.0,East Metro,25,Q2,2020,1155.0,1039.0,135,G21011100107012,Q2_2020
211110000000.0,East Metro,25,Q2,2020,1167.0,1039.0,152,G21011100107013,Q2_2020
211110000000.0,East Metro,25,Q2,2020,1380.0,1039.0,33,G21011100107014,Q2_2020
211110000000.0,East Metro,25,Q2,2020,1305.0,1039.0,62,G21011100107015,Q2_2020
211110000000.0,Central Taylorsville,25,Q2,2020,965.0,915.0,52,G21011100107021,Q2_2020
211110000000.0,Central Taylorsville,25,Q2,2020,955.0,915.0,53,G21011100107022,Q2_2020
211110000000.0,Central Taylorsville,25,Q2,2020,1382.5,915.0,40,G21011100107023,Q2_2020
211110000000.0,East Metro,25,Q2,2020,1089.0,1039.0,95,G21011100107061,Q2_2020
211110000000.0,East Metro,25,Q2,2020,1140.0,1039.0,83,G21011100107071,Q2_2020
211110000000.0,East Metro,25,Q2,2020,1155.0,1039.0,136,G21011100107072,Q2_2020
211110000000.0,East Metro,25,Q2,2020,1130.0,1039.0,170,G21011100107081,Q2_2020
211110000000.0,East Metro,25,Q2,2020,1155.0,1039.0,163,G21011100107082,Q2_2020
211110000000.0,Central Taylorsville,25,Q2,2020,1202.5,915.0,90,G21011100108001,Q2_2020
211110000000.0,Central Taylorsville,25,Q2,2020,960.0,915.0,66,G21011100108003,Q2_2020
211110000000.0,Central Bardstown,25,Q2,2020,775.0,875.0,35,G21011100110053,Q2_2020
211110000000.0,Central Taylorsville,25,Q2,2020,859.0,915.0,48,G21011100110091,Q2_2020
211110000000.0,Central Taylorsville,25,Q2,2020,842.0,915.0,52,G21011100110092,Q2_2020
211110000000.0,Central Taylorsville,25,Q2,2020,829.0,915.0,55,G21011100110093,Q2_2020
211110000000.0,Central Bardstown,25,Q2,2020,885.0,875.0,48,G21011100111103,Q2_2020
211110000000.0,Central Taylorsville,25,Q2,2020,955.0,915.0,49,G21011100111112,Q2_2020
211110000000.0,Central Taylorsville,25,Q2,2020,949.0,915.0,62,G21011100111113,Q2_2020
211110000000.0,Central Taylorsville,25,Q2,2020,955.0,915.0,49,G21011100111121,Q2_2020
211110000000.0,Central Taylorsville,25,Q2,2020,940.0,915.0,60,G21011100111122,Q2_2020
211110000000.0,Central Taylorsville,25,Q2,2020,795.0,915.0,33,G21011100111181,Q2_2020
211110000000.0,Central Taylorsville,25,Q2,2020,795.0,915.0,33,G21011100111182,Q2_2020
211110000000.0,Central Bardstown,25,Q2,2020,1059.0,875.0,35,G21011100112021,Q2_2020
211110000000.0,Central Bardstown,25,Q2,2020,890.0,875.0,48,G21011100115064,Q2_2020
211110000000.0,Central Bardstown,25,Q2,2020,890.0,875.0,50,G21011100115092,Q2_2020
211110000000.0,Central Bardstown,25,Q2,2020,890.0,875.0,50,G21011100115093,Q2_2020
211110000000.0,Central Bardstown,25,Q2,2020,890.0,875.0,51,G21011100115153,Q2_2020
211110000000.0,Central Bardstown,25,Q2,2020,890.0,875.0,51,G21011100115154,Q2_2020
211110000000.0,South Floyd's Fork,25,Q2,2020,1075.0,1205.0,50,G21011100116051,Q2_2020
211110000000.0,South Floyd's Fork,25,Q2,2020,1225.0,1205.0,74,G21011100116053,Q2_2020
211110000000.0,McNeely Lake,25,Q2,2020,1040.5,1008.0,36,G21011100117112,Q2_2020
211110000000.0,McNeely Lake,25,Q2,2020,1021.0,1008.0,45,G21011100117113,Q2_2020
211110000000.0,McNeely Lake,25,Q2,2020,1040.5,1008.0,38,G21011100117122,Q2_2020
211110000000.0,South-Central Dixie,25,Q2,2020,1014.0,1091.0,53,G21011100121051,Q2_2020
211110000000.0,South-Central Dixie,25,Q2,2020,1014.0,1091.0,59,G21011100121053,Q2_2020
211110000000.0,South-Central Dixie,25,Q2,2020,1007.0,1091.0,62,G21011100121054,Q2_2020
211110000000.0,South-Central Dixie,25,Q2,2020,1000.0,1091.0,62,G21011100121081,Q2_2020
211110000000.0,South-Central Dixie,25,Q2,2020,1000.0,1091.0,61,G21011100121091,Q2_2020
211110000000.0,South-Central Dixie,25,Q2,2020,1014.0,1091.0,56,G21011100121092,Q2_2020
211110000000.0,South-Central Dixie,25,Q2,2020,804.0,1091.0,33,G21011100122031,Q2_2020
211110000000.0,Iroquois Park,25,Q2,2020,789.0,805.0,35,G21011100122043,Q2_2020
211110000000.0,Iroquois Park,25,Q2,2020,789.0,805.0,34,G21011100123021,Q2_2020
211110000000.0,Iroquois Park,25,Q2,2020,804.0,805.0,33,G21011100123022,Q2_2020
211110000000.0,South-Central Dixie,25,Q2,2020,1014.0,1091.0,57,G21011100124092,Q2_2020
211110000000.0,South-Central Dixie,25,Q2,2020,1007.0,1091.0,58,G21011100124093,Q2_2020
211110000000.0,South-Central Dixie,25,Q2,2020,796.5,1091.0,34,G21011100125021,Q2_2020
211110000000.0,Southwest Core,26,Q2,2020,703.0,750.0,36,G21011100128021,Q2_2020
211110000000.0,West Core,26,Q3,2020,670.0,725.0,60,G21011100027001,Q3_2020
211110000000.0,Northwest Core,27,Q3,2020,1030.0,825.0,113,G21011100030001,Q3_2020
211110000000.0,Northwest Core,27,Q3,2020,1020.0,825.0,105,G21011100030002,Q3_2020
211110000000.0,West Core,27,Q3,2020,797.5,725.0,132,G21011100035011,Q3_2020
211110000000.0,West Core,27,Q3,2020,850.0,725.0,96,G21011100035021,Q3_2020
211110000000.0,Southwest Core,27,Q3,2020,824.5,725.0,68,G21011100036001,Q3_2020
211110000000.0,Southwest Core,26,Q3,2020,825.0,725.0,69,G21011100036002,Q3_2020
211110000000.0,Southwest Core,26,Q3,2020,810.0,725.0,77,G21011100036003,Q3_2020
211110000000.0,Southwest Core,27,Q3,2020,825.0,725.0,68,G21011100036004,Q3_2020
211110000000.0,Southwest Core,27,Q3,2020,695.0,725.0,39,G21011100036005,Q3_2020
211110000000.0,University,27,Q3,2020,872.5,805.0,82,G21011100037001,Q3_2020
211110000000.0,University,27,Q3,2020,785.0,805.0,96,G21011100037002,Q3_2020
211110000000.0,Southwest Core,27,Q3,2020,775.0,725.0,49,G21011100038001,Q3_2020
211110000000.0,Southwest Core,27,Q3,2020,719.0,725.0,34,G21011100038002,Q3_2020
211110000000.0,Southwest Core,27,Q3,2020,719.0,725.0,31,G21011100038003,Q3_2020
211110000000.0,Southwest Core,27,Q3,2020,695.0,725.0,37,G21011100039001,Q3_2020
211110000000.0,Southwest Core,27,Q3,2020,699.5,725.0,34,G21011100039002,Q3_2020
211110000000.0,Southwest Core,26,Q3,2020,897.5,725.0,68,G21011100041001,Q3_2020
211110000000.0,Downtown,27,Q3,2020,1095.0,1125.0,84,G21011100049000,Q3_2020
211110000000.0,Downtown,27,Q3,2020,1100.0,1125.0,326,G21011100049001,Q3_2020
211110000000.0,Downtown,27,Q3,2020,1024.5,1125.0,164,G21011100049002,Q3_2020
211110000000.0,Downtown,27,Q3,2020,1154.0,1125.0,275,G21011100049003,Q3_2020
211110000000.0,Downtown,27,Q3,2020,945.0,1125.0,191,G21011100050001,Q3_2020
211110000000.0,Downtown,27,Q3,2020,930.0,1125.0,201,G21011100050002,Q3_2020
211110000000.0,University,27,Q3,2020,850.0,805.0,177,G21011100051001,Q3_2020
211110000000.0,University,27,Q3,2020,850.0,805.0,185,G21011100051002,Q3_2020
211110000000.0,University,27,Q3,2020,862.5,805.0,190,G21011100051003,Q3_2020
211110000000.0,University,27,Q3,2020,750.0,805.0,142,G21011100052001,Q3_2020
211110000000.0,University,27,Q3,2020,795.0,805.0,155,G21011100052002,Q3_2020
211110000000.0,University,27,Q3,2020,750.0,805.0,139,G21011100052003,Q3_2020
211110000000.0,University,27,Q3,2020,790.0,805.0,179,G21011100053001,Q3_2020
211110000000.0,University,27,Q3,2020,800.0,805.0,154,G21011100053002,Q3_2020
211110000000.0,Downtown,27,Q3,2020,1169.0,1125.0,361,G21011100059011,Q3_2020
211110000000.0,Downtown,27,Q3,2020,1199.0,1125.0,354,G21011100059012,Q3_2020
211110000000.0,Downtown,27,Q3,2020,1262.0,1125.0,345,G21011100059021,Q3_2020
211110000000.0,Downtown,27,Q3,2020,1248.0,1125.0,293,G21011100059022,Q3_2020
211110000000.0,Downtown,27,Q3,2020,1244.0,1125.0,291,G21011100059023,Q3_2020
211110000000.0,Downtown,27,Q3,2020,1199.0,1125.0,294,G21011100062001,Q3_2020
211110000000.0,Downtown,27,Q3,2020,1009.0,1125.0,281,G21011100062002,Q3_2020
211110000000.0,Southeast Core,27,Q3,2020,1099.0,1002.5,159,G21011100063001,Q3_2020
211110000000.0,Southeast Core,27,Q3,2020,1056.0,1002.5,172,G21011100063002,Q3_2020
211110000000.0,Southeast Core,27,Q3,2020,1119.0,1002.5,210,G21011100064001,Q3_2020
211110000000.0,Southeast Core,27,Q3,2020,1119.0,1002.5,205,G21011100064002,Q3_2020
211110000000.0,University,27,Q3,2020,900.0,805.0,187,G21011100065001,Q3_2020
211110000000.0,University,27,Q3,2020,1025.0,805.0,181,G21011100065002,Q3_2020
211110000000.0,University,27,Q3,2020,800.0,805.0,158,G21011100065003,Q3_2020
211110000000.0,University,27,Q3,2020,800.0,805.0,140,G21011100065004,Q3_2020
211110000000.0,University,27,Q3,2020,850.0,805.0,180,G21011100066001,Q3_2020
211110000000.0,University,27,Q3,2020,790.0,805.0,161,G21011100066002,Q3_2020
211110000000.0,Southeast Core,27,Q3,2020,790.0,1002.5,87,G21011100068001,Q3_2020
211110000000.0,Southeast Core,27,Q3,2020,862.5,1002.5,56,G21011100068002,Q3_2020
211110000000.0,Southeast Core,27,Q3,2020,827.5,1002.5,74,G21011100068003,Q3_2020
211110000000.0,Southeast Core,27,Q3,2020,1199.0,1002.5,123,G21011100069001,Q3_2020
211110000000.0,Southeast Core,27,Q3,2020,1025.0,1002.5,54,G21011100069002,Q3_2020
211110000000.0,Southeast Core,27,Q3,2020,1199.0,1002.5,108,G21011100069003,Q3_2020
211110000000.0,Southeast Core,27,Q3,2020,900.0,1002.5,47,G21011100070001,Q3_2020
211110000000.0,Southeast Core,26,Q3,2020,790.0,1002.5,68,G21011100070002,Q3_2020
211110000000.0,University,26,Q3,2020,900.0,805.0,73,G21011100071021,Q3_2020
211110000000.0,University,27,Q3,2020,790.0,805.0,106,G21011100071022,Q3_2020
211110000000.0,University,27,Q3,2020,797.5,805.0,162,G21011100071023,Q3_2020
211110000000.0,University,27,Q3,2020,895.0,805.0,115,G21011100071024,Q3_2020
211110000000.0,University,27,Q3,2020,872.5,805.0,114,G21011100071025,Q3_2020
211110000000.0,Northeast Core,27,Q3,2020,1025.0,1099.0,171,G21011100074001,Q3_2020
211110000000.0,Northeast Core,27,Q3,2020,1152.5,1099.0,180,G21011100074002,Q3_2020
211110000000.0,Northeast Core,27,Q3,2020,979.5,1099.0,134,G21011100076011,Q3_2020
211110000000.0,Northeast Core,27,Q3,2020,942.5,1099.0,52,G21011100076012,Q3_2020
211110000000.0,Northeast Core,27,Q3,2020,969.5,1099.0,130,G21011100076021,Q3_2020
211110000000.0,Northeast Core,27,Q3,2020,985.0,1099.0,135,G21011100076022,Q3_2020
211110000000.0,Northeast Core,26,Q3,2020,900.0,1099.0,61,G21011100076031,Q3_2020
211110000000.0,Northeast Core,27,Q3,2020,900.0,1099.0,57,G21011100076032,Q3_2020
211110000000.0,Northeast Core,27,Q3,2020,907.0,1099.0,74,G21011100076033,Q3_2020
211110000000.0,Northeast Core,27,Q3,2020,900.0,1099.0,45,G21011100079001,Q3_2020
211110000000.0,Northeast Core,27,Q3,2020,968.0,1099.0,103,G21011100079002,Q3_2020
211110000000.0,Northeast Core,27,Q3,2020,1006.5,1099.0,182,G21011100081001,Q3_2020
211110000000.0,Northeast Core,27,Q3,2020,1200.0,1099.0,225,G21011100081002,Q3_2020
211110000000.0,Northeast Core,27,Q3,2020,1218.5,1099.0,308,G21011100081003,Q3_2020
211110000000.0,Southeast Core,27,Q3,2020,1150.0,1002.5,163,G21011100082011,Q3_2020
211110000000.0,Southeast Core,26,Q3,2020,995.0,1002.5,108,G21011100082012,Q3_2020
211110000000.0,Southeast Core,27,Q3,2020,1139.0,1002.5,246,G21011100082021,Q3_2020
211110000000.0,Southeast Core,26,Q3,2020,999.5,1002.5,166,G21011100082022,Q3_2020
211110000000.0,Southeast Core,27,Q3,2020,995.0,1002.5,116,G21011100083001,Q3_2020
211110000000.0,Southeast Core,27,Q3,2020,1132.0,1002.5,168,G21011100083002,Q3_2020
211110000000.0,Southeast Core,27,Q3,2020,1000.0,1002.5,97,G21011100083003,Q3_2020
211110000000.0,Southeast Core,26,Q3,2020,962.5,1002.5,58,G21011100084001,Q3_2020
211110000000.0,Southeast Core,26,Q3,2020,962.5,1002.5,94,G21011100084002,Q3_2020
211110000000.0,Southeast Core,26,Q3,2020,995.0,1002.5,85,G21011100084003,Q3_2020
211110000000.0,Southeast Core,26,Q3,2020,962.5,1002.5,94,G21011100085001,Q3_2020
211110000000.0,Southeast Core,26,Q3,2020,950.0,1002.5,81,G21011100085002,Q3_2020
211110000000.0,East Core,26,Q3,2020,895.0,1088.0,35,G21011100087004,Q3_2020
211110000000.0,Southeast Core,26,Q3,2020,900.0,1002.5,37,G21011100088001,Q3_2020
211110000000.0,Southeast Core,26,Q3,2020,950.0,1002.5,59,G21011100088002,Q3_2020
211110000000.0,Southeast Core,26,Q3,2020,950.0,1002.5,60,G21011100089003,Q3_2020
211110000000.0,Southeast Core,26,Q3,2020,975.0,1002.5,35,G21011100089004,Q3_2020
211110000000.0,Southeast Core,26,Q3,2020,805.0,1002.5,37,G21011100093002,Q3_2020
211110000000.0,Southeast Core,26,Q3,2020,790.0,1002.5,64,G21011100093003,Q3_2020
211110000000.0,Southeast Core,26,Q3,2020,805.0,1002.5,33,G21011100093005,Q3_2020
211110000000.0,Southeast Core,26,Q3,2020,900.0,1002.5,39,G21011100096001,Q3_2020
211110000000.0,East Core,26,Q3,2020,953.0,1088.0,85,G21011100099001,Q3_2020
211110000000.0,East Core,26,Q3,2020,1017.0,1088.0,173,G21011100099002,Q3_2020
211110000000.0,East Core,27,Q3,2020,1050.0,1088.0,31,G21011100099003,Q3_2020
211110000000.0,East Metro,26,Q3,2020,894.0,1050.0,68,G21011100100041,Q3_2020
211110000000.0,East Metro,26,Q3,2020,903.0,1050.0,57,G21011100100042,Q3_2020
211110000000.0,East Metro,26,Q3,2020,901.0,1050.0,110,G21011100100043,Q3_2020
211110000000.0,East Metro,26,Q3,2020,893.0,1050.0,67,G21011100100044,Q3_2020
211110000000.0,East Metro,26,Q3,2020,901.0,1050.0,75,G21011100100054,Q3_2020
211110000000.0,East Metro,26,Q3,2020,901.0,1050.0,77,G21011100100055,Q3_2020
211110000000.0,East Metro,26,Q3,2020,901.0,1050.0,74,G21011100100063,Q3_2020
211110000000.0,East Metro,26,Q3,2020,1055.0,1050.0,119,G21011100101021,Q3_2020
211110000000.0,East Metro,26,Q3,2020,911.0,1050.0,72,G21011100101031,Q3_2020
211110000000.0,East Metro,26,Q3,2020,901.0,1050.0,71,G21011100101032,Q3_2020
211110000000.0,East Metro,26,Q3,2020,921.0,1050.0,97,G21011100101033,Q3_2020
211110000000.0,East Metro,26,Q3,2020,911.0,1050.0,96,G21011100101034,Q3_2020
211110000000.0,East Metro,26,Q3,2020,965.0,1050.0,62,G21011100101041,Q3_2020
211110000000.0,East Metro,26,Q3,2020,936.0,1050.0,113,G21011100101042,Q3_2020
211110000000.0,East Metro,26,Q3,2020,901.0,1050.0,111,G21011100101043,Q3_2020
211110000000.0,East Metro,26,Q3,2020,1160.0,1050.0,65,G21011100103091,Q3_2020
211110000000.0,East Metro,26,Q3,2020,1160.0,1050.0,65,G21011100103092,Q3_2020
211110000000.0,East Metro,26,Q3,2020,1160.0,1050.0,65,G21011100103093,Q3_2020
211110000000.0,Northeast Metro,26,Q3,2020,1464.0,1391.0,93,G21011100103133,Q3_2020
211110000000.0,Northeast Metro,26,Q3,2020,1464.0,1391.0,94,G21011100103134,Q3_2020
211110000000.0,North Floyd's Fork,26,Q3,2020,1162.5,1223.0,92,G21011100103191,Q3_2020
211110000000.0,North Floyd's Fork,26,Q3,2020,1388.0,1223.0,132,G21011100103192,Q3_2020
211110000000.0,North Floyd's Fork,26,Q3,2020,1162.0,1223.0,91,G21011100103193,Q3_2020
211110000000.0,North Floyd's Fork,26,Q3,2020,1464.0,1223.0,93,G21011100103231,Q3_2020
211110000000.0,East Metro,26,Q3,2020,1166.0,1050.0,89,G21011100104072,Q3_2020
211110000000.0,East Core,27,Q3,2020,1041.5,1088.0,168,G21011100105002,Q3_2020
211110000000.0,East Core,27,Q3,2020,1044.0,1088.0,139,G21011100105003,Q3_2020
211110000000.0,East Core,26,Q3,2020,1112.0,1088.0,197,G21011100105004,Q3_2020
211110000000.0,East Core,26,Q3,2020,1099.0,1088.0,219,G21011100106011,Q3_2020
211110000000.0,East Core,27,Q3,2020,1099.0,1088.0,233,G21011100106012,Q3_2020
211110000000.0,East Core,26,Q3,2020,1100.0,1088.0,237,G21011100106021,Q3_2020
211110000000.0,East Core,26,Q3,2020,1123.5,1088.0,256,G21011100106022,Q3_2020
211110000000.0,East Core,26,Q3,2020,1125.0,1088.0,251,G21011100106023,Q3_2020
211110000000.0,East Metro,26,Q3,2020,1233.0,1050.0,120,G21011100107011,Q3_2020
211110000000.0,East Metro,26,Q3,2020,1190.0,1050.0,98,G21011100107012,Q3_2020
211110000000.0,East Metro,26,Q3,2020,1202.5,1050.0,126,G21011100107013,Q3_2020
211110000000.0,East Metro,26,Q3,2020,1335.0,1050.0,37,G21011100107014,Q3_2020
211110000000.0,East Metro,26,Q3,2020,1315.0,1050.0,65,G21011100107015,Q3_2020
211110000000.0,Central Taylorsville,26,Q3,2020,977.5,929.0,36,G21011100107021,Q3_2020
211110000000.0,Central Taylorsville,26,Q3,2020,977.5,929.0,36,G21011100107022,Q3_2020
211110000000.0,Central Taylorsville,26,Q3,2020,1335.0,929.0,36,G21011100107023,Q3_2020
211110000000.0,East Metro,26,Q3,2020,1100.0,1050.0,51,G21011100107061,Q3_2020
211110000000.0,East Metro,26,Q3,2020,1195.0,1050.0,55,G21011100107071,Q3_2020
211110000000.0,East Metro,26,Q3,2020,1190.0,1050.0,98,G21011100107072,Q3_2020
211110000000.0,East Metro,26,Q3,2020,1154.5,1050.0,124,G21011100107081,Q3_2020
211110000000.0,East Metro,26,Q3,2020,1185.0,1050.0,141,G21011100107082,Q3_2020
211110000000.0,Central Taylorsville,26,Q3,2020,1242.0,929.0,78,G21011100108001,Q3_2020
211110000000.0,Central Taylorsville,26,Q3,2020,929.0,929.0,51,G21011100108003,Q3_2020
211110000000.0,Central Taylorsville,26,Q3,2020,869.0,929.0,33,G21011100110091,Q3_2020
211110000000.0,Central Taylorsville,26,Q3,2020,850.0,929.0,40,G21011100110092,Q3_2020
211110000000.0,Central Taylorsville,26,Q3,2020,850.0,929.0,46,G21011100110093,Q3_2020
211110000000.0,Central Bardstown,26,Q3,2020,905.0,899.0,51,G21011100111103,Q3_2020
211110000000.0,Central Taylorsville,26,Q3,2020,952.5,929.0,46,G21011100111112,Q3_2020
211110000000.0,Central Taylorsville,26,Q3,2020,929.0,929.0,55,G21011100111113,Q3_2020
211110000000.0,Central Taylorsville,26,Q3,2020,965.0,929.0,43,G21011100111121,Q3_2020
211110000000.0,Central Taylorsville,26,Q3,2020,945.0,929.0,46,G21011100111122,Q3_2020
211110000000.0,Central Bardstown,26,Q3,2020,900.0,899.0,31,G21011100112021,Q3_2020
211110000000.0,Central Bardstown,26,Q3,2020,905.0,899.0,45,G21011100115064,Q3_2020
211110000000.0,Central Bardstown,26,Q3,2020,902.5,899.0,50,G21011100115092,Q3_2020
211110000000.0,Central Bardstown,26,Q3,2020,905.0,899.0,51,G21011100115093,Q3_2020
211110000000.0,Central Bardstown,26,Q3,2020,928.0,899.0,53,G21011100115153,Q3_2020
211110000000.0,Central Bardstown,26,Q3,2020,905.0,899.0,45,G21011100115154,Q3_2020
211110000000.0,South Floyd's Fork,26,Q3,2020,1145.0,1165.0,59,G21011100116051,Q3_2020
211110000000.0,South Floyd's Fork,26,Q3,2020,1175.5,1165.0,86,G21011100116053,Q3_2020
211110000000.0,South-Central Dixie,26,Q3,2020,1100.0,1095.0,31,G21011100121053,Q3_2020
211110000000.0,South-Central Dixie,26,Q3,2020,1100.0,1095.0,31,G21011100121054,Q3_2020
211110000000.0,South-Central Dixie,26,Q3,2020,1128.0,1095.0,32,G21011100121081,Q3_2020
211110000000.0,South-Central Dixie,26,Q3,2020,1100.0,1095.0,31,G21011100121092,Q3_2020
211110000000.0,South-Central Dixie,26,Q3,2020,809.0,1095.0,33,G21011100122031,Q3_2020
211110000000.0,Iroquois Park,26,Q3,2020,789.0,810.0,37,G21011100122043,Q3_2020
211110000000.0,Iroquois Park,26,Q3,2020,809.0,810.0,32,G21011100123021,Q3_2020
211110000000.0,Iroquois Park,26,Q3,2020,809.0,810.0,32,G21011100123022,Q3_2020
211110000000.0,South-Central Dixie,26,Q3,2020,1132.0,1095.0,31,G21011100124092,Q3_2020
211110000000.0,South-Central Dixie,26,Q3,2020,809.0,1095.0,32,G21011100125021,Q3_2020
211110000000.0,Southwest Core,27,Q3,2020,704.0,725.0,33,G21011100128021,Q3_2020
211110000000.0,Northwest Core,27,Q4,2020,1055.0,899.0,84,G21011100023003,Q4_2020
211110000000.0,West Core,27,Q4,2020,795.0,850.0,51,G21011100027001,Q4_2020
211110000000.0,Northwest Core,28,Q4,2020,1030.0,899.0,147,G21011100030001,Q4_2020
211110000000.0,Northwest Core,28,Q4,2020,1030.0,899.0,140,G21011100030002,Q4_2020
211110000000.0,West Core,28,Q4,2020,825.0,850.0,99,G21011100035011,Q4_2020
211110000000.0,West Core,28,Q4,2020,870.0,850.0,69,G21011100035021,Q4_2020
211110000000.0,Southwest Core,28,Q4,2020,819.0,819.0,45,G21011100036001,Q4_2020
211110000000.0,Southwest Core,27,Q4,2020,819.0,819.0,43,G21011100036002,Q4_2020
211110000000.0,Southwest Core,27,Q4,2020,860.0,819.0,65,G21011100036003,Q4_2020
211110000000.0,Southwest Core,28,Q4,2020,844.0,819.0,47,G21011100036004,Q4_2020
211110000000.0,Southwest Core,28,Q4,2020,800.0,819.0,42,G21011100036005,Q4_2020
211110000000.0,University,28,Q4,2020,850.0,850.0,39,G21011100037001,Q4_2020
211110000000.0,University,28,Q4,2020,800.0,850.0,55,G21011100037002,Q4_2020
211110000000.0,Southwest Core,28,Q4,2020,799.5,819.0,52,G21011100038001,Q4_2020
211110000000.0,Southwest Core,28,Q4,2020,757.5,819.0,46,G21011100038002,Q4_2020
211110000000.0,Southwest Core,28,Q4,2020,768.0,819.0,42,G21011100038003,Q4_2020
211110000000.0,Southwest Core,28,Q4,2020,799.5,819.0,44,G21011100039001,Q4_2020
211110000000.0,Southwest Core,28,Q4,2020,787.0,819.0,44,G21011100039002,Q4_2020
211110000000.0,Southwest Core,27,Q4,2020,735.0,819.0,31,G21011100041001,Q4_2020
211110000000.0,Downtown,28,Q4,2020,1157.5,1064.0,104,G21011100049000,Q4_2020
211110000000.0,Downtown,28,Q4,2020,1029.0,1064.0,249,G21011100049001,Q4_2020
211110000000.0,Downtown,28,Q4,2020,1034.0,1064.0,184,G21011100049002,Q4_2020
211110000000.0,Downtown,28,Q4,2020,1064.0,1064.0,216,G21011100049003,Q4_2020
211110000000.0,Downtown,28,Q4,2020,885.5,1064.0,144,G21011100050001,Q4_2020
211110000000.0,Downtown,28,Q4,2020,875.0,1064.0,153,G21011100050002,Q4_2020
211110000000.0,University,28,Q4,2020,862.5,850.0,156,G21011100051001,Q4_2020
211110000000.0,University,28,Q4,2020,865.0,850.0,173,G21011100051002,Q4_2020
211110000000.0,University,28,Q4,2020,862.5,850.0,166,G21011100051003,Q4_2020
211110000000.0,University,28,Q4,2020,800.0,850.0,116,G21011100052001,Q4_2020
211110000000.0,University,28,Q4,2020,822.5,850.0,120,G21011100052002,Q4_2020
211110000000.0,University,28,Q4,2020,800.0,850.0,112,G21011100052003,Q4_2020
211110000000.0,University,28,Q4,2020,800.0,850.0,129,G21011100053001,Q4_2020
211110000000.0,University,28,Q4,2020,859.0,850.0,97,G21011100053002,Q4_2020
211110000000.0,Downtown,28,Q4,2020,1095.0,1064.0,277,G21011100059011,Q4_2020
211110000000.0,Downtown,28,Q4,2020,1100.0,1064.0,217,G21011100059012,Q4_2020
211110000000.0,Downtown,28,Q4,2020,1269.0,1064.0,244,G21011100059021,Q4_2020
211110000000.0,Downtown,28,Q4,2020,1254.0,1064.0,171,G21011100059022,Q4_2020
211110000000.0,Downtown,28,Q4,2020,1209.0,1064.0,173,G21011100059023,Q4_2020
211110000000.0,Downtown,28,Q4,2020,1005.0,1064.0,197,G21011100062001,Q4_2020
211110000000.0,Downtown,28,Q4,2020,972.5,1064.0,224,G21011100062002,Q4_2020
211110000000.0,Southeast Core,28,Q4,2020,1024.0,954.0,157,G21011100063001,Q4_2020
211110000000.0,Southeast Core,28,Q4,2020,999.0,954.0,172,G21011100063002,Q4_2020
211110000000.0,Southeast Core,28,Q4,2020,1097.5,954.0,178,G21011100064001,Q4_2020
211110000000.0,Southeast Core,28,Q4,2020,1095.0,954.0,189,G21011100064002,Q4_2020
211110000000.0,University,28,Q4,2020,865.0,850.0,177,G21011100065001,Q4_2020
211110000000.0,University,28,Q4,2020,995.0,850.0,152,G21011100065002,Q4_2020
211110000000.0,University,28,Q4,2020,850.0,850.0,142,G21011100065003,Q4_2020
211110000000.0,University,28,Q4,2020,847.0,850.0,114,G21011100065004,Q4_2020
211110000000.0,University,28,Q4,2020,859.0,850.0,169,G21011100066001,Q4_2020
211110000000.0,University,28,Q4,2020,805.0,850.0,140,G21011100066002,Q4_2020
211110000000.0,Southeast Core,28,Q4,2020,815.0,954.0,74,G21011100068001,Q4_2020
211110000000.0,Southeast Core,28,Q4,2020,850.0,954.0,70,G21011100068002,Q4_2020
211110000000.0,Southeast Core,28,Q4,2020,815.0,954.0,88,G21011100068003,Q4_2020
211110000000.0,Southeast Core,28,Q4,2020,1139.0,954.0,129,G21011100069001,Q4_2020
211110000000.0,Southeast Core,28,Q4,2020,895.0,954.0,60,G21011100069002,Q4_2020
211110000000.0,Southeast Core,28,Q4,2020,925.0,954.0,81,G21011100069003,Q4_2020
211110000000.0,Southeast Core,28,Q4,2020,850.0,954.0,56,G21011100070001,Q4_2020
211110000000.0,Southeast Core,27,Q4,2020,805.0,954.0,55,G21011100070002,Q4_2020
211110000000.0,University,27,Q4,2020,805.0,850.0,43,G21011100071021,Q4_2020
211110000000.0,University,28,Q4,2020,802.5,850.0,80,G21011100071022,Q4_2020
211110000000.0,University,28,Q4,2020,845.0,850.0,131,G21011100071023,Q4_2020
211110000000.0,University,28,Q4,2020,815.0,850.0,60,G21011100071024,Q4_2020
211110000000.0,University,28,Q4,2020,825.0,850.0,65,G21011100071025,Q4_2020
211110000000.0,Northeast Core,28,Q4,2020,1009.0,1050.0,181,G21011100074001,Q4_2020
211110000000.0,Northeast Core,28,Q4,2020,1175.0,1050.0,229,G21011100074002,Q4_2020
211110000000.0,Northeast Core,28,Q4,2020,1002.0,1050.0,167,G21011100076011,Q4_2020
211110000000.0,Northeast Core,28,Q4,2020,975.0,1050.0,55,G21011100076012,Q4_2020
211110000000.0,Northeast Core,28,Q4,2020,993.5,1050.0,158,G21011100076021,Q4_2020
211110000000.0,Northeast Core,28,Q4,2020,995.0,1050.0,163,G21011100076022,Q4_2020
211110000000.0,Northeast Core,27,Q4,2020,901.0,1050.0,65,G21011100076031,Q4_2020
211110000000.0,Northeast Core,28,Q4,2020,904.0,1050.0,61,G21011100076032,Q4_2020
211110000000.0,Northeast Core,28,Q4,2020,934.5,1050.0,72,G21011100076033,Q4_2020
211110000000.0,Northeast Core,28,Q4,2020,904.5,1050.0,50,G21011100079001,Q4_2020
211110000000.0,Northeast Core,28,Q4,2020,1009.0,1050.0,135,G21011100079002,Q4_2020
211110000000.0,Northeast Core,28,Q4,2020,1017.0,1050.0,190,G21011100081001,Q4_2020
211110000000.0,Northeast Core,28,Q4,2020,1225.0,1050.0,280,G21011100081002,Q4_2020
211110000000.0,Northeast Core,28,Q4,2020,1154.5,1050.0,190,G21011100081003,Q4_2020
211110000000.0,Southeast Core,28,Q4,2020,1139.0,954.0,158,G21011100082011,Q4_2020
211110000000.0,Southeast Core,27,Q4,2020,950.0,954.0,111,G21011100082012,Q4_2020
211110000000.0,Southeast Core,28,Q4,2020,1199.0,954.0,245,G21011100082021,Q4_2020
211110000000.0,Southeast Core,27,Q4,2020,1009.0,954.0,197,G21011100082022,Q4_2020
211110000000.0,Southeast Core,28,Q4,2020,950.0,954.0,114,G21011100083001,Q4_2020
211110000000.0,Southeast Core,28,Q4,2020,1139.0,954.0,154,G21011100083002,Q4_2020
211110000000.0,Southeast Core,28,Q4,2020,925.0,954.0,105,G21011100083003,Q4_2020
211110000000.0,Southeast Core,27,Q4,2020,935.0,954.0,62,G21011100084001,Q4_2020
211110000000.0,Southeast Core,27,Q4,2020,950.0,954.0,90,G21011100084002,Q4_2020
211110000000.0,Southeast Core,27,Q4,2020,950.0,954.0,81,G21011100084003,Q4_2020
211110000000.0,Southeast Core,27,Q4,2020,975.0,954.0,91,G21011100085001,Q4_2020
211110000000.0,Southeast Core,27,Q4,2020,910.0,954.0,79,G21011100085002,Q4_2020
211110000000.0,East Core,27,Q4,2020,950.0,1047.0,40,G21011100087004,Q4_2020
211110000000.0,Southeast Core,27,Q4,2020,915.0,954.0,51,G21011100088001,Q4_2020
211110000000.0,Southeast Core,27,Q4,2020,912.5,954.0,68,G21011100088002,Q4_2020
211110000000.0,Southeast Core,27,Q4,2020,920.0,954.0,44,G21011100089002,Q4_2020
211110000000.0,Southeast Core,27,Q4,2020,900.0,954.0,65,G21011100089003,Q4_2020
211110000000.0,Southeast Core,27,Q4,2020,950.0,954.0,47,G21011100089004,Q4_2020
211110000000.0,Southeast Core,27,Q4,2020,837.0,954.0,38,G21011100093002,Q4_2020
211110000000.0,Southeast Core,27,Q4,2020,805.0,954.0,49,G21011100093003,Q4_2020
211110000000.0,Southeast Core,27,Q4,2020,805.0,954.0,31,G21011100093005,Q4_2020
211110000000.0,Southeast Core,27,Q4,2020,900.0,954.0,47,G21011100096001,Q4_2020
211110000000.0,East Core,27,Q4,2020,990.0,1047.0,114,G21011100099001,Q4_2020
211110000000.0,East Core,27,Q4,2020,989.0,1047.0,153,G21011100099002,Q4_2020
211110000000.0,East Core,28,Q4,2020,1093.0,1047.0,35,G21011100099003,Q4_2020
211110000000.0,East Metro,27,Q4,2020,893.0,1030.0,101,G21011100100041,Q4_2020
211110000000.0,East Metro,27,Q4,2020,895.0,1030.0,98,G21011100100042,Q4_2020
211110000000.0,East Metro,27,Q4,2020,901.0,1030.0,154,G21011100100043,Q4_2020
211110000000.0,East Metro,27,Q4,2020,888.0,1030.0,98,G21011100100044,Q4_2020
211110000000.0,East Metro,27,Q4,2020,901.0,1030.0,112,G21011100100054,Q4_2020
211110000000.0,East Metro,27,Q4,2020,901.0,1030.0,114,G21011100100055,Q4_2020
211110000000.0,East Metro,27,Q4,2020,901.0,1030.0,110,G21011100100063,Q4_2020
211110000000.0,East Metro,27,Q4,2020,1045.0,1030.0,143,G21011100101021,Q4_2020
211110000000.0,East Metro,27,Q4,2020,901.0,1030.0,113,G21011100101031,Q4_2020
211110000000.0,East Metro,27,Q4,2020,901.0,1030.0,109,G21011100101032,Q4_2020
211110000000.0,East Metro,27,Q4,2020,901.0,1030.0,137,G21011100101033,Q4_2020
211110000000.0,East Metro,27,Q4,2020,901.0,1030.0,136,G21011100101034,Q4_2020
211110000000.0,East Metro,27,Q4,2020,994.0,1030.0,86,G21011100101041,Q4_2020
211110000000.0,East Metro,27,Q4,2020,950.0,1030.0,171,G21011100101042,Q4_2020
211110000000.0,East Metro,27,Q4,2020,901.0,1030.0,159,G21011100101043,Q4_2020
211110000000.0,East Metro,27,Q4,2020,1124.0,1030.0,61,G21011100103091,Q4_2020
211110000000.0,East Metro,27,Q4,2020,1146.0,1030.0,55,G21011100103092,Q4_2020
211110000000.0,East Metro,27,Q4,2020,1119.0,1030.0,59,G21011100103093,Q4_2020
211110000000.0,Northeast Metro,27,Q4,2020,1434.5,1428.5,112,G21011100103133,Q4_2020
211110000000.0,Northeast Metro,27,Q4,2020,1434.5,1428.5,112,G21011100103134,Q4_2020
211110000000.0,North Floyd's Fork,27,Q4,2020,1141.0,1340.0,73,G21011100103191,Q4_2020
211110000000.0,North Floyd's Fork,27,Q4,2020,1391.0,1340.0,142,G21011100103192,Q4_2020
211110000000.0,North Floyd's Fork,27,Q4,2020,1164.0,1340.0,92,G21011100103193,Q4_2020
211110000000.0,North Floyd's Fork,27,Q4,2020,1340.0,1340.0,43,G21011100103203,Q4_2020
211110000000.0,North Floyd's Fork,27,Q4,2020,1446.0,1340.0,115,G21011100103231,Q4_2020
211110000000.0,East Metro,27,Q4,2020,1125.5,1030.0,84,G21011100104072,Q4_2020
211110000000.0,East Core,28,Q4,2020,1000.0,1047.0,131,G21011100105002,Q4_2020
211110000000.0,East Core,28,Q4,2020,1000.0,1047.0,119,G21011100105003,Q4_2020
211110000000.0,East Core,27,Q4,2020,1042.0,1047.0,149,G21011100105004,Q4_2020
211110000000.0,East Core,27,Q4,2020,1041.0,1047.0,188,G21011100106011,Q4_2020
211110000000.0,East Core,28,Q4,2020,1041.0,1047.0,182,G21011100106012,Q4_2020
211110000000.0,East Core,27,Q4,2020,1063.5,1047.0,224,G21011100106021,Q4_2020
211110000000.0,East Core,27,Q4,2020,1111.0,1047.0,263,G21011100106022,Q4_2020
211110000000.0,East Core,27,Q4,2020,1110.0,1047.0,254,G21011100106023,Q4_2020
211110000000.0,East Metro,27,Q4,2020,1209.0,1030.0,155,G21011100107011,Q4_2020
211110000000.0,East Metro,27,Q4,2020,1180.0,1030.0,134,G21011100107012,Q4_2020
211110000000.0,East Metro,27,Q4,2020,1200.0,1030.0,167,G21011100107013,Q4_2020
211110000000.0,East Metro,27,Q4,2020,1272.5,1030.0,72,G21011100107014,Q4_2020
211110000000.0,East Metro,27,Q4,2020,1294.5,1030.0,62,G21011100107015,Q4_2020
211110000000.0,Central Taylorsville,27,Q4,2020,1072.5,1075.0,56,G21011100107021,Q4_2020
211110000000.0,Central Taylorsville,27,Q4,2020,1120.0,1075.0,57,G21011100107022,Q4_2020
211110000000.0,Central Taylorsville,27,Q4,2020,1275.0,1075.0,73,G21011100107023,Q4_2020
211110000000.0,East Metro,27,Q4,2020,1100.0,1030.0,97,G21011100107061,Q4_2020
211110000000.0,East Metro,27,Q4,2020,1180.0,1030.0,93,G21011100107071,Q4_2020
211110000000.0,East Metro,27,Q4,2020,1180.0,1030.0,134,G21011100107072,Q4_2020
211110000000.0,East Metro,27,Q4,2020,1142.0,1030.0,178,G21011100107081,Q4_2020
211110000000.0,East Metro,27,Q4,2020,1173.0,1030.0,194,G21011100107082,Q4_2020
211110000000.0,Central Taylorsville,27,Q4,2020,1108.0,1075.0,75,G21011100108001,Q4_2020
211110000000.0,Central Taylorsville,27,Q4,2020,1120.0,1075.0,49,G21011100108003,Q4_2020
211110000000.0,Central Taylorsville,27,Q4,2020,899.0,1075.0,31,G21011100110092,Q4_2020
211110000000.0,Central Taylorsville,27,Q4,2020,899.0,1075.0,35,G21011100110093,Q4_2020
211110000000.0,Central Bardstown,27,Q4,2020,899.0,910.0,83,G21011100111103,Q4_2020
211110000000.0,Central Taylorsville,27,Q4,2020,1120.0,1075.0,63,G21011100111112,Q4_2020
211110000000.0,Central Taylorsville,27,Q4,2020,1050.0,1075.0,68,G21011100111113,Q4_2020
211110000000.0,Central Taylorsville,27,Q4,2020,1120.0,1075.0,60,G21011100111121,Q4_2020
211110000000.0,Central Taylorsville,27,Q4,2020,1025.0,1075.0,64,G21011100111122,Q4_2020
211110000000.0,Central Taylorsville,27,Q4,2020,890.0,1075.0,36,G21011100111181,Q4_2020
211110000000.0,Central Taylorsville,27,Q4,2020,865.0,1075.0,33,G21011100111182,Q4_2020
211110000000.0,Central Bardstown,27,Q4,2020,959.0,910.0,35,G21011100112021,Q4_2020
211110000000.0,Central Bardstown,27,Q4,2020,889.0,910.0,68,G21011100115064,Q4_2020
211110000000.0,Central Bardstown,27,Q4,2020,889.0,910.0,76,G21011100115092,Q4_2020
211110000000.0,Central Bardstown,27,Q4,2020,899.0,910.0,80,G21011100115093,Q4_2020
211110000000.0,Central Bardstown,27,Q4,2020,913.0,910.0,80,G21011100115153,Q4_2020
211110000000.0,Central Bardstown,27,Q4,2020,875.0,910.0,61,G21011100115154,Q4_2020
211110000000.0,South Floyd's Fork,27,Q4,2020,1125.0,1130.0,61,G21011100116051,Q4_2020
211110000000.0,South Floyd's Fork,27,Q4,2020,1132.5,1130.0,84,G21011100116053,Q4_2020
211110000000.0,McNeely Lake,27,Q4,2020,1225.0,1225.0,37,G21011100117112,Q4_2020
211110000000.0,McNeely Lake,27,Q4,2020,1395.0,1225.0,49,G21011100117113,Q4_2020
211110000000.0,McNeely Lake,27,Q4,2020,1156.0,1225.0,45,G21011100117122,Q4_2020
211110000000.0,South-Central Dixie,27,Q4,2020,1047.0,1100.0,31,G21011100121051,Q4_2020
211110000000.0,South-Central Dixie,27,Q4,2020,1091.0,1100.0,39,G21011100121053,Q4_2020
211110000000.0,South-Central Dixie,27,Q4,2020,1143.0,1100.0,44,G21011100121054,Q4_2020
211110000000.0,South-Central Dixie,27,Q4,2020,1175.0,1100.0,41,G21011100121081,Q4_2020
211110000000.0,South-Central Dixie,27,Q4,2020,1066.0,1100.0,33,G21011100121091,Q4_2020
211110000000.0,South-Central Dixie,27,Q4,2020,799.0,1100.0,39,G21011100122031,Q4_2020
211110000000.0,Iroquois Park,27,Q4,2020,796.5,820.0,36,G21011100122043,Q4_2020
211110000000.0,Iroquois Park,27,Q4,2020,804.0,820.0,46,G21011100123021,Q4_2020
211110000000.0,Iroquois Park,27,Q4,2020,804.0,820.0,40,G21011100123022,Q4_2020
211110000000.0,South-Central Dixie,27,Q4,2020,1175.0,1100.0,43,G21011100124092,Q4_2020
211110000000.0,South-Central Dixie,27,Q4,2020,1143.0,1100.0,44,G21011100124093,Q4_2020
211110000000.0,South-Central Dixie,27,Q4,2020,809.0,1100.0,47,G21011100125021,Q4_2020
211110000000.0,Southwest Core,28,Q4,2020,760.5,819.0,38,G21011100128021,Q4_2020
211110000000.0,Northwest Core,28,Q1,2021,1126.0,930.0,66,G21011100023003,Q1_2021
211110000000.0,West Core,28,Q1,2021,1085.0,900.0,101,G21011100027001,Q1_2021
211110000000.0,Northwest Core,29,Q1,2021,1052.5,930.0,108,G21011100030001,Q1_2021
211110000000.0,Northwest Core,29,Q1,2021,1116.0,930.0,177,G21011100030002,Q1_2021
211110000000.0,West Core,29,Q1,2021,859.0,900.0,67,G21011100035011,Q1_2021
211110000000.0,West Core,29,Q1,2021,900.0,900.0,49,G21011100035021,Q1_2021
211110000000.0,Southwest Core,28,Q1,2021,897.0,926.0,34,G21011100036003,Q1_2021
211110000000.0,Southwest Core,29,Q1,2021,895.0,926.0,31,G21011100036005,Q1_2021
211110000000.0,University,29,Q1,2021,867.0,950.0,36,G21011100037002,Q1_2021
211110000000.0,Southwest Core,29,Q1,2021,899.0,926.0,39,G21011100038001,Q1_2021
211110000000.0,Southwest Core,29,Q1,2021,815.5,926.0,34,G21011100038002,Q1_2021
211110000000.0,Southwest Core,29,Q1,2021,850.0,926.0,31,G21011100039001,Q1_2021
211110000000.0,Downtown,29,Q1,2021,1258.5,1064.0,70,G21011100049000,Q1_2021
211110000000.0,Downtown,29,Q1,2021,1044.0,1064.0,244,G21011100049001,Q1_2021
211110000000.0,Downtown,29,Q1,2021,1045.0,1064.0,239,G21011100049002,Q1_2021
211110000000.0,Downtown,29,Q1,2021,1060.0,1064.0,228,G21011100049003,Q1_2021
211110000000.0,Downtown,29,Q1,2021,950.0,1064.0,184,G21011100050001,Q1_2021
211110000000.0,Downtown,29,Q1,2021,965.5,1064.0,188,G21011100050002,Q1_2021
211110000000.0,University,29,Q1,2021,995.0,950.0,171,G21011100051001,Q1_2021
211110000000.0,University,29,Q1,2021,970.0,950.0,194,G21011100051002,Q1_2021
211110000000.0,University,29,Q1,2021,970.0,950.0,188,G21011100051003,Q1_2021
211110000000.0,University,29,Q1,2021,812.5,950.0,66,G21011100052001,Q1_2021
211110000000.0,University,29,Q1,2021,812.5,950.0,66,G21011100052002,Q1_2021
211110000000.0,University,29,Q1,2021,1015.0,950.0,139,G21011100052003,Q1_2021
211110000000.0,University,29,Q1,2021,872.5,950.0,74,G21011100053001,Q1_2021
211110000000.0,University,29,Q1,2021,900.0,950.0,69,G21011100053002,Q1_2021
211110000000.0,Downtown,29,Q1,2021,1150.0,1064.0,286,G21011100059011,Q1_2021
211110000000.0,Downtown,29,Q1,2021,1100.0,1064.0,240,G21011100059012,Q1_2021
211110000000.0,Downtown,29,Q1,2021,1315.0,1064.0,131,G21011100059021,Q1_2021
211110000000.0,Downtown,29,Q1,2021,1162.5,1064.0,126,G21011100059022,Q1_2021
211110000000.0,Downtown,29,Q1,2021,1100.0,1064.0,130,G21011100059023,Q1_2021
211110000000.0,Downtown,29,Q1,2021,1000.0,1064.0,156,G21011100062001,Q1_2021
211110000000.0,Downtown,29,Q1,2021,1030.0,1064.0,236,G21011100062002,Q1_2021
211110000000.0,Southeast Core,29,Q1,2021,1175.0,1000.0,119,G21011100063001,Q1_2021
211110000000.0,Southeast Core,29,Q1,2021,1197.0,1000.0,118,G21011100063002,Q1_2021
211110000000.0,Southeast Core,29,Q1,2021,1175.0,1000.0,117,G21011100064001,Q1_2021
211110000000.0,Southeast Core,29,Q1,2021,1199.0,1000.0,109,G21011100064002,Q1_2021
211110000000.0,University,29,Q1,2021,950.0,950.0,203,G21011100065001,Q1_2021
211110000000.0,University,29,Q1,2021,1200.0,950.0,106,G21011100065002,Q1_2021
211110000000.0,University,29,Q1,2021,900.0,950.0,95,G21011100065003,Q1_2021
211110000000.0,University,29,Q1,2021,950.0,950.0,71,G21011100065004,Q1_2021
211110000000.0,University,29,Q1,2021,970.0,950.0,192,G21011100066001,Q1_2021
211110000000.0,University,29,Q1,2021,825.0,950.0,79,G21011100066002,Q1_2021
211110000000.0,Southeast Core,29,Q1,2021,895.0,1000.0,54,G21011100068001,Q1_2021
211110000000.0,Southeast Core,29,Q1,2021,895.0,1000.0,51,G21011100068002,Q1_2021
211110000000.0,Southeast Core,29,Q1,2021,895.0,1000.0,59,G21011100068003,Q1_2021
211110000000.0,Southeast Core,29,Q1,2021,1195.0,1000.0,117,G21011100069001,Q1_2021
211110000000.0,Southeast Core,29,Q1,2021,927.0,1000.0,56,G21011100069002,Q1_2021
211110000000.0,Southeast Core,29,Q1,2021,950.0,1000.0,53,G21011100069003,Q1_2021
211110000000.0,Southeast Core,29,Q1,2021,895.0,1000.0,46,G21011100070001,Q1_2021
211110000000.0,Southeast Core,28,Q1,2021,895.0,1000.0,41,G21011100070002,Q1_2021
211110000000.0,University,29,Q1,2021,854.5,950.0,64,G21011100071022,Q1_2021
211110000000.0,University,29,Q1,2021,950.0,950.0,81,G21011100071023,Q1_2021
211110000000.0,University,29,Q1,2021,859.0,950.0,43,G21011100071024,Q1_2021
211110000000.0,University,29,Q1,2021,895.0,950.0,47,G21011100071025,Q1_2021
211110000000.0,Northeast Core,29,Q1,2021,1013.0,1020.0,138,G21011100074001,Q1_2021
211110000000.0,Northeast Core,29,Q1,2021,1069.0,1020.0,156,G21011100074002,Q1_2021
211110000000.0,Northeast Core,29,Q1,2021,995.0,1020.0,135,G21011100076011,Q1_2021
211110000000.0,Northeast Core,29,Q1,2021,850.0,1020.0,37,G21011100076012,Q1_2021
211110000000.0,Northeast Core,29,Q1,2021,1013.0,1020.0,127,G21011100076021,Q1_2021
211110000000.0,Northeast Core,29,Q1,2021,995.0,1020.0,127,G21011100076022,Q1_2021
211110000000.0,Northeast Core,28,Q1,2021,900.0,1020.0,51,G21011100076031,Q1_2021
211110000000.0,Northeast Core,29,Q1,2021,892.0,1020.0,48,G21011100076032,Q1_2021
211110000000.0,Northeast Core,29,Q1,2021,876.5,1020.0,56,G21011100076033,Q1_2021
211110000000.0,Northeast Core,29,Q1,2021,850.0,1020.0,36,G21011100079001,Q1_2021
211110000000.0,Northeast Core,29,Q1,2021,1018.0,1020.0,108,G21011100079002,Q1_2021
211110000000.0,Northeast Core,29,Q1,2021,1013.0,1020.0,131,G21011100081001,Q1_2021
211110000000.0,Northeast Core,29,Q1,2021,1199.0,1020.0,213,G21011100081002,Q1_2021
211110000000.0,Northeast Core,29,Q1,2021,1199.0,1020.0,104,G21011100081003,Q1_2021
211110000000.0,Southeast Core,29,Q1,2021,1129.5,1000.0,124,G21011100082011,Q1_2021
211110000000.0,Southeast Core,28,Q1,2021,950.0,1000.0,71,G21011100082012,Q1_2021
211110000000.0,Southeast Core,29,Q1,2021,1125.0,1000.0,187,G21011100082021,Q1_2021
211110000000.0,Southeast Core,28,Q1,2021,1017.0,1000.0,135,G21011100082022,Q1_2021
211110000000.0,Southeast Core,29,Q1,2021,925.0,1000.0,65,G21011100083001,Q1_2021
211110000000.0,Southeast Core,29,Q1,2021,1167.0,1000.0,118,G21011100083002,Q1_2021
211110000000.0,Southeast Core,29,Q1,2021,925.0,1000.0,83,G21011100083003,Q1_2021
211110000000.0,Southeast Core,28,Q1,2021,900.0,1000.0,46,G21011100084001,Q1_2021
211110000000.0,Southeast Core,28,Q1,2021,925.0,1000.0,59,G21011100084002,Q1_2021
211110000000.0,Southeast Core,28,Q1,2021,972.5,1000.0,50,G21011100084003,Q1_2021
211110000000.0,Southeast Core,28,Q1,2021,950.0,1000.0,65,G21011100085001,Q1_2021
211110000000.0,Southeast Core,28,Q1,2021,900.0,1000.0,48,G21011100085002,Q1_2021
211110000000.0,East Core,28,Q1,2021,950.0,1060.5,40,G21011100087004,Q1_2021
211110000000.0,Southeast Core,28,Q1,2021,900.0,1000.0,39,G21011100088001,Q1_2021
211110000000.0,Southeast Core,28,Q1,2021,900.0,1000.0,53,G21011100088002,Q1_2021
211110000000.0,Southeast Core,28,Q1,2021,1195.0,1000.0,31,G21011100088003,Q1_2021
211110000000.0,Southeast Core,28,Q1,2021,1195.0,1000.0,31,G21011100089001,Q1_2021
211110000000.0,Southeast Core,28,Q1,2021,950.0,1000.0,36,G21011100089002,Q1_2021
211110000000.0,Southeast Core,28,Q1,2021,900.0,1000.0,47,G21011100089003,Q1_2021
211110000000.0,Southeast Core,28,Q1,2021,895.0,1000.0,37,G21011100093002,Q1_2021
211110000000.0,Southeast Core,28,Q1,2021,895.0,1000.0,41,G21011100093003,Q1_2021
211110000000.0,Southeast Core,28,Q1,2021,895.0,1000.0,36,G21011100093005,Q1_2021
211110000000.0,Southeast Core,28,Q1,2021,959.0,1000.0,54,G21011100096001,Q1_2021
211110000000.0,East Core,28,Q1,2021,1041.0,1060.5,97,G21011100099001,Q1_2021
211110000000.0,East Core,28,Q1,2021,1054.0,1060.5,141,G21011100099002,Q1_2021
211110000000.0,East Metro,28,Q1,2021,930.0,1081.0,74,G21011100100041,Q1_2021
211110000000.0,East Metro,28,Q1,2021,934.0,1081.0,76,G21011100100042,Q1_2021
211110000000.0,East Metro,28,Q1,2021,943.0,1081.0,110,G21011100100043,Q1_2021
211110000000.0,East Metro,28,Q1,2021,930.0,1081.0,71,G21011100100044,Q1_2021
211110000000.0,East Metro,28,Q1,2021,940.5,1081.0,78,G21011100100054,Q1_2021
211110000000.0,East Metro,28,Q1,2021,936.0,1081.0,79,G21011100100055,Q1_2021
211110000000.0,East Metro,28,Q1,2021,940.5,1081.0,78,G21011100100063,Q1_2021
211110000000.0,East Metro,28,Q1,2021,1091.0,1081.0,109,G21011100101021,Q1_2021
211110000000.0,East Metro,28,Q1,2021,930.0,1081.0,75,G21011100101031,Q1_2021
211110000000.0,East Metro,28,Q1,2021,933.0,1081.0,72,G21011100101032,Q1_2021
211110000000.0,East Metro,28,Q1,2021,940.5,1081.0,100,G21011100101033,Q1_2021
211110000000.0,East Metro,28,Q1,2021,938.0,1081.0,96,G21011100101034,Q1_2021
211110000000.0,East Metro,28,Q1,2021,1070.0,1081.0,71,G21011100101041,Q1_2021
211110000000.0,East Metro,28,Q1,2021,997.0,1081.0,131,G21011100101042,Q1_2021
211110000000.0,East Metro,28,Q1,2021,946.0,1081.0,113,G21011100101043,Q1_2021
211110000000.0,East Metro,28,Q1,2021,1171.0,1081.0,49,G21011100103091,Q1_2021
211110000000.0,East Metro,28,Q1,2021,1176.0,1081.0,47,G21011100103092,Q1_2021
211110000000.0,East Metro,28,Q1,2021,1158.5,1081.0,46,G21011100103093,Q1_2021
211110000000.0,Northeast Metro,28,Q1,2021,1558.0,1459.5,62,G21011100103133,Q1_2021
211110000000.0,Northeast Metro,28,Q1,2021,1519.0,1459.5,63,G21011100103134,Q1_2021
211110000000.0,North Floyd's Fork,28,Q1,2021,1475.0,1488.0,65,G21011100103191,Q1_2021
211110000000.0,North Floyd's Fork,28,Q1,2021,1464.0,1488.0,79,G21011100103192,Q1_2021
211110000000.0,North Floyd's Fork,28,Q1,2021,1357.0,1488.0,76,G21011100103193,Q1_2021
211110000000.0,North Floyd's Fork,28,Q1,2021,1745.0,1488.0,43,G21011100103202,Q1_2021
211110000000.0,North Floyd's Fork,28,Q1,2021,1725.0,1488.0,47,G21011100103203,Q1_2021
211110000000.0,North Floyd's Fork,28,Q1,2021,1700.0,1488.0,73,G21011100103231,Q1_2021
211110000000.0,North Floyd's Fork,28,Q1,2021,1745.0,1488.0,43,G21011100103241,Q1_2021
211110000000.0,East Metro,28,Q1,2021,1140.0,1081.0,57,G21011100104072,Q1_2021
211110000000.0,East Core,29,Q1,2021,1049.0,1060.5,125,G21011100105002,Q1_2021
211110000000.0,East Core,29,Q1,2021,1049.0,1060.5,123,G21011100105003,Q1_2021
211110000000.0,East Core,28,Q1,2021,1065.0,1060.5,94,G21011100105004,Q1_2021
211110000000.0,East Core,28,Q1,2021,1072.0,1060.5,143,G21011100106011,Q1_2021
211110000000.0,East Core,29,Q1,2021,1045.0,1060.5,128,G21011100106012,Q1_2021
211110000000.0,East Core,28,Q1,2021,1097.0,1060.5,176,G21011100106021,Q1_2021
211110000000.0,East Core,28,Q1,2021,1110.5,1060.5,186,G21011100106022,Q1_2021
211110000000.0,East Core,28,Q1,2021,1107.0,1060.5,178,G21011100106023,Q1_2021
211110000000.0,East Metro,28,Q1,2021,1210.0,1081.0,111,G21011100107011,Q1_2021
211110000000.0,East Metro,28,Q1,2021,1190.0,1081.0,97,G21011100107012,Q1_2021
211110000000.0,East Metro,28,Q1,2021,1190.0,1081.0,113,G21011100107013,Q1_2021
211110000000.0,East Metro,28,Q1,2021,1172.5,1081.0,36,G21011100107014,Q1_2021
211110000000.0,East Metro,28,Q1,2021,1230.0,1081.0,57,G21011100107015,Q1_2021
211110000000.0,Central Taylorsville,28,Q1,2021,1110.0,1242.5,39,G21011100107021,Q1_2021
211110000000.0,Central Taylorsville,28,Q1,2021,1135.0,1242.5,41,G21011100107022,Q1_2021
211110000000.0,Central Taylorsville,28,Q1,2021,1180.0,1242.5,37,G21011100107023,Q1_2021
211110000000.0,East Metro,28,Q1,2021,1210.0,1081.0,53,G21011100107061,Q1_2021
211110000000.0,East Metro,28,Q1,2021,1190.0,1081.0,50,G21011100107071,Q1_2021
211110000000.0,East Metro,28,Q1,2021,1195.0,1081.0,98,G21011100107072,Q1_2021
211110000000.0,East Metro,28,Q1,2021,1187.0,1081.0,122,G21011100107081,Q1_2021
211110000000.0,East Metro,28,Q1,2021,1192.5,1081.0,128,G21011100107082,Q1_2021
211110000000.0,Central Taylorsville,28,Q1,2021,1154.5,1242.5,38,G21011100108001,Q1_2021
211110000000.0,Central Taylorsville,28,Q1,2021,1107.5,1242.5,36,G21011100108003,Q1_2021
211110000000.0,Central Bardstown,28,Q1,2021,1555.0,1314.0,41,G21011100110035,Q1_2021
211110000000.0,Central Bardstown,28,Q1,2021,1575.0,1314.0,37,G21011100110053,Q1_2021
211110000000.0,Central Taylorsville,28,Q1,2021,845.0,1242.5,31,G21011100110091,Q1_2021
211110000000.0,Central Taylorsville,28,Q1,2021,849.5,1242.5,36,G21011100110092,Q1_2021
211110000000.0,Central Taylorsville,28,Q1,2021,850.0,1242.5,47,G21011100110093,Q1_2021
211110000000.0,Central Taylorsville,28,Q1,2021,1137.0,1242.5,50,G21011100111112,Q1_2021
211110000000.0,Central Taylorsville,28,Q1,2021,1110.0,1242.5,51,G21011100111113,Q1_2021
211110000000.0,Central Taylorsville,28,Q1,2021,1152.5,1242.5,48,G21011100111121,Q1_2021
211110000000.0,Central Taylorsville,28,Q1,2021,1140.0,1242.5,42,G21011100111122,Q1_2021
211110000000.0,Central Taylorsville,28,Q1,2021,1520.0,1242.5,39,G21011100111181,Q1_2021
211110000000.0,Central Bardstown,28,Q1,2021,1039.0,1314.0,37,G21011100112021,Q1_2021
211110000000.0,South Floyd's Fork,28,Q1,2021,1105.0,1115.0,31,G21011100116051,Q1_2021
211110000000.0,South Floyd's Fork,28,Q1,2021,1122.5,1115.0,50,G21011100116053,Q1_2021
211110000000.0,McNeely Lake,28,Q1,2021,1695.0,1655.0,33,G21011100117113,Q1_2021
211110000000.0,McNeely Lake,28,Q1,2021,789.0,1655.0,31,G21011100117122,Q1_2021
211110000000.0,South-Central Dixie,28,Q1,2021,1245.0,1318.0,37,G21011100121051,Q1_2021
211110000000.0,South-Central Dixie,28,Q1,2021,1293.0,1318.0,63,G21011100121053,Q1_2021
211110000000.0,South-Central Dixie,28,Q1,2021,1288.0,1318.0,65,G21011100121054,Q1_2021
211110000000.0,South-Central Dixie,28,Q1,2021,1249.5,1318.0,54,G21011100121081,Q1_2021
211110000000.0,South-Central Dixie,28,Q1,2021,1294.0,1318.0,57,G21011100121091,Q1_2021
211110000000.0,South-Central Dixie,28,Q1,2021,1245.0,1318.0,43,G21011100121092,Q1_2021
211110000000.0,South-Central Dixie,28,Q1,2021,845.0,1318.0,35,G21011100122031,Q1_2021
211110000000.0,Iroquois Park,28,Q1,2021,820.0,920.0,35,G21011100123021,Q1_2021
211110000000.0,South-Central Dixie,28,Q1,2021,1238.0,1318.0,54,G21011100124092,Q1_2021
211110000000.0,South-Central Dixie,28,Q1,2021,1305.0,1318.0,71,G21011100124093,Q1_2021
211110000000.0,South-Central Dixie,28,Q1,2021,834.0,1318.0,38,G21011100125021,Q1_2021
211110000000.0,Northwest Core,29,Q2,2021,1175.0,945.0,72,G21011100023003,Q2_2021
211110000000.0,West Core,29,Q2,2021,1085.0,900.0,145,G21011100027001,Q2_2021
211110000000.0,Northwest Core,30,Q2,2021,1090.0,945.0,161,G21011100030001,Q2_2021
211110000000.0,Northwest Core,30,Q2,2021,1095.0,945.0,267,G21011100030002,Q2_2021
211110000000.0,West Core,30,Q2,2021,885.0,900.0,191,G21011100035011,Q2_2021
211110000000.0,West Core,30,Q2,2021,895.0,900.0,157,G21011100035021,Q2_2021
211110000000.0,Southwest Core,30,Q2,2021,895.0,950.0,51,G21011100036001,Q2_2021
211110000000.0,Southwest Core,29,Q2,2021,850.0,950.0,39,G21011100036002,Q2_2021
211110000000.0,Southwest Core,29,Q2,2021,1040.0,950.0,61,G21011100036003,Q2_2021
211110000000.0,Southwest Core,30,Q2,2021,850.0,950.0,43,G21011100036004,Q2_2021
211110000000.0,Southwest Core,30,Q2,2021,650.0,950.0,33,G21011100036005,Q2_2021
211110000000.0,University,30,Q2,2021,975.0,925.0,74,G21011100037001,Q2_2021
211110000000.0,University,30,Q2,2021,895.0,925.0,67,G21011100037002,Q2_2021
211110000000.0,Southwest Core,30,Q2,2021,922.5,950.0,66,G21011100038001,Q2_2021
211110000000.0,Southwest Core,30,Q2,2021,777.5,950.0,64,G21011100038002,Q2_2021
211110000000.0,Southwest Core,30,Q2,2021,750.0,950.0,53,G21011100038003,Q2_2021
211110000000.0,Southwest Core,30,Q2,2021,700.0,950.0,41,G21011100039001,Q2_2021
211110000000.0,Southwest Core,30,Q2,2021,725.0,950.0,33,G21011100039002,Q2_2021
211110000000.0,Southwest Core,29,Q2,2021,962.5,950.0,58,G21011100041001,Q2_2021
211110000000.0,Downtown,30,Q2,2021,1200.0,1169.0,110,G21011100049000,Q2_2021
211110000000.0,Downtown,30,Q2,2021,1046.0,1169.0,362,G21011100049001,Q2_2021
211110000000.0,Downtown,30,Q2,2021,1090.0,1169.0,312,G21011100049002,Q2_2021
211110000000.0,Downtown,30,Q2,2021,1275.0,1169.0,348,G21011100049003,Q2_2021
211110000000.0,Downtown,30,Q2,2021,1003.0,1169.0,309,G21011100050001,Q2_2021
211110000000.0,Downtown,30,Q2,2021,995.0,1169.0,332,G21011100050002,Q2_2021
211110000000.0,University,30,Q2,2021,960.0,925.0,344,G21011100051001,Q2_2021
211110000000.0,University,30,Q2,2021,950.0,925.0,385,G21011100051002,Q2_2021
211110000000.0,University,30,Q2,2021,950.0,925.0,375,G21011100051003,Q2_2021
211110000000.0,University,30,Q2,2021,882.5,925.0,242,G21011100052001,Q2_2021
211110000000.0,University,30,Q2,2021,875.0,925.0,230,G21011100052002,Q2_2021
211110000000.0,University,30,Q2,2021,935.0,925.0,320,G21011100052003,Q2_2021
211110000000.0,University,30,Q2,2021,875.0,925.0,216,G21011100053001,Q2_2021
211110000000.0,University,30,Q2,2021,900.0,925.0,205,G21011100053002,Q2_2021
211110000000.0,Downtown,30,Q2,2021,1275.0,1169.0,467,G21011100059011,Q2_2021
211110000000.0,Downtown,30,Q2,2021,1259.0,1169.0,429,G21011100059012,Q2_2021
211110000000.0,Downtown,30,Q2,2021,1399.0,1169.0,303,G21011100059021,Q2_2021
211110000000.0,Downtown,30,Q2,2021,1388.0,1169.0,303,G21011100059022,Q2_2021
211110000000.0,Downtown,30,Q2,2021,1380.0,1169.0,249,G21011100059023,Q2_2021
211110000000.0,Downtown,30,Q2,2021,1132.0,1169.0,308,G21011100062001,Q2_2021
211110000000.0,Downtown,30,Q2,2021,1030.0,1169.0,412,G21011100062002,Q2_2021
211110000000.0,Southeast Core,30,Q2,2021,1029.0,1029.5,221,G21011100063001,Q2_2021
211110000000.0,Southeast Core,30,Q2,2021,1018.0,1029.5,237,G21011100063002,Q2_2021
211110000000.0,Southeast Core,30,Q2,2021,1050.0,1029.5,213,G21011100064001,Q2_2021
211110000000.0,Southeast Core,30,Q2,2021,1088.0,1029.5,219,G21011100064002,Q2_2021
211110000000.0,University,30,Q2,2021,950.0,925.0,325,G21011100065001,Q2_2021
211110000000.0,University,30,Q2,2021,985.0,925.0,230,G21011100065002,Q2_2021
211110000000.0,University,30,Q2,2021,895.0,925.0,257,G21011100065003,Q2_2021
211110000000.0,University,30,Q2,2021,900.0,925.0,181,G21011100065004,Q2_2021
211110000000.0,University,30,Q2,2021,950.0,925.0,377,G21011100066001,Q2_2021
211110000000.0,University,30,Q2,2021,877.5,925.0,252,G21011100066002,Q2_2021
211110000000.0,Southeast Core,30,Q2,2021,950.0,1029.5,106,G21011100068001,Q2_2021
211110000000.0,Southeast Core,30,Q2,2021,925.0,1029.5,97,G21011100068002,Q2_2021
211110000000.0,Southeast Core,30,Q2,2021,897.5,1029.5,122,G21011100068003,Q2_2021
211110000000.0,Southeast Core,30,Q2,2021,1100.0,1029.5,195,G21011100069001,Q2_2021
211110000000.0,Southeast Core,30,Q2,2021,909.0,1029.5,113,G21011100069002,Q2_2021
211110000000.0,Southeast Core,30,Q2,2021,900.0,1029.5,118,G21011100069003,Q2_2021
211110000000.0,Southeast Core,30,Q2,2021,950.0,1029.5,73,G21011100070001,Q2_2021
211110000000.0,Southeast Core,29,Q2,2021,1000.0,1029.5,64,G21011100070002,Q2_2021
211110000000.0,University,29,Q2,2021,1200.0,925.0,49,G21011100071021,Q2_2021
211110000000.0,University,30,Q2,2021,900.0,925.0,141,G21011100071022,Q2_2021
211110000000.0,University,30,Q2,2021,900.0,925.0,230,G21011100071023,Q2_2021
211110000000.0,University,30,Q2,2021,945.0,925.0,127,G21011100071024,Q2_2021
211110000000.0,University,30,Q2,2021,962.5,925.0,128,G21011100071025,Q2_2021
211110000000.0,Northeast Core,30,Q2,2021,1031.0,1085.0,205,G21011100074001,Q2_2021
211110000000.0,Northeast Core,30,Q2,2021,1137.0,1085.0,255,G21011100074002,Q2_2021
211110000000.0,Northeast Core,30,Q2,2021,1039.0,1085.0,191,G21011100076011,Q2_2021
211110000000.0,Northeast Core,30,Q2,2021,925.0,1085.0,80,G21011100076012,Q2_2021
211110000000.0,Northeast Core,30,Q2,2021,1039.0,1085.0,199,G21011100076021,Q2_2021
211110000000.0,Northeast Core,30,Q2,2021,1039.5,1085.0,196,G21011100076022,Q2_2021
211110000000.0,Northeast Core,29,Q2,2021,980.0,1085.0,96,G21011100076031,Q2_2021
211110000000.0,Northeast Core,30,Q2,2021,980.0,1085.0,89,G21011100076032,Q2_2021
211110000000.0,Northeast Core,30,Q2,2021,980.0,1085.0,103,G21011100076033,Q2_2021
211110000000.0,Northeast Core,30,Q2,2021,925.0,1085.0,75,G21011100079001,Q2_2021
211110000000.0,Northeast Core,30,Q2,2021,1061.0,1085.0,157,G21011100079002,Q2_2021
211110000000.0,Northeast Core,30,Q2,2021,1047.0,1085.0,205,G21011100081001,Q2_2021
211110000000.0,Northeast Core,30,Q2,2021,1228.0,1085.0,327,G21011100081002,Q2_2021
211110000000.0,Northeast Core,30,Q2,2021,1305.0,1085.0,273,G21011100081003,Q2_2021
211110000000.0,Southeast Core,30,Q2,2021,1134.0,1029.5,194,G21011100082011,Q2_2021
211110000000.0,Southeast Core,29,Q2,2021,985.0,1029.5,116,G21011100082012,Q2_2021
211110000000.0,Southeast Core,30,Q2,2021,1119.0,1029.5,276,G21011100082021,Q2_2021
211110000000.0,Southeast Core,29,Q2,2021,1048.5,1029.5,196,G21011100082022,Q2_2021
211110000000.0,Southeast Core,30,Q2,2021,950.0,1029.5,125,G21011100083001,Q2_2021
211110000000.0,Southeast Core,30,Q2,2021,1100.0,1029.5,199,G21011100083002,Q2_2021
211110000000.0,Southeast Core,30,Q2,2021,950.0,1029.5,139,G21011100083003,Q2_2021
211110000000.0,Southeast Core,29,Q2,2021,1050.0,1029.5,69,G21011100084001,Q2_2021
211110000000.0,Southeast Core,29,Q2,2021,975.0,1029.5,89,G21011100084002,Q2_2021
211110000000.0,Southeast Core,29,Q2,2021,1050.0,1029.5,80,G21011100084003,Q2_2021
211110000000.0,Southeast Core,29,Q2,2021,987.5,1029.5,84,G21011100085001,Q2_2021
211110000000.0,Southeast Core,29,Q2,2021,1025.0,1029.5,68,G21011100085002,Q2_2021
211110000000.0,East Core,29,Q2,2021,900.0,1094.0,40,G21011100087004,Q2_2021
211110000000.0,Southeast Core,29,Q2,2021,1195.0,1029.5,37,G21011100088001,Q2_2021
211110000000.0,Southeast Core,29,Q2,2021,1000.0,1029.5,57,G21011100088002,Q2_2021
211110000000.0,Southeast Core,29,Q2,2021,1199.5,1029.5,32,G21011100088003,Q2_2021
211110000000.0,Southeast Core,29,Q2,2021,1200.0,1029.5,35,G21011100089001,Q2_2021
211110000000.0,Southeast Core,29,Q2,2021,1085.0,1029.5,42,G21011100089002,Q2_2021
211110000000.0,Southeast Core,29,Q2,2021,1000.0,1029.5,57,G21011100089003,Q2_2021
211110000000.0,Southeast Core,29,Q2,2021,975.0,1029.5,40,G21011100089004,Q2_2021
211110000000.0,Southeast Core,29,Q2,2021,1000.0,1029.5,54,G21011100093002,Q2_2021
211110000000.0,Southeast Core,29,Q2,2021,1072.5,1029.5,58,G21011100093003,Q2_2021
211110000000.0,Southeast Core,29,Q2,2021,1000.0,1029.5,49,G21011100093005,Q2_2021
211110000000.0,Southeast Core,29,Q2,2021,932.0,1029.5,62,G21011100096001,Q2_2021
211110000000.0,East Core,29,Q2,2021,1043.0,1094.0,129,G21011100099001,Q2_2021
211110000000.0,East Core,29,Q2,2021,1038.0,1094.0,213,G21011100099002,Q2_2021
211110000000.0,East Core,30,Q2,2021,1075.0,1094.0,45,G21011100099003,Q2_2021
211110000000.0,East Metro,29,Q2,2021,931.0,1105.0,78,G21011100100041,Q2_2021
211110000000.0,East Metro,29,Q2,2021,1000.0,1105.0,67,G21011100100042,Q2_2021
211110000000.0,East Metro,29,Q2,2021,958.0,1105.0,137,G21011100100043,Q2_2021
211110000000.0,East Metro,29,Q2,2021,930.0,1105.0,76,G21011100100044,Q2_2021
211110000000.0,East Metro,29,Q2,2021,935.0,1105.0,110,G21011100100054,Q2_2021
211110000000.0,East Metro,29,Q2,2021,935.0,1105.0,113,G21011100100055,Q2_2021
211110000000.0,East Metro,29,Q2,2021,935.0,1105.0,110,G21011100100063,Q2_2021
211110000000.0,East Metro,29,Q2,2021,1066.0,1105.0,135,G21011100101021,Q2_2021
211110000000.0,East Metro,29,Q2,2021,944.0,1105.0,110,G21011100101031,Q2_2021
211110000000.0,East Metro,29,Q2,2021,953.0,1105.0,105,G21011100101032,Q2_2021
211110000000.0,East Metro,29,Q2,2021,971.0,1105.0,127,G21011100101033,Q2_2021
211110000000.0,East Metro,29,Q2,2021,954.5,1105.0,124,G21011100101034,Q2_2021
211110000000.0,East Metro,29,Q2,2021,1024.0,1105.0,95,G21011100101041,Q2_2021
211110000000.0,East Metro,29,Q2,2021,997.5,1105.0,158,G21011100101042,Q2_2021
211110000000.0,East Metro,29,Q2,2021,971.0,1105.0,139,G21011100101043,Q2_2021
211110000000.0,East Metro,29,Q2,2021,1305.5,1105.0,100,G21011100103091,Q2_2021
211110000000.0,East Metro,29,Q2,2021,1309.0,1105.0,101,G21011100103092,Q2_2021
211110000000.0,East Metro,29,Q2,2021,1226.0,1105.0,67,G21011100103093,Q2_2021
211110000000.0,Northeast Metro,29,Q2,2021,1891.0,1812.5,93,G21011100103133,Q2_2021
211110000000.0,Northeast Metro,29,Q2,2021,1885.0,1812.5,91,G21011100103134,Q2_2021
211110000000.0,North Floyd's Fork,29,Q2,2021,1395.0,1571.5,83,G21011100103191,Q2_2021
211110000000.0,North Floyd's Fork,29,Q2,2021,1540.0,1571.5,77,G21011100103192,Q2_2021
211110000000.0,North Floyd's Fork,29,Q2,2021,1334.0,1571.5,113,G21011100103193,Q2_2021
211110000000.0,North Floyd's Fork,29,Q2,2021,1655.0,1571.5,75,G21011100103202,Q2_2021
211110000000.0,North Floyd's Fork,29,Q2,2021,1695.0,1571.5,65,G21011100103203,Q2_2021
211110000000.0,North Floyd's Fork,29,Q2,2021,1735.0,1571.5,48,G21011100103231,Q2_2021
211110000000.0,North Floyd's Fork,29,Q2,2021,1700.0,1571.5,50,G21011100103241,Q2_2021
211110000000.0,East Metro,29,Q2,2021,1211.0,1105.0,58,G21011100104072,Q2_2021
211110000000.0,East Core,30,Q2,2021,1063.0,1094.0,181,G21011100105002,Q2_2021
211110000000.0,East Core,30,Q2,2021,1035.0,1094.0,145,G21011100105003,Q2_2021
211110000000.0,East Core,29,Q2,2021,1130.0,1094.0,193,G21011100105004,Q2_2021
211110000000.0,East Core,29,Q2,2021,1119.0,1094.0,257,G21011100106011,Q2_2021
211110000000.0,East Core,30,Q2,2021,1100.0,1094.0,244,G21011100106012,Q2_2021
211110000000.0,East Core,29,Q2,2021,1119.5,1094.0,298,G21011100106021,Q2_2021
211110000000.0,East Core,29,Q2,2021,1165.5,1094.0,322,G21011100106022,Q2_2021
211110000000.0,East Core,29,Q2,2021,1165.0,1094.0,317,G21011100106023,Q2_2021
211110000000.0,East Metro,29,Q2,2021,1275.0,1105.0,133,G21011100107011,Q2_2021
211110000000.0,East Metro,29,Q2,2021,1207.0,1105.0,116,G21011100107012,Q2_2021
211110000000.0,East Metro,29,Q2,2021,1218.0,1105.0,134,G21011100107013,Q2_2021
211110000000.0,East Metro,29,Q2,2021,1255.0,1105.0,87,G21011100107014,Q2_2021
211110000000.0,East Metro,29,Q2,2021,1333.0,1105.0,53,G21011100107015,Q2_2021
211110000000.0,Central Taylorsville,29,Q2,2021,1055.0,1223.0,51,G21011100107021,Q2_2021
211110000000.0,Central Taylorsville,29,Q2,2021,1070.0,1223.0,55,G21011100107022,Q2_2021
211110000000.0,Central Taylorsville,29,Q2,2021,1300.0,1223.0,65,G21011100107023,Q2_2021
211110000000.0,East Metro,29,Q2,2021,1218.0,1105.0,62,G21011100107061,Q2_2021
211110000000.0,East Metro,29,Q2,2021,1210.5,1105.0,70,G21011100107071,Q2_2021
211110000000.0,East Metro,29,Q2,2021,1210.0,1105.0,117,G21011100107072,Q2_2021
211110000000.0,East Metro,29,Q2,2021,1215.0,1105.0,135,G21011100107081,Q2_2021
211110000000.0,East Metro,29,Q2,2021,1238.0,1105.0,146,G21011100107082,Q2_2021
211110000000.0,Central Taylorsville,29,Q2,2021,1225.0,1223.0,85,G21011100108001,Q2_2021
211110000000.0,Central Taylorsville,29,Q2,2021,1107.5,1223.0,54,G21011100108003,Q2_2021
211110000000.0,Central Bardstown,29,Q2,2021,1495.0,1295.0,47,G21011100110035,Q2_2021
211110000000.0,Central Bardstown,29,Q2,2021,1555.0,1295.0,37,G21011100110053,Q2_2021
211110000000.0,Central Taylorsville,29,Q2,2021,950.0,1223.0,40,G21011100110091,Q2_2021
211110000000.0,Central Taylorsville,29,Q2,2021,950.0,1223.0,46,G21011100110092,Q2_2021
211110000000.0,Central Taylorsville,29,Q2,2021,1050.0,1223.0,56,G21011100110093,Q2_2021
211110000000.0,Central Taylorsville,29,Q2,2021,1175.0,1223.0,74,G21011100111112,Q2_2021
211110000000.0,Central Taylorsville,29,Q2,2021,1065.0,1223.0,67,G21011100111113,Q2_2021
211110000000.0,Central Taylorsville,29,Q2,2021,1185.0,1223.0,65,G21011100111121,Q2_2021
211110000000.0,Central Taylorsville,29,Q2,2021,1145.0,1223.0,63,G21011100111122,Q2_2021
211110000000.0,Central Taylorsville,29,Q2,2021,1350.0,1223.0,44,G21011100111181,Q2_2021
211110000000.0,Central Taylorsville,29,Q2,2021,1300.0,1223.0,39,G21011100111182,Q2_2021
211110000000.0,Central Bardstown,29,Q2,2021,929.0,1295.0,53,G21011100112021,Q2_2021
211110000000.0,Central Bardstown,29,Q2,2021,1445.0,1295.0,34,G21011100115153,Q2_2021
211110000000.0,South Floyd's Fork,29,Q2,2021,1210.5,1211.0,54,G21011100116051,Q2_2021
211110000000.0,South Floyd's Fork,29,Q2,2021,1210.5,1211.0,54,G21011100116053,Q2_2021
211110000000.0,McNeely Lake,29,Q2,2021,1655.0,1645.0,37,G21011100117112,Q2_2021
211110000000.0,McNeely Lake,29,Q2,2021,1695.0,1645.0,60,G21011100117113,Q2_2021
211110000000.0,McNeely Lake,29,Q2,2021,925.0,1645.0,60,G21011100117122,Q2_2021
211110000000.0,South-Central Dixie,29,Q2,2021,1248.0,1420.0,66,G21011100121051,Q2_2021
211110000000.0,South-Central Dixie,29,Q2,2021,1348.5,1420.0,88,G21011100121053,Q2_2021
211110000000.0,South-Central Dixie,29,Q2,2021,1305.0,1420.0,92,G21011100121054,Q2_2021
211110000000.0,South-Central Dixie,29,Q2,2021,1300.0,1420.0,88,G21011100121081,Q2_2021
211110000000.0,South-Central Dixie,29,Q2,2021,1380.0,1420.0,89,G21011100121091,Q2_2021
211110000000.0,South-Central Dixie,29,Q2,2021,1297.5,1420.0,68,G21011100121092,Q2_2021
211110000000.0,South-Central Dixie,29,Q2,2021,959.5,1420.0,46,G21011100122031,Q2_2021
211110000000.0,Iroquois Park,29,Q2,2021,864.5,935.0,34,G21011100122043,Q2_2021
211110000000.0,Iroquois Park,29,Q2,2021,928.0,935.0,44,G21011100123021,Q2_2021
211110000000.0,Iroquois Park,29,Q2,2021,844.0,935.0,33,G21011100123022,Q2_2021
211110000000.0,South-Central Dixie,29,Q2,2021,1270.0,1420.0,84,G21011100124092,Q2_2021
211110000000.0,South-Central Dixie,29,Q2,2021,1343.5,1420.0,100,G21011100124093,Q2_2021
211110000000.0,South-Central Dixie,29,Q2,2021,913.0,1420.0,51,G21011100125021,Q2_2021
211110000000.0,Southwest Core,30,Q2,2021,725.0,950.0,33,G21011100128021,Q2_2021
211110000000.0,West Core,30,Q3,2021,1140.0,875.0,133,G21011100027001,Q3_2021
211110000000.0,Northwest Core,31,Q3,2021,1095.0,895.0,124,G21011100030001,Q3_2021
211110000000.0,Northwest Core,31,Q3,2021,1155.0,895.0,224,G21011100030002,Q3_2021
211110000000.0,West Core,31,Q3,2021,885.0,875.0,176,G21011100035011,Q3_2021
211110000000.0,West Core,31,Q3,2021,880.0,875.0,138,G21011100035021,Q3_2021
211110000000.0,Southwest Core,31,Q3,2021,950.0,1000.0,69,G21011100036001,Q3_2021
211110000000.0,Southwest Core,30,Q3,2021,875.0,1000.0,51,G21011100036002,Q3_2021
211110000000.0,Southwest Core,30,Q3,2021,950.0,1000.0,79,G21011100036003,Q3_2021
211110000000.0,Southwest Core,31,Q3,2021,900.0,1000.0,61,G21011100036004,Q3_2021
211110000000.0,Southwest Core,31,Q3,2021,872.5,1000.0,50,G21011100036005,Q3_2021
211110000000.0,University,31,Q3,2021,982.5,990.0,80,G21011100037001,Q3_2021
211110000000.0,University,31,Q3,2021,962.5,990.0,76,G21011100037002,Q3_2021
211110000000.0,Southwest Core,31,Q3,2021,975.0,1000.0,86,G21011100038001,Q3_2021
211110000000.0,Southwest Core,31,Q3,2021,975.0,1000.0,59,G21011100038002,Q3_2021
211110000000.0,Southwest Core,31,Q3,2021,950.0,1000.0,51,G21011100038003,Q3_2021
211110000000.0,Southwest Core,31,Q3,2021,850.0,1000.0,47,G21011100039001,Q3_2021
211110000000.0,Southwest Core,31,Q3,2021,895.0,1000.0,37,G21011100039002,Q3_2021
211110000000.0,Southwest Core,30,Q3,2021,997.5,1000.0,68,G21011100041001,Q3_2021
211110000000.0,Downtown,31,Q3,2021,1095.0,1202.5,71,G21011100049000,Q3_2021
211110000000.0,Downtown,31,Q3,2021,1095.0,1202.5,333,G21011100049001,Q3_2021
211110000000.0,Downtown,31,Q3,2021,1140.0,1202.5,259,G21011100049002,Q3_2021
211110000000.0,Downtown,31,Q3,2021,1299.5,1202.5,348,G21011100049003,Q3_2021
211110000000.0,Downtown,31,Q3,2021,1094.0,1202.5,297,G21011100050001,Q3_2021
211110000000.0,Downtown,31,Q3,2021,1090.0,1202.5,327,G21011100050002,Q3_2021
211110000000.0,University,31,Q3,2021,1025.0,990.0,325,G21011100051001,Q3_2021
211110000000.0,University,31,Q3,2021,1025.0,990.0,348,G21011100051002,Q3_2021
211110000000.0,University,31,Q3,2021,1025.0,990.0,335,G21011100051003,Q3_2021
211110000000.0,University,31,Q3,2021,887.5,990.0,216,G21011100052001,Q3_2021
211110000000.0,University,31,Q3,2021,872.5,990.0,204,G21011100052002,Q3_2021
211110000000.0,University,31,Q3,2021,995.0,990.0,278,G21011100052003,Q3_2021
211110000000.0,University,31,Q3,2021,900.0,990.0,201,G21011100053001,Q3_2021
211110000000.0,University,31,Q3,2021,943.0,990.0,186,G21011100053002,Q3_2021
211110000000.0,Downtown,31,Q3,2021,1274.5,1202.5,450,G21011100059011,Q3_2021
211110000000.0,Downtown,31,Q3,2021,1297.0,1202.5,452,G21011100059012,Q3_2021
211110000000.0,Downtown,31,Q3,2021,1337.0,1202.5,330,G21011100059021,Q3_2021
211110000000.0,Downtown,31,Q3,2021,1356.0,1202.5,250,G21011100059022,Q3_2021
211110000000.0,Downtown,31,Q3,2021,1349.0,1202.5,275,G21011100059023,Q3_2021
211110000000.0,Downtown,31,Q3,2021,1279.5,1202.5,340,G21011100062001,Q3_2021
211110000000.0,Downtown,31,Q3,2021,1125.0,1202.5,406,G21011100062002,Q3_2021
211110000000.0,Southeast Core,31,Q3,2021,1130.0,1149.0,196,G21011100063001,Q3_2021
211110000000.0,Southeast Core,31,Q3,2021,1104.0,1149.0,212,G21011100063002,Q3_2021
211110000000.0,Southeast Core,31,Q3,2021,1120.5,1149.0,216,G21011100064001,Q3_2021
211110000000.0,Southeast Core,31,Q3,2021,1149.0,1149.0,215,G21011100064002,Q3_2021
211110000000.0,University,31,Q3,2021,1025.0,990.0,294,G21011100065001,Q3_2021
211110000000.0,University,31,Q3,2021,1095.0,990.0,213,G21011100065002,Q3_2021
211110000000.0,University,31,Q3,2021,975.0,990.0,242,G21011100065003,Q3_2021
211110000000.0,University,31,Q3,2021,975.0,990.0,175,G21011100065004,Q3_2021
211110000000.0,University,31,Q3,2021,995.0,990.0,329,G21011100066001,Q3_2021
211110000000.0,University,31,Q3,2021,897.5,990.0,232,G21011100066002,Q3_2021
211110000000.0,Southeast Core,31,Q3,2021,1095.0,1149.0,108,G21011100068001,Q3_2021
211110000000.0,Southeast Core,31,Q3,2021,1037.5,1149.0,96,G21011100068002,Q3_2021
211110000000.0,Southeast Core,31,Q3,2021,995.0,1149.0,132,G21011100068003,Q3_2021
211110000000.0,Southeast Core,31,Q3,2021,1199.0,1149.0,179,G21011100069001,Q3_2021
211110000000.0,Southeast Core,31,Q3,2021,1100.0,1149.0,117,G21011100069002,Q3_2021
211110000000.0,Southeast Core,31,Q3,2021,1050.0,1149.0,110,G21011100069003,Q3_2021
211110000000.0,Southeast Core,31,Q3,2021,1125.0,1149.0,83,G21011100070001,Q3_2021
211110000000.0,Southeast Core,30,Q3,2021,1200.0,1149.0,65,G21011100070002,Q3_2021
211110000000.0,University,30,Q3,2021,1350.0,990.0,53,G21011100071021,Q3_2021
211110000000.0,University,31,Q3,2021,975.0,990.0,126,G21011100071022,Q3_2021
211110000000.0,University,31,Q3,2021,975.0,990.0,224,G21011100071023,Q3_2021
211110000000.0,University,31,Q3,2021,995.0,990.0,115,G21011100071024,Q3_2021
211110000000.0,University,31,Q3,2021,990.0,990.0,102,G21011100071025,Q3_2021
211110000000.0,Northeast Core,31,Q3,2021,1062.0,1100.0,164,G21011100074001,Q3_2021
211110000000.0,Northeast Core,31,Q3,2021,1205.0,1100.0,216,G21011100074002,Q3_2021
211110000000.0,Northeast Core,31,Q3,2021,1075.0,1100.0,157,G21011100076011,Q3_2021
211110000000.0,Northeast Core,31,Q3,2021,995.0,1100.0,62,G21011100076012,Q3_2021
211110000000.0,Northeast Core,31,Q3,2021,1065.0,1100.0,163,G21011100076021,Q3_2021
211110000000.0,Northeast Core,31,Q3,2021,1059.0,1100.0,161,G21011100076022,Q3_2021
211110000000.0,Northeast Core,30,Q3,2021,999.5,1100.0,84,G21011100076031,Q3_2021
211110000000.0,Northeast Core,31,Q3,2021,1032.5,1100.0,80,G21011100076032,Q3_2021
211110000000.0,Northeast Core,31,Q3,2021,995.0,1100.0,92,G21011100076033,Q3_2021
211110000000.0,Northeast Core,31,Q3,2021,985.0,1100.0,51,G21011100079001,Q3_2021
211110000000.0,Northeast Core,31,Q3,2021,1086.0,1100.0,118,G21011100079002,Q3_2021
211110000000.0,Northeast Core,31,Q3,2021,1050.0,1100.0,160,G21011100081001,Q3_2021
211110000000.0,Northeast Core,31,Q3,2021,1297.0,1100.0,274,G21011100081002,Q3_2021
211110000000.0,Northeast Core,31,Q3,2021,1295.0,1100.0,315,G21011100081003,Q3_2021
211110000000.0,Southeast Core,31,Q3,2021,1195.0,1149.0,189,G21011100082011,Q3_2021
211110000000.0,Southeast Core,30,Q3,2021,997.5,1149.0,128,G21011100082012,Q3_2021
211110000000.0,Southeast Core,31,Q3,2021,1199.0,1149.0,224,G21011100082021,Q3_2021
211110000000.0,Southeast Core,30,Q3,2021,1069.0,1149.0,176,G21011100082022,Q3_2021
211110000000.0,Southeast Core,31,Q3,2021,1025.0,1149.0,131,G21011100083001,Q3_2021
211110000000.0,Southeast Core,31,Q3,2021,1195.0,1149.0,196,G21011100083002,Q3_2021
211110000000.0,Southeast Core,31,Q3,2021,1050.0,1149.0,145,G21011100083003,Q3_2021
211110000000.0,Southeast Core,30,Q3,2021,1147.5,1149.0,82,G21011100084001,Q3_2021
211110000000.0,Southeast Core,30,Q3,2021,1025.0,1149.0,100,G21011100084002,Q3_2021
211110000000.0,Southeast Core,30,Q3,2021,1050.0,1149.0,99,G21011100084003,Q3_2021
211110000000.0,Southeast Core,30,Q3,2021,1050.0,1149.0,89,G21011100085001,Q3_2021
211110000000.0,Southeast Core,30,Q3,2021,1050.0,1149.0,78,G21011100085002,Q3_2021
211110000000.0,East Core,30,Q3,2021,995.0,1223.5,36,G21011100087004,Q3_2021
211110000000.0,Southeast Core,30,Q3,2021,1200.0,1149.0,51,G21011100088001,Q3_2021
211110000000.0,Southeast Core,30,Q3,2021,1049.0,1149.0,71,G21011100088002,Q3_2021
211110000000.0,Southeast Core,30,Q3,2021,1575.0,1149.0,38,G21011100088003,Q3_2021
211110000000.0,Southeast Core,30,Q3,2021,1585.0,1149.0,40,G21011100089001,Q3_2021
211110000000.0,Southeast Core,30,Q3,2021,1200.0,1149.0,43,G21011100089002,Q3_2021
211110000000.0,Southeast Core,30,Q3,2021,1195.0,1149.0,73,G21011100089003,Q3_2021
211110000000.0,Southeast Core,30,Q3,2021,1197.5,1149.0,52,G21011100089004,Q3_2021
211110000000.0,Southeast Core,30,Q3,2021,1025.0,1149.0,46,G21011100093002,Q3_2021
211110000000.0,Southeast Core,30,Q3,2021,1137.5,1149.0,56,G21011100093003,Q3_2021
211110000000.0,Southeast Core,30,Q3,2021,1137.5,1149.0,42,G21011100093005,Q3_2021
211110000000.0,Southeast Core,30,Q3,2021,1350.0,1149.0,53,G21011100096001,Q3_2021
211110000000.0,East Core,30,Q3,2021,1105.0,1223.5,107,G21011100099001,Q3_2021
211110000000.0,East Core,30,Q3,2021,1137.0,1223.5,172,G21011100099002,Q3_2021
211110000000.0,East Core,31,Q3,2021,1248.5,1223.5,42,G21011100099003,Q3_2021
211110000000.0,East Metro,30,Q3,2021,967.0,1272.0,52,G21011100100041,Q3_2021
211110000000.0,East Metro,30,Q3,2021,978.0,1272.0,56,G21011100100042,Q3_2021
211110000000.0,East Metro,30,Q3,2021,1032.5,1272.0,82,G21011100100043,Q3_2021
211110000000.0,East Metro,30,Q3,2021,963.0,1272.0,51,G21011100100044,Q3_2021
211110000000.0,East Metro,30,Q3,2021,1035.0,1272.0,71,G21011100100054,Q3_2021
211110000000.0,East Metro,30,Q3,2021,1032.5,1272.0,72,G21011100100055,Q3_2021
211110000000.0,East Metro,30,Q3,2021,1032.5,1272.0,70,G21011100100063,Q3_2021
211110000000.0,East Metro,30,Q3,2021,1300.0,1272.0,87,G21011100101021,Q3_2021
211110000000.0,East Metro,30,Q3,2021,1045.0,1272.0,64,G21011100101031,Q3_2021
211110000000.0,East Metro,30,Q3,2021,1050.0,1272.0,63,G21011100101032,Q3_2021
211110000000.0,East Metro,30,Q3,2021,1011.0,1272.0,71,G21011100101033,Q3_2021
211110000000.0,East Metro,30,Q3,2021,1030.0,1272.0,73,G21011100101034,Q3_2021
211110000000.0,East Metro,30,Q3,2021,1245.0,1272.0,77,G21011100101041,Q3_2021
211110000000.0,East Metro,30,Q3,2021,1085.0,1272.0,103,G21011100101042,Q3_2021
211110000000.0,East Metro,30,Q3,2021,1032.5,1272.0,82,G21011100101043,Q3_2021
211110000000.0,East Metro,30,Q3,2021,1369.0,1272.0,82,G21011100103091,Q3_2021
211110000000.0,East Metro,30,Q3,2021,1369.0,1272.0,82,G21011100103092,Q3_2021
211110000000.0,East Metro,30,Q3,2021,1302.0,1272.0,45,G21011100103093,Q3_2021
211110000000.0,Northeast Metro,30,Q3,2021,1748.5,1705.0,96,G21011100103133,Q3_2021
211110000000.0,Northeast Metro,30,Q3,2021,1758.0,1705.0,97,G21011100103134,Q3_2021
211110000000.0,North Floyd's Fork,30,Q3,2021,1434.0,1655.0,99,G21011100103191,Q3_2021
211110000000.0,North Floyd's Fork,30,Q3,2021,1580.0,1655.0,79,G21011100103192,Q3_2021
211110000000.0,North Floyd's Fork,30,Q3,2021,1420.0,1655.0,95,G21011100103193,Q3_2021
211110000000.0,North Floyd's Fork,30,Q3,2021,1695.0,1655.0,73,G21011100103202,Q3_2021
211110000000.0,North Floyd's Fork,30,Q3,2021,1705.0,1655.0,71,G21011100103203,Q3_2021
211110000000.0,North Floyd's Fork,30,Q3,2021,1713.0,1655.0,73,G21011100103231,Q3_2021
211110000000.0,North Floyd's Fork,30,Q3,2021,1755.0,1655.0,42,G21011100103241,Q3_2021
211110000000.0,East Metro,30,Q3,2021,1297.5,1272.0,86,G21011100104072,Q3_2021
211110000000.0,East Core,31,Q3,2021,1153.0,1223.5,153,G21011100105002,Q3_2021
211110000000.0,East Core,31,Q3,2021,1227.0,1223.5,119,G21011100105003,Q3_2021
211110000000.0,East Core,30,Q3,2021,1236.0,1223.5,202,G21011100105004,Q3_2021
211110000000.0,East Core,30,Q3,2021,1222.0,1223.5,241,G21011100106011,Q3_2021
211110000000.0,East Core,31,Q3,2021,1214.0,1223.5,246,G21011100106012,Q3_2021
211110000000.0,East Core,30,Q3,2021,1225.0,1223.5,277,G21011100106021,Q3_2021
211110000000.0,East Core,30,Q3,2021,1251.5,1223.5,296,G21011100106022,Q3_2021
211110000000.0,East Core,30,Q3,2021,1253.0,1223.5,287,G21011100106023,Q3_2021
211110000000.0,East Metro,30,Q3,2021,1365.0,1272.0,114,G21011100107011,Q3_2021
211110000000.0,East Metro,30,Q3,2021,1345.0,1272.0,89,G21011100107012,Q3_2021
211110000000.0,East Metro,30,Q3,2021,1340.0,1272.0,117,G21011100107013,Q3_2021
211110000000.0,East Metro,30,Q3,2021,1370.0,1272.0,62,G21011100107014,Q3_2021
211110000000.0,East Metro,30,Q3,2021,1402.5,1272.0,52,G21011100107015,Q3_2021
211110000000.0,Central Taylorsville,30,Q3,2021,1122.5,1359.0,50,G21011100107021,Q3_2021
211110000000.0,Central Taylorsville,30,Q3,2021,1195.0,1359.0,55,G21011100107022,Q3_2021
211110000000.0,Central Taylorsville,30,Q3,2021,1370.0,1359.0,51,G21011100107023,Q3_2021
211110000000.0,East Metro,30,Q3,2021,1295.0,1272.0,39,G21011100107061,Q3_2021
211110000000.0,East Metro,30,Q3,2021,1295.0,1272.0,57,G21011100107071,Q3_2021
211110000000.0,East Metro,30,Q3,2021,1355.0,1272.0,98,G21011100107072,Q3_2021
211110000000.0,East Metro,30,Q3,2021,1360.0,1272.0,107,G21011100107081,Q3_2021
211110000000.0,East Metro,30,Q3,2021,1342.0,1272.0,127,G21011100107082,Q3_2021
211110000000.0,Central Taylorsville,30,Q3,2021,1275.0,1359.0,97,G21011100108001,Q3_2021
211110000000.0,Central Taylorsville,30,Q3,2021,1202.5,1359.0,46,G21011100108003,Q3_2021
211110000000.0,Central Bardstown,30,Q3,2021,1565.0,1445.0,52,G21011100110035,Q3_2021
211110000000.0,Central Bardstown,30,Q3,2021,1605.0,1445.0,49,G21011100110053,Q3_2021
211110000000.0,Central Taylorsville,30,Q3,2021,1237.5,1359.0,40,G21011100110092,Q3_2021
211110000000.0,Central Taylorsville,30,Q3,2021,1500.0,1359.0,54,G21011100110093,Q3_2021
211110000000.0,Central Taylorsville,30,Q3,2021,1215.0,1359.0,77,G21011100111112,Q3_2021
211110000000.0,Central Taylorsville,30,Q3,2021,1195.0,1359.0,59,G21011100111113,Q3_2021
211110000000.0,Central Taylorsville,30,Q3,2021,1245.0,1359.0,71,G21011100111121,Q3_2021
211110000000.0,Central Taylorsville,30,Q3,2021,1210.0,1359.0,67,G21011100111122,Q3_2021
211110000000.0,Central Taylorsville,30,Q3,2021,1655.0,1359.0,46,G21011100111181,Q3_2021
211110000000.0,Central Taylorsville,30,Q3,2021,1400.0,1359.0,38,G21011100111182,Q3_2021
211110000000.0,Central Bardstown,30,Q3,2021,1295.0,1445.0,47,G21011100112021,Q3_2021
211110000000.0,Central Bardstown,30,Q3,2021,1445.0,1445.0,36,G21011100115153,Q3_2021
211110000000.0,South Floyd's Fork,30,Q3,2021,1297.5,1295.0,70,G21011100116051,Q3_2021
211110000000.0,South Floyd's Fork,30,Q3,2021,1293.0,1295.0,82,G21011100116053,Q3_2021
211110000000.0,McNeely Lake,30,Q3,2021,1695.0,1695.0,31,G21011100117112,Q3_2021
211110000000.0,McNeely Lake,30,Q3,2021,1725.0,1695.0,54,G21011100117113,Q3_2021
211110000000.0,McNeely Lake,30,Q3,2021,1195.0,1695.0,38,G21011100117122,Q3_2021
211110000000.0,South-Central Dixie,30,Q3,2021,1384.0,1425.0,69,G21011100121051,Q3_2021
211110000000.0,South-Central Dixie,30,Q3,2021,1364.0,1425.0,103,G21011100121053,Q3_2021
211110000000.0,South-Central Dixie,30,Q3,2021,1345.0,1425.0,114,G21011100121054,Q3_2021
211110000000.0,South-Central Dixie,30,Q3,2021,1345.0,1425.0,99,G21011100121081,Q3_2021
211110000000.0,South-Central Dixie,30,Q3,2021,1432.5,1425.0,94,G21011100121091,Q3_2021
211110000000.0,South-Central Dixie,30,Q3,2021,1398.0,1425.0,74,G21011100121092,Q3_2021
211110000000.0,South-Central Dixie,30,Q3,2021,885.0,1425.0,68,G21011100122031,Q3_2021
211110000000.0,Iroquois Park,30,Q3,2021,825.0,1000.0,43,G21011100122043,Q3_2021
211110000000.0,Iroquois Park,30,Q3,2021,844.0,1000.0,61,G21011100123021,Q3_2021
211110000000.0,Iroquois Park,30,Q3,2021,844.0,1000.0,39,G21011100123022,Q3_2021
211110000000.0,South-Central Dixie,30,Q3,2021,1305.0,1425.0,101,G21011100124092,Q3_2021
211110000000.0,South-Central Dixie,30,Q3,2021,1359.5,1425.0,116,G21011100124093,Q3_2021
211110000000.0,South-Central Dixie,30,Q3,2021,937.5,1425.0,66,G21011100125021,Q3_2021
211110000000.0,Southwest Core,31,Q3,2021,945.0,1000.0,37,G21011100128021,Q3_2021
211110000000.0,Northwest Core,31,Q4,2021,947.5,995.0,42,G21011100023003,Q4_2021
211110000000.0,West Core,31,Q4,2021,1025.0,925.0,113,G21011100027001,Q4_2021
211110000000.0,Northwest Core,32,Q4,2021,1200.0,995.0,125,G21011100030001,Q4_2021
211110000000.0,Northwest Core,32,Q4,2021,1200.0,995.0,201,G21011100030002,Q4_2021
211110000000.0,West Core,32,Q4,2021,890.0,925.0,134,G21011100035011,Q4_2021
211110000000.0,West Core,32,Q4,2021,912.5,925.0,90,G21011100035021,Q4_2021
211110000000.0,Southwest Core,32,Q4,2021,975.0,1000.0,55,G21011100036001,Q4_2021
211110000000.0,Southwest Core,31,Q4,2021,975.0,1000.0,45,G21011100036002,Q4_2021
211110000000.0,Southwest Core,31,Q4,2021,987.5,1000.0,58,G21011100036003,Q4_2021
211110000000.0,Southwest Core,32,Q4,2021,975.0,1000.0,54,G21011100036004,Q4_2021
211110000000.0,Southwest Core,32,Q4,2021,912.5,1000.0,38,G21011100036005,Q4_2021
211110000000.0,University,32,Q4,2021,975.0,925.0,75,G21011100037001,Q4_2021
211110000000.0,University,32,Q4,2021,975.0,925.0,73,G21011100037002,Q4_2021
211110000000.0,Southwest Core,32,Q4,2021,975.0,1000.0,80,G21011100038001,Q4_2021
211110000000.0,Southwest Core,32,Q4,2021,950.0,1000.0,77,G21011100038002,Q4_2021
211110000000.0,Southwest Core,32,Q4,2021,900.0,1000.0,69,G21011100038003,Q4_2021
211110000000.0,Southwest Core,32,Q4,2021,925.0,1000.0,41,G21011100039001,Q4_2021
211110000000.0,Southwest Core,32,Q4,2021,1024.0,1000.0,41,G21011100039002,Q4_2021
211110000000.0,Southwest Core,31,Q4,2021,975.0,1000.0,71,G21011100041001,Q4_2021
211110000000.0,Downtown,32,Q4,2021,1200.0,1241.0,53,G21011100049000,Q4_2021
211110000000.0,Downtown,32,Q4,2021,1100.0,1241.0,318,G21011100049001,Q4_2021
211110000000.0,Downtown,32,Q4,2021,1160.0,1241.0,253,G21011100049002,Q4_2021
211110000000.0,Downtown,32,Q4,2021,1290.0,1241.0,330,G21011100049003,Q4_2021
211110000000.0,Downtown,32,Q4,2021,1060.0,1241.0,273,G21011100050001,Q4_2021
211110000000.0,Downtown,32,Q4,2021,1050.0,1241.0,299,G21011100050002,Q4_2021
211110000000.0,University,32,Q4,2021,1025.0,925.0,303,G21011100051001,Q4_2021
211110000000.0,University,32,Q4,2021,1010.0,925.0,321,G21011100051002,Q4_2021
211110000000.0,University,32,Q4,2021,1025.0,925.0,315,G21011100051003,Q4_2021
211110000000.0,University,32,Q4,2021,850.0,925.0,175,G21011100052001,Q4_2021
211110000000.0,University,32,Q4,2021,850.0,925.0,165,G21011100052002,Q4_2021
211110000000.0,University,32,Q4,2021,937.5,925.0,236,G21011100052003,Q4_2021
211110000000.0,University,32,Q4,2021,900.0,925.0,154,G21011100053001,Q4_2021
211110000000.0,University,32,Q4,2021,900.0,925.0,149,G21011100053002,Q4_2021
211110000000.0,Downtown,32,Q4,2021,1289.0,1241.0,440,G21011100059011,Q4_2021
211110000000.0,Downtown,32,Q4,2021,1300.0,1241.0,427,G21011100059012,Q4_2021
211110000000.0,Downtown,32,Q4,2021,1325.5,1241.0,304,G21011100059021,Q4_2021
211110000000.0,Downtown,32,Q4,2021,1324.0,1241.0,248,G21011100059022,Q4_2021
211110000000.0,Downtown,32,Q4,2021,1300.0,1241.0,274,G21011100059023,Q4_2021
211110000000.0,Downtown,32,Q4,2021,1220.0,1241.0,324,G21011100062001,Q4_2021
211110000000.0,Downtown,32,Q4,2021,1126.0,1241.0,389,G21011100062002,Q4_2021
211110000000.0,Southeast Core,32,Q4,2021,1150.0,1150.0,181,G21011100063001,Q4_2021
211110000000.0,Southeast Core,32,Q4,2021,1149.0,1150.0,197,G21011100063002,Q4_2021
211110000000.0,Southeast Core,32,Q4,2021,1149.0,1150.0,202,G21011100064001,Q4_2021
211110000000.0,Southeast Core,32,Q4,2021,1158.0,1150.0,197,G21011100064002,Q4_2021
211110000000.0,University,32,Q4,2021,975.0,925.0,245,G21011100065001,Q4_2021
211110000000.0,University,32,Q4,2021,1000.0,925.0,204,G21011100065002,Q4_2021
211110000000.0,University,32,Q4,2021,850.0,925.0,191,G21011100065003,Q4_2021
211110000000.0,University,32,Q4,2021,850.0,925.0,149,G21011100065004,Q4_2021
211110000000.0,University,32,Q4,2021,955.0,925.0,277,G21011100066001,Q4_2021
211110000000.0,University,32,Q4,2021,850.0,925.0,194,G21011100066002,Q4_2021
211110000000.0,Southeast Core,32,Q4,2021,910.0,1150.0,98,G21011100068001,Q4_2021
211110000000.0,Southeast Core,32,Q4,2021,925.0,1150.0,85,G21011100068002,Q4_2021
211110000000.0,Southeast Core,32,Q4,2021,900.0,1150.0,124,G21011100068003,Q4_2021
211110000000.0,Southeast Core,32,Q4,2021,1150.0,1150.0,163,G21011100069001,Q4_2021
211110000000.0,Southeast Core,32,Q4,2021,952.5,1150.0,104,G21011100069002,Q4_2021
211110000000.0,Southeast Core,32,Q4,2021,950.0,1150.0,102,G21011100069003,Q4_2021
211110000000.0,Southeast Core,32,Q4,2021,943.0,1150.0,68,G21011100070001,Q4_2021
211110000000.0,Southeast Core,31,Q4,2021,925.0,1150.0,63,G21011100070002,Q4_2021
211110000000.0,University,31,Q4,2021,975.0,925.0,54,G21011100071021,Q4_2021
211110000000.0,University,32,Q4,2021,895.0,925.0,113,G21011100071022,Q4_2021
211110000000.0,University,32,Q4,2021,900.0,925.0,179,G21011100071023,Q4_2021
211110000000.0,University,32,Q4,2021,900.0,925.0,97,G21011100071024,Q4_2021
211110000000.0,University,32,Q4,2021,900.0,925.0,93,G21011100071025,Q4_2021
211110000000.0,Northeast Core,32,Q4,2021,1002.0,1075.0,161,G21011100074001,Q4_2021
211110000000.0,Northeast Core,32,Q4,2021,1202.5,1075.0,176,G21011100074002,Q4_2021
211110000000.0,Northeast Core,32,Q4,2021,1023.0,1075.0,154,G21011100076011,Q4_2021
211110000000.0,Northeast Core,32,Q4,2021,930.0,1075.0,80,G21011100076012,Q4_2021
211110000000.0,Northeast Core,32,Q4,2021,1023.0,1075.0,151,G21011100076021,Q4_2021
211110000000.0,Northeast Core,32,Q4,2021,1018.0,1075.0,158,G21011100076022,Q4_2021
211110000000.0,Northeast Core,31,Q4,2021,1000.0,1075.0,101,G21011100076031,Q4_2021
211110000000.0,Northeast Core,32,Q4,2021,1050.0,1075.0,85,G21011100076032,Q4_2021
211110000000.0,Northeast Core,32,Q4,2021,975.0,1075.0,113,G21011100076033,Q4_2021
211110000000.0,Northeast Core,32,Q4,2021,900.0,1075.0,66,G21011100079001,Q4_2021
211110000000.0,Northeast Core,32,Q4,2021,975.0,1075.0,115,G21011100079002,Q4_2021
211110000000.0,Northeast Core,32,Q4,2021,967.0,1075.0,154,G21011100081001,Q4_2021
211110000000.0,Northeast Core,32,Q4,2021,1300.0,1075.0,232,G21011100081002,Q4_2021
211110000000.0,Northeast Core,32,Q4,2021,1254.0,1075.0,282,G21011100081003,Q4_2021
211110000000.0,Southeast Core,32,Q4,2021,1200.0,1150.0,200,G21011100082011,Q4_2021
211110000000.0,Southeast Core,31,Q4,2021,1139.0,1150.0,145,G21011100082012,Q4_2021
211110000000.0,Southeast Core,32,Q4,2021,1175.0,1150.0,205,G21011100082021,Q4_2021
211110000000.0,Southeast Core,31,Q4,2021,1144.0,1150.0,176,G21011100082022,Q4_2021
211110000000.0,Southeast Core,32,Q4,2021,1100.0,1150.0,161,G21011100083001,Q4_2021
211110000000.0,Southeast Core,32,Q4,2021,1250.0,1150.0,199,G21011100083002,Q4_2021
211110000000.0,Southeast Core,32,Q4,2021,1095.0,1150.0,147,G21011100083003,Q4_2021
211110000000.0,Southeast Core,31,Q4,2021,1200.0,1150.0,100,G21011100084001,Q4_2021
211110000000.0,Southeast Core,31,Q4,2021,1150.0,1150.0,118,G21011100084002,Q4_2021
211110000000.0,Southeast Core,31,Q4,2021,1175.0,1150.0,113,G21011100084003,Q4_2021
211110000000.0,Southeast Core,31,Q4,2021,1175.0,1150.0,116,G21011100085001,Q4_2021
211110000000.0,Southeast Core,31,Q4,2021,1200.0,1150.0,107,G21011100085002,Q4_2021
211110000000.0,East Core,31,Q4,2021,929.0,1150.0,53,G21011100087004,Q4_2021
211110000000.0,Southeast Core,31,Q4,2021,1300.0,1150.0,80,G21011100088001,Q4_2021
211110000000.0,Southeast Core,31,Q4,2021,1299.0,1150.0,101,G21011100088002,Q4_2021
211110000000.0,Southeast Core,31,Q4,2021,1472.5,1150.0,52,G21011100088003,Q4_2021
211110000000.0,Southeast Core,31,Q4,2021,1495.0,1150.0,58,G21011100089001,Q4_2021
211110000000.0,Southeast Core,31,Q4,2021,1372.5,1150.0,68,G21011100089002,Q4_2021
211110000000.0,Southeast Core,31,Q4,2021,1200.0,1150.0,93,G21011100089003,Q4_2021
211110000000.0,Southeast Core,31,Q4,2021,1300.0,1150.0,72,G21011100089004,Q4_2021
211110000000.0,Southeast Core,31,Q4,2021,925.0,1150.0,49,G21011100093002,Q4_2021
211110000000.0,Southeast Core,31,Q4,2021,910.0,1150.0,56,G21011100093003,Q4_2021
211110000000.0,Southeast Core,31,Q4,2021,930.5,1150.0,46,G21011100093005,Q4_2021
211110000000.0,Southeast Core,31,Q4,2021,1547.5,1150.0,50,G21011100096001,Q4_2021
211110000000.0,East Core,31,Q4,2021,1146.5,1150.0,124,G21011100099001,Q4_2021
211110000000.0,East Core,31,Q4,2021,1128.0,1150.0,154,G21011100099002,Q4_2021
211110000000.0,East Metro,31,Q4,2021,1195.0,1350.0,55,G21011100100041,Q4_2021
211110000000.0,East Metro,31,Q4,2021,1213.0,1350.0,59,G21011100100042,Q4_2021
211110000000.0,East Metro,31,Q4,2021,1169.0,1350.0,83,G21011100100043,Q4_2021
211110000000.0,East Metro,31,Q4,2021,1083.5,1350.0,46,G21011100100044,Q4_2021
211110000000.0,East Metro,31,Q4,2021,1212.5,1350.0,52,G21011100100054,Q4_2021
211110000000.0,East Metro,31,Q4,2021,1200.0,1350.0,53,G21011100100055,Q4_2021
211110000000.0,East Metro,31,Q4,2021,1140.0,1350.0,48,G21011100100063,Q4_2021
211110000000.0,East Metro,31,Q4,2021,1401.0,1350.0,99,G21011100101021,Q4_2021
211110000000.0,East Metro,31,Q4,2021,1280.0,1350.0,50,G21011100101031,Q4_2021
211110000000.0,East Metro,31,Q4,2021,1087.5,1350.0,44,G21011100101032,Q4_2021
211110000000.0,East Metro,31,Q4,2021,1162.0,1350.0,76,G21011100101033,Q4_2021
211110000000.0,East Metro,31,Q4,2021,1132.0,1350.0,68,G21011100101034,Q4_2021
211110000000.0,East Metro,31,Q4,2021,1170.0,1350.0,103,G21011100101041,Q4_2021
211110000000.0,East Metro,31,Q4,2021,1210.0,1350.0,101,G21011100101042,Q4_2021
211110000000.0,East Metro,31,Q4,2021,1195.0,1350.0,89,G21011100101043,Q4_2021
211110000000.0,East Metro,31,Q4,2021,1400.0,1350.0,108,G21011100103091,Q4_2021
211110000000.0,East Metro,31,Q4,2021,1385.0,1350.0,106,G21011100103092,Q4_2021
211110000000.0,East Metro,31,Q4,2021,1292.0,1350.0,60,G21011100103093,Q4_2021
211110000000.0,Northeast Metro,31,Q4,2021,1590.0,1591.0,171,G21011100103133,Q4_2021
211110000000.0,Northeast Metro,31,Q4,2021,1590.0,1591.0,171,G21011100103134,Q4_2021
211110000000.0,North Floyd's Fork,31,Q4,2021,1385.0,1500.0,152,G21011100103191,Q4_2021
211110000000.0,North Floyd's Fork,31,Q4,2021,1439.0,1500.0,116,G21011100103192,Q4_2021
211110000000.0,North Floyd's Fork,31,Q4,2021,1375.0,1500.0,140,G21011100103193,Q4_2021
211110000000.0,North Floyd's Fork,31,Q4,2021,1695.0,1500.0,86,G21011100103202,Q4_2021
211110000000.0,North Floyd's Fork,31,Q4,2021,1500.0,1500.0,107,G21011100103203,Q4_2021
211110000000.0,North Floyd's Fork,31,Q4,2021,1542.5,1500.0,96,G21011100103231,Q4_2021
211110000000.0,North Floyd's Fork,31,Q4,2021,1745.0,1500.0,44,G21011100103241,Q4_2021
211110000000.0,East Metro,31,Q4,2021,1385.0,1350.0,76,G21011100104072,Q4_2021
211110000000.0,East Core,32,Q4,2021,1130.0,1150.0,111,G21011100105002,Q4_2021
211110000000.0,East Core,32,Q4,2021,1116.5,1150.0,86,G21011100105003,Q4_2021
211110000000.0,East Core,31,Q4,2021,1121.0,1150.0,111,G21011100105004,Q4_2021
211110000000.0,East Core,31,Q4,2021,1116.5,1150.0,158,G21011100106011,Q4_2021
211110000000.0,East Core,32,Q4,2021,1157.0,1150.0,146,G21011100106012,Q4_2021
211110000000.0,East Core,31,Q4,2021,1131.0,1150.0,188,G21011100106021,Q4_2021
211110000000.0,East Core,31,Q4,2021,1194.0,1150.0,213,G21011100106022,Q4_2021
211110000000.0,East Core,31,Q4,2021,1157.0,1150.0,195,G21011100106023,Q4_2021
211110000000.0,East Metro,31,Q4,2021,1487.0,1350.0,119,G21011100107011,Q4_2021
211110000000.0,East Metro,31,Q4,2021,1412.0,1350.0,84,G21011100107012,Q4_2021
211110000000.0,East Metro,31,Q4,2021,1462.0,1350.0,115,G21011100107013,Q4_2021
211110000000.0,East Metro,31,Q4,2021,1247.5,1350.0,70,G21011100107014,Q4_2021
211110000000.0,East Metro,31,Q4,2021,1525.0,1350.0,72,G21011100107015,Q4_2021
211110000000.0,Central Taylorsville,31,Q4,2021,1318.0,1485.0,48,G21011100107023,Q4_2021
211110000000.0,East Metro,31,Q4,2021,1395.0,1350.0,37,G21011100107061,Q4_2021
211110000000.0,East Metro,31,Q4,2021,1395.0,1350.0,48,G21011100107071,Q4_2021
211110000000.0,East Metro,31,Q4,2021,1480.5,1350.0,108,G21011100107072,Q4_2021
211110000000.0,East Metro,31,Q4,2021,1482.0,1350.0,119,G21011100107081,Q4_2021
211110000000.0,East Metro,31,Q4,2021,1462.0,1350.0,129,G21011100107082,Q4_2021
211110000000.0,Central Taylorsville,31,Q4,2021,1330.5,1485.0,40,G21011100108001,Q4_2021
211110000000.0,Central Bardstown,31,Q4,2021,1575.0,1312.5,47,G21011100110035,Q4_2021
211110000000.0,Central Bardstown,31,Q4,2021,1605.0,1312.5,36,G21011100110053,Q4_2021
211110000000.0,Central Taylorsville,31,Q4,2021,1412.5,1485.0,36,G21011100110091,Q4_2021
211110000000.0,Central Taylorsville,31,Q4,2021,1500.0,1485.0,37,G21011100110092,Q4_2021
211110000000.0,Central Taylorsville,31,Q4,2021,1537.5,1485.0,44,G21011100110093,Q4_2021
211110000000.0,Central Bardstown,31,Q4,2021,944.0,1312.5,67,G21011100111103,Q4_2021
211110000000.0,Central Taylorsville,31,Q4,2021,1495.0,1485.0,46,G21011100111112,Q4_2021
211110000000.0,Central Taylorsville,31,Q4,2021,1260.0,1485.0,35,G21011100111113,Q4_2021
211110000000.0,Central Taylorsville,31,Q4,2021,1297.5,1485.0,52,G21011100111121,Q4_2021
211110000000.0,Central Taylorsville,31,Q4,2021,1277.5,1485.0,46,G21011100111122,Q4_2021
211110000000.0,Central Taylorsville,31,Q4,2021,1555.0,1485.0,58,G21011100111181,Q4_2021
211110000000.0,Central Taylorsville,31,Q4,2021,1499.5,1485.0,52,G21011100111182,Q4_2021
211110000000.0,Central Bardstown,31,Q4,2021,1325.0,1312.5,34,G21011100112021,Q4_2021
211110000000.0,Central Bardstown,31,Q4,2021,935.5,1312.5,60,G21011100115064,Q4_2021
211110000000.0,Central Bardstown,31,Q4,2021,943.0,1312.5,57,G21011100115092,Q4_2021
211110000000.0,Central Bardstown,31,Q4,2021,950.0,1312.5,67,G21011100115093,Q4_2021
211110000000.0,Central Bardstown,31,Q4,2021,970.0,1312.5,75,G21011100115153,Q4_2021
211110000000.0,Central Bardstown,31,Q4,2021,950.0,1312.5,66,G21011100115154,Q4_2021
211110000000.0,South Floyd's Fork,31,Q4,2021,1425.0,1420.0,66,G21011100116051,Q4_2021
211110000000.0,South Floyd's Fork,31,Q4,2021,1385.0,1420.0,88,G21011100116053,Q4_2021
211110000000.0,McNeely Lake,31,Q4,2021,1695.0,1725.0,41,G21011100117112,Q4_2021
211110000000.0,McNeely Lake,31,Q4,2021,1795.0,1725.0,59,G21011100117113,Q4_2021
211110000000.0,McNeely Lake,31,Q4,2021,1347.0,1725.0,34,G21011100117122,Q4_2021
211110000000.0,South-Central Dixie,31,Q4,2021,1305.0,1395.0,67,G21011100121051,Q4_2021
211110000000.0,South-Central Dixie,31,Q4,2021,1334.0,1395.0,96,G21011100121053,Q4_2021
211110000000.0,South-Central Dixie,31,Q4,2021,1334.0,1395.0,104,G21011100121054,Q4_2021
211110000000.0,South-Central Dixie,31,Q4,2021,1325.0,1395.0,97,G21011100121081,Q4_2021
211110000000.0,South-Central Dixie,31,Q4,2021,1345.0,1395.0,98,G21011100121091,Q4_2021
211110000000.0,South-Central Dixie,31,Q4,2021,1325.0,1395.0,78,G21011100121092,Q4_2021
211110000000.0,South-Central Dixie,31,Q4,2021,950.0,1395.0,63,G21011100122031,Q4_2021
211110000000.0,Iroquois Park,31,Q4,2021,856.0,1095.0,41,G21011100122043,Q4_2021
211110000000.0,Iroquois Park,31,Q4,2021,925.0,1095.0,59,G21011100123021,Q4_2021
211110000000.0,Iroquois Park,31,Q4,2021,909.0,1095.0,39,G21011100123022,Q4_2021
211110000000.0,South-Central Dixie,31,Q4,2021,1305.0,1395.0,92,G21011100124092,Q4_2021
211110000000.0,South-Central Dixie,31,Q4,2021,1345.0,1395.0,111,G21011100124093,Q4_2021
211110000000.0,South-Central Dixie,31,Q4,2021,967.5,1395.0,62,G21011100125021,Q4_2021
211110000000.0,Southwest Core,32,Q4,2021,1050.0,1000.0,40,G21011100128021,Q4_2021
211110000000.0,Northwest Core,32,Q1,2022,945.0,950.0,40,G21011100023003,Q1_2022
211110000000.0,West Core,32,Q1,2022,950.0,975.0,103,G21011100027001,Q1_2022
211110000000.0,Northwest Core,33,Q1,2022,1215.0,950.0,177,G21011100030001,Q1_2022
211110000000.0,Northwest Core,33,Q1,2022,1205.0,950.0,210,G21011100030002,Q1_2022
211110000000.0,West Core,33,Q1,2022,939.0,975.0,183,G21011100035011,Q1_2022
211110000000.0,West Core,33,Q1,2022,968.0,975.0,150,G21011100035021,Q1_2022
211110000000.0,Southwest Core,33,Q1,2022,1050.0,1050.0,104,G21011100036001,Q1_2022
211110000000.0,Southwest Core,32,Q1,2022,1050.0,1050.0,91,G21011100036002,Q1_2022
211110000000.0,Southwest Core,32,Q1,2022,1070.0,1050.0,103,G21011100036003,Q1_2022
211110000000.0,Southwest Core,33,Q1,2022,1050.0,1050.0,102,G21011100036004,Q1_2022
211110000000.0,Southwest Core,33,Q1,2022,1000.0,1050.0,78,G21011100036005,Q1_2022
211110000000.0,University,33,Q1,2022,1075.0,1050.0,126,G21011100037001,Q1_2022
211110000000.0,University,33,Q1,2022,1050.0,1050.0,118,G21011100037002,Q1_2022
211110000000.0,Southwest Core,33,Q1,2022,1050.0,1050.0,125,G21011100038001,Q1_2022
211110000000.0,Southwest Core,33,Q1,2022,999.0,1050.0,107,G21011100038002,Q1_2022
211110000000.0,Southwest Core,33,Q1,2022,1000.0,1050.0,99,G21011100038003,Q1_2022
211110000000.0,Southwest Core,33,Q1,2022,1000.0,1050.0,79,G21011100039001,Q1_2022
211110000000.0,Southwest Core,33,Q1,2022,1035.0,1050.0,64,G21011100039002,Q1_2022
211110000000.0,Southwest Core,32,Q1,2022,1097.0,1050.0,106,G21011100041001,Q1_2022
211110000000.0,Downtown,33,Q1,2022,1150.0,1245.0,83,G21011100049000,Q1_2022
211110000000.0,Downtown,33,Q1,2022,1149.0,1245.0,345,G21011100049001,Q1_2022
211110000000.0,Downtown,33,Q1,2022,1205.0,1245.0,268,G21011100049002,Q1_2022
211110000000.0,Downtown,33,Q1,2022,1310.0,1245.0,337,G21011100049003,Q1_2022
211110000000.0,Downtown,33,Q1,2022,1100.0,1245.0,287,G21011100050001,Q1_2022
211110000000.0,Downtown,33,Q1,2022,1100.0,1245.0,323,G21011100050002,Q1_2022
211110000000.0,University,33,Q1,2022,1070.0,1050.0,313,G21011100051001,Q1_2022
211110000000.0,University,33,Q1,2022,1095.0,1050.0,368,G21011100051002,Q1_2022
211110000000.0,University,33,Q1,2022,1095.0,1050.0,350,G21011100051003,Q1_2022
211110000000.0,University,33,Q1,2022,900.0,1050.0,232,G21011100052001,Q1_2022
211110000000.0,University,33,Q1,2022,932.0,1050.0,210,G21011100052002,Q1_2022
211110000000.0,University,33,Q1,2022,950.0,1050.0,241,G21011100052003,Q1_2022
211110000000.0,University,33,Q1,2022,975.0,1050.0,213,G21011100053001,Q1_2022
211110000000.0,University,33,Q1,2022,1050.0,1050.0,220,G21011100053002,Q1_2022
211110000000.0,Downtown,33,Q1,2022,1291.0,1245.0,487,G21011100059011,Q1_2022
211110000000.0,Downtown,33,Q1,2022,1300.0,1245.0,490,G21011100059012,Q1_2022
211110000000.0,Downtown,33,Q1,2022,1350.0,1245.0,323,G21011100059021,Q1_2022
211110000000.0,Downtown,33,Q1,2022,1350.0,1245.0,287,G21011100059022,Q1_2022
211110000000.0,Downtown,33,Q1,2022,1350.0,1245.0,292,G21011100059023,Q1_2022
211110000000.0,Downtown,33,Q1,2022,1225.0,1245.0,369,G21011100062001,Q1_2022
211110000000.0,Downtown,33,Q1,2022,1150.0,1245.0,447,G21011100062002,Q1_2022
211110000000.0,Southeast Core,33,Q1,2022,1175.0,1200.0,231,G21011100063001,Q1_2022
211110000000.0,Southeast Core,33,Q1,2022,1195.0,1200.0,261,G21011100063002,Q1_2022
211110000000.0,Southeast Core,33,Q1,2022,1150.0,1200.0,239,G21011100064001,Q1_2022
211110000000.0,Southeast Core,33,Q1,2022,1150.0,1200.0,229,G21011100064002,Q1_2022
211110000000.0,University,33,Q1,2022,1000.0,1050.0,293,G21011100065001,Q1_2022
211110000000.0,University,33,Q1,2022,1100.0,1050.0,286,G21011100065002,Q1_2022
211110000000.0,University,33,Q1,2022,962.5,1050.0,258,G21011100065003,Q1_2022
211110000000.0,University,33,Q1,2022,997.0,1050.0,230,G21011100065004,Q1_2022
211110000000.0,University,33,Q1,2022,1000.0,1050.0,313,G21011100066001,Q1_2022
211110000000.0,University,33,Q1,2022,950.0,1050.0,253,G21011100066002,Q1_2022
211110000000.0,Southeast Core,33,Q1,2022,1199.0,1200.0,145,G21011100068001,Q1_2022
211110000000.0,Southeast Core,33,Q1,2022,1200.0,1200.0,125,G21011100068002,Q1_2022
211110000000.0,Southeast Core,33,Q1,2022,1095.0,1200.0,167,G21011100068003,Q1_2022
211110000000.0,Southeast Core,33,Q1,2022,1200.0,1200.0,232,G21011100069001,Q1_2022
211110000000.0,Southeast Core,33,Q1,2022,1195.0,1200.0,125,G21011100069002,Q1_2022
211110000000.0,Southeast Core,33,Q1,2022,1100.0,1200.0,170,G21011100069003,Q1_2022
211110000000.0,Southeast Core,33,Q1,2022,1250.0,1200.0,99,G21011100070001,Q1_2022
211110000000.0,Southeast Core,32,Q1,2022,1350.0,1200.0,103,G21011100070002,Q1_2022
211110000000.0,University,32,Q1,2022,1375.0,1050.0,69,G21011100071021,Q1_2022
211110000000.0,University,33,Q1,2022,1050.0,1050.0,164,G21011100071022,Q1_2022
211110000000.0,University,33,Q1,2022,1025.0,1050.0,252,G21011100071023,Q1_2022
211110000000.0,University,33,Q1,2022,1225.0,1050.0,145,G21011100071024,Q1_2022
211110000000.0,University,33,Q1,2022,1250.0,1050.0,137,G21011100071025,Q1_2022
211110000000.0,Northeast Core,33,Q1,2022,1100.0,1150.0,124,G21011100074001,Q1_2022
211110000000.0,Northeast Core,33,Q1,2022,1210.0,1150.0,156,G21011100074002,Q1_2022
211110000000.0,Northeast Core,33,Q1,2022,1097.0,1150.0,114,G21011100076011,Q1_2022
211110000000.0,Northeast Core,33,Q1,2022,1000.0,1150.0,59,G21011100076012,Q1_2022
211110000000.0,Northeast Core,33,Q1,2022,1100.0,1150.0,116,G21011100076021,Q1_2022
211110000000.0,Northeast Core,33,Q1,2022,1099.5,1150.0,118,G21011100076022,Q1_2022
211110000000.0,Northeast Core,32,Q1,2022,1085.0,1150.0,83,G21011100076031,Q1_2022
211110000000.0,Northeast Core,33,Q1,2022,1031.0,1150.0,67,G21011100076032,Q1_2022
211110000000.0,Northeast Core,33,Q1,2022,1031.0,1150.0,91,G21011100076033,Q1_2022
211110000000.0,Northeast Core,33,Q1,2022,994.0,1150.0,48,G21011100079001,Q1_2022
211110000000.0,Northeast Core,33,Q1,2022,1067.5,1150.0,74,G21011100079002,Q1_2022
211110000000.0,Northeast Core,33,Q1,2022,1043.0,1150.0,110,G21011100081001,Q1_2022
211110000000.0,Northeast Core,33,Q1,2022,1277.0,1150.0,215,G21011100081002,Q1_2022
211110000000.0,Northeast Core,33,Q1,2022,1300.0,1150.0,288,G21011100081003,Q1_2022
211110000000.0,Southeast Core,33,Q1,2022,1225.0,1200.0,208,G21011100082011,Q1_2022
211110000000.0,Southeast Core,32,Q1,2022,1150.0,1200.0,148,G21011100082012,Q1_2022
211110000000.0,Southeast Core,33,Q1,2022,1175.0,1200.0,218,G21011100082021,Q1_2022
211110000000.0,Southeast Core,32,Q1,2022,1150.0,1200.0,148,G21011100082022,Q1_2022
211110000000.0,Southeast Core,33,Q1,2022,1125.0,1200.0,150,G21011100083001,Q1_2022
211110000000.0,Southeast Core,33,Q1,2022,1195.0,1200.0,217,G21011100083002,Q1_2022
211110000000.0,Southeast Core,33,Q1,2022,1150.0,1200.0,152,G21011100083003,Q1_2022
211110000000.0,Southeast Core,32,Q1,2022,1195.0,1200.0,115,G21011100084001,Q1_2022
211110000000.0,Southeast Core,32,Q1,2022,1150.0,1200.0,131,G21011100084002,Q1_2022
211110000000.0,Southeast Core,32,Q1,2022,1195.0,1200.0,125,G21011100084003,Q1_2022
211110000000.0,Southeast Core,32,Q1,2022,1195.0,1200.0,128,G21011100085001,Q1_2022
211110000000.0,Southeast Core,32,Q1,2022,1195.0,1200.0,119,G21011100085002,Q1_2022
211110000000.0,East Core,32,Q1,2022,1125.0,1207.0,62,G21011100087004,Q1_2022
211110000000.0,Southeast Core,32,Q1,2022,1250.0,1200.0,74,G21011100088001,Q1_2022
211110000000.0,Southeast Core,32,Q1,2022,1200.0,1200.0,104,G21011100088002,Q1_2022
211110000000.0,Southeast Core,32,Q1,2022,1495.0,1200.0,52,G21011100088003,Q1_2022
211110000000.0,Southeast Core,32,Q1,2022,1495.0,1200.0,59,G21011100089001,Q1_2022
211110000000.0,Southeast Core,32,Q1,2022,1425.0,1200.0,75,G21011100089002,Q1_2022
211110000000.0,Southeast Core,32,Q1,2022,1225.0,1200.0,104,G21011100089003,Q1_2022
211110000000.0,Southeast Core,32,Q1,2022,1412.5,1200.0,78,G21011100089004,Q1_2022
211110000000.0,Southeast Core,32,Q1,2022,1287.5,1200.0,80,G21011100093002,Q1_2022
211110000000.0,Southeast Core,32,Q1,2022,1350.0,1200.0,87,G21011100093003,Q1_2022
211110000000.0,Southeast Core,32,Q1,2022,1400.0,1200.0,63,G21011100093005,Q1_2022
211110000000.0,Southeast Core,32,Q1,2022,1600.0,1200.0,48,G21011100096001,Q1_2022
211110000000.0,East Core,32,Q1,2022,1176.0,1207.0,102,G21011100099001,Q1_2022
211110000000.0,East Core,32,Q1,2022,1195.0,1207.0,130,G21011100099002,Q1_2022
211110000000.0,East Core,33,Q1,2022,1537.5,1207.0,40,G21011100099003,Q1_2022
211110000000.0,East Metro,32,Q1,2022,1078.0,1355.0,41,G21011100100041,Q1_2022
211110000000.0,East Metro,32,Q1,2022,1079.0,1355.0,42,G21011100100042,Q1_2022
211110000000.0,East Metro,32,Q1,2022,1168.0,1355.0,61,G21011100100043,Q1_2022
211110000000.0,East Metro,32,Q1,2022,1079.0,1355.0,42,G21011100100044,Q1_2022
211110000000.0,East Metro,32,Q1,2022,1307.5,1355.0,46,G21011100100054,Q1_2022
211110000000.0,East Metro,32,Q1,2022,1189.5,1355.0,52,G21011100100055,Q1_2022
211110000000.0,East Metro,32,Q1,2022,1040.0,1355.0,40,G21011100100063,Q1_2022
211110000000.0,East Metro,32,Q1,2022,1460.5,1355.0,90,G21011100101021,Q1_2022
211110000000.0,East Metro,32,Q1,2022,1280.0,1355.0,45,G21011100101031,Q1_2022
211110000000.0,East Metro,32,Q1,2022,1172.5,1355.0,38,G21011100101032,Q1_2022
211110000000.0,East Metro,32,Q1,2022,1078.0,1355.0,45,G21011100101033,Q1_2022
211110000000.0,East Metro,32,Q1,2022,1065.0,1355.0,43,G21011100101034,Q1_2022
211110000000.0,East Metro,32,Q1,2022,1140.0,1355.0,79,G21011100101041,Q1_2022
211110000000.0,East Metro,32,Q1,2022,1143.0,1355.0,68,G21011100101042,Q1_2022
211110000000.0,East Metro,32,Q1,2022,1146.0,1355.0,59,G21011100101043,Q1_2022
211110000000.0,East Metro,32,Q1,2022,1464.0,1355.0,127,G21011100103091,Q1_2022
211110000000.0,East Metro,32,Q1,2022,1460.0,1355.0,125,G21011100103092,Q1_2022
211110000000.0,East Metro,32,Q1,2022,1374.0,1355.0,57,G21011100103093,Q1_2022
211110000000.0,Northeast Metro,32,Q1,2022,1587.0,1635.0,162,G21011100103133,Q1_2022
211110000000.0,Northeast Metro,32,Q1,2022,1589.0,1635.0,165,G21011100103134,Q1_2022
211110000000.0,North Floyd's Fork,32,Q1,2022,1450.0,1585.0,171,G21011100103191,Q1_2022
211110000000.0,North Floyd's Fork,32,Q1,2022,1487.5,1585.0,102,G21011100103192,Q1_2022
211110000000.0,North Floyd's Fork,32,Q1,2022,1442.5,1585.0,162,G21011100103193,Q1_2022
211110000000.0,North Floyd's Fork,32,Q1,2022,1695.0,1585.0,98,G21011100103202,Q1_2022
211110000000.0,North Floyd's Fork,32,Q1,2022,1585.0,1585.0,121,G21011100103203,Q1_2022
211110000000.0,North Floyd's Fork,32,Q1,2022,1589.0,1585.0,87,G21011100103231,Q1_2022
211110000000.0,North Floyd's Fork,32,Q1,2022,1759.0,1585.0,40,G21011100103241,Q1_2022
211110000000.0,East Metro,32,Q1,2022,1208.5,1355.0,90,G21011100104072,Q1_2022
211110000000.0,East Core,33,Q1,2022,1214.5,1207.0,92,G21011100105002,Q1_2022
211110000000.0,East Core,33,Q1,2022,1229.0,1207.0,59,G21011100105003,Q1_2022
211110000000.0,East Core,32,Q1,2022,1192.0,1207.0,55,G21011100105004,Q1_2022
211110000000.0,East Core,32,Q1,2022,1191.5,1207.0,104,G21011100106011,Q1_2022
211110000000.0,East Core,33,Q1,2022,1208.5,1207.0,102,G21011100106012,Q1_2022
211110000000.0,East Core,32,Q1,2022,1192.5,1207.0,130,G21011100106021,Q1_2022
211110000000.0,East Core,32,Q1,2022,1209.0,1207.0,147,G21011100106022,Q1_2022
211110000000.0,East Core,32,Q1,2022,1211.0,1207.0,148,G21011100106023,Q1_2022
211110000000.0,East Metro,32,Q1,2022,1389.0,1355.0,159,G21011100107011,Q1_2022
211110000000.0,East Metro,32,Q1,2022,1320.0,1355.0,121,G21011100107012,Q1_2022
211110000000.0,East Metro,32,Q1,2022,1370.0,1355.0,159,G21011100107013,Q1_2022
211110000000.0,East Metro,32,Q1,2022,1257.5,1355.0,68,G21011100107014,Q1_2022
211110000000.0,East Metro,32,Q1,2022,1495.0,1355.0,73,G21011100107015,Q1_2022
211110000000.0,Central Taylorsville,32,Q1,2022,1272.5,1492.5,34,G21011100107021,Q1_2022
211110000000.0,Central Taylorsville,32,Q1,2022,1295.0,1492.5,37,G21011100107022,Q1_2022
211110000000.0,Central Taylorsville,32,Q1,2022,1413.5,1492.5,56,G21011100107023,Q1_2022
211110000000.0,East Metro,32,Q1,2022,1322.5,1355.0,52,G21011100107061,Q1_2022
211110000000.0,East Metro,32,Q1,2022,1300.0,1355.0,82,G21011100107071,Q1_2022
211110000000.0,East Metro,32,Q1,2022,1370.0,1355.0,149,G21011100107072,Q1_2022
211110000000.0,East Metro,32,Q1,2022,1377.5,1355.0,156,G21011100107081,Q1_2022
211110000000.0,East Metro,32,Q1,2022,1370.0,1355.0,167,G21011100107082,Q1_2022
211110000000.0,Central Taylorsville,32,Q1,2022,1475.0,1492.5,41,G21011100108003,Q1_2022
211110000000.0,Central Bardstown,32,Q1,2022,1299.0,1250.0,63,G21011100110035,Q1_2022
211110000000.0,Central Bardstown,32,Q1,2022,1300.0,1250.0,51,G21011100110053,Q1_2022
211110000000.0,Central Taylorsville,32,Q1,2022,945.0,1492.5,42,G21011100110091,Q1_2022
211110000000.0,Central Taylorsville,32,Q1,2022,945.0,1492.5,54,G21011100110092,Q1_2022
211110000000.0,Central Taylorsville,32,Q1,2022,1100.0,1492.5,65,G21011100110093,Q1_2022
211110000000.0,Central Bardstown,32,Q1,2022,970.0,1250.0,77,G21011100111103,Q1_2022
211110000000.0,Central Taylorsville,32,Q1,2022,1255.0,1492.5,86,G21011100111112,Q1_2022
211110000000.0,Central Taylorsville,32,Q1,2022,1380.0,1492.5,50,G21011100111113,Q1_2022
211110000000.0,Central Taylorsville,32,Q1,2022,1295.0,1492.5,85,G21011100111121,Q1_2022
211110000000.0,Central Taylorsville,32,Q1,2022,1285.0,1492.5,79,G21011100111122,Q1_2022
211110000000.0,Central Taylorsville,32,Q1,2022,1725.0,1492.5,80,G21011100111181,Q1_2022
211110000000.0,Central Taylorsville,32,Q1,2022,1560.0,1492.5,70,G21011100111182,Q1_2022
211110000000.0,Central Bardstown,32,Q1,2022,1497.5,1250.0,38,G21011100112021,Q1_2022
211110000000.0,Central Bardstown,32,Q1,2022,928.0,1250.0,73,G21011100115064,Q1_2022
211110000000.0,Central Bardstown,32,Q1,2022,970.5,1250.0,74,G21011100115092,Q1_2022
211110000000.0,Central Bardstown,32,Q1,2022,978.0,1250.0,77,G21011100115093,Q1_2022
211110000000.0,Central Bardstown,32,Q1,2022,1025.0,1250.0,83,G21011100115153,Q1_2022
211110000000.0,Central Bardstown,32,Q1,2022,1007.5,1250.0,84,G21011100115154,Q1_2022
211110000000.0,South Floyd's Fork,32,Q1,2022,1271.0,1285.0,88,G21011100116051,Q1_2022
211110000000.0,South Floyd's Fork,32,Q1,2022,1276.0,1285.0,111,G21011100116053,Q1_2022
211110000000.0,McNeely Lake,32,Q1,2022,1655.0,1645.0,45,G21011100117112,Q1_2022
211110000000.0,McNeely Lake,32,Q1,2022,1695.0,1645.0,59,G21011100117113,Q1_2022
211110000000.0,McNeely Lake,32,Q1,2022,1225.0,1645.0,44,G21011100117122,Q1_2022
211110000000.0,South-Central Dixie,32,Q1,2022,1330.0,1425.0,78,G21011100121051,Q1_2022
211110000000.0,South-Central Dixie,32,Q1,2022,1345.0,1425.0,105,G21011100121053,Q1_2022
211110000000.0,South-Central Dixie,32,Q1,2022,1345.0,1425.0,111,G21011100121054,Q1_2022
211110000000.0,South-Central Dixie,32,Q1,2022,1345.0,1425.0,102,G21011100121081,Q1_2022
211110000000.0,South-Central Dixie,32,Q1,2022,1370.0,1425.0,103,G21011100121091,Q1_2022
211110000000.0,South-Central Dixie,32,Q1,2022,1370.0,1425.0,81,G21011100121092,Q1_2022
211110000000.0,South-Central Dixie,32,Q1,2022,975.0,1425.0,71,G21011100122031,Q1_2022
211110000000.0,Iroquois Park,32,Q1,2022,916.0,1140.0,53,G21011100122043,Q1_2022
211110000000.0,Iroquois Park,32,Q1,2022,975.0,1140.0,72,G21011100123021,Q1_2022
211110000000.0,Iroquois Park,32,Q1,2022,957.0,1140.0,41,G21011100123022,Q1_2022
211110000000.0,South-Central Dixie,32,Q1,2022,1320.0,1425.0,91,G21011100124092,Q1_2022
211110000000.0,South-Central Dixie,32,Q1,2022,1355.0,1425.0,113,G21011100124093,Q1_2022
211110000000.0,South-Central Dixie,32,Q1,2022,1041.0,1425.0,66,G21011100125021,Q1_2022
211110000000.0,Southwest Core,33,Q1,2022,997.5,1050.0,50,G21011100128021,Q1_2022
211110000000.0,Northwest Core,33,Q2,2022,875.0,995.0,34,G21011100023003,Q2_2022
211110000000.0,West Core,33,Q2,2022,1050.0,1000.0,208,G21011100027001,Q2_2022
211110000000.0,Northwest Core,34,Q2,2022,1095.0,995.0,139,G21011100030001,Q2_2022
211110000000.0,Northwest Core,34,Q2,2022,1100.0,995.0,250,G21011100030002,Q2_2022
211110000000.0,West Core,34,Q2,2022,975.0,1000.0,298,G21011100035011,Q2_2022
211110000000.0,West Core,34,Q2,2022,1012.5,1000.0,224,G21011100035021,Q2_2022
211110000000.0,Southwest Core,34,Q2,2022,1095.0,1095.0,129,G21011100036001,Q2_2022
211110000000.0,Southwest Core,33,Q2,2022,987.5,1095.0,106,G21011100036002,Q2_2022
211110000000.0,Southwest Core,33,Q2,2022,897.0,1095.0,100,G21011100036003,Q2_2022
211110000000.0,Southwest Core,34,Q2,2022,1100.0,1095.0,109,G21011100036004,Q2_2022
211110000000.0,Southwest Core,34,Q2,2022,975.0,1095.0,70,G21011100036005,Q2_2022
211110000000.0,University,34,Q2,2022,1165.0,1050.0,169,G21011100037001,Q2_2022
211110000000.0,University,34,Q2,2022,1095.0,1050.0,152,G21011100037002,Q2_2022
211110000000.0,Southwest Core,34,Q2,2022,1050.0,1095.0,167,G21011100038001,Q2_2022
211110000000.0,Southwest Core,34,Q2,2022,1100.0,1095.0,149,G21011100038002,Q2_2022
211110000000.0,Southwest Core,34,Q2,2022,950.0,1095.0,123,G21011100038003,Q2_2022
211110000000.0,Southwest Core,34,Q2,2022,950.0,1095.0,80,G21011100039001,Q2_2022
211110000000.0,Southwest Core,34,Q2,2022,950.0,1095.0,67,G21011100039002,Q2_2022
211110000000.0,Southwest Core,33,Q2,2022,1175.0,1095.0,145,G21011100041001,Q2_2022
211110000000.0,Downtown,34,Q2,2022,1129.0,1245.0,113,G21011100049000,Q2_2022
211110000000.0,Downtown,34,Q2,2022,1205.0,1245.0,543,G21011100049001,Q2_2022
211110000000.0,Downtown,34,Q2,2022,1099.0,1245.0,327,G21011100049002,Q2_2022
211110000000.0,Downtown,34,Q2,2022,1305.0,1245.0,392,G21011100049003,Q2_2022
211110000000.0,Downtown,34,Q2,2022,1070.0,1245.0,408,G21011100050001,Q2_2022
211110000000.0,Downtown,34,Q2,2022,1075.0,1245.0,478,G21011100050002,Q2_2022
211110000000.0,University,34,Q2,2022,1050.0,1050.0,462,G21011100051001,Q2_2022
211110000000.0,University,34,Q2,2022,1065.0,1050.0,510,G21011100051002,Q2_2022
211110000000.0,University,34,Q2,2022,1050.0,1050.0,495,G21011100051003,Q2_2022
211110000000.0,University,34,Q2,2022,975.0,1050.0,397,G21011100052001,Q2_2022
211110000000.0,University,34,Q2,2022,950.0,1050.0,370,G21011100052002,Q2_2022
211110000000.0,University,34,Q2,2022,1032.5,1050.0,460,G21011100052003,Q2_2022
211110000000.0,University,34,Q2,2022,1025.0,1050.0,341,G21011100053001,Q2_2022
211110000000.0,University,34,Q2,2022,1050.0,1050.0,313,G21011100053002,Q2_2022
211110000000.0,Downtown,34,Q2,2022,1299.0,1245.0,568,G21011100059011,Q2_2022
211110000000.0,Downtown,34,Q2,2022,1300.0,1245.0,567,G21011100059012,Q2_2022
211110000000.0,Downtown,34,Q2,2022,1444.0,1245.0,358,G21011100059021,Q2_2022
211110000000.0,Downtown,34,Q2,2022,1435.0,1245.0,347,G21011100059022,Q2_2022
211110000000.0,Downtown,34,Q2,2022,1418.0,1245.0,371,G21011100059023,Q2_2022
211110000000.0,Downtown,34,Q2,2022,1250.0,1245.0,379,G21011100062001,Q2_2022
211110000000.0,Downtown,34,Q2,2022,1150.0,1245.0,587,G21011100062002,Q2_2022
211110000000.0,Southeast Core,34,Q2,2022,1252.0,1295.0,291,G21011100063001,Q2_2022
211110000000.0,Southeast Core,34,Q2,2022,1247.0,1295.0,318,G21011100063002,Q2_2022
211110000000.0,Southeast Core,34,Q2,2022,1295.0,1295.0,321,G21011100064001,Q2_2022
211110000000.0,Southeast Core,34,Q2,2022,1295.0,1295.0,301,G21011100064002,Q2_2022
211110000000.0,University,34,Q2,2022,1065.0,1050.0,488,G21011100065001,Q2_2022
211110000000.0,University,34,Q2,2022,1200.0,1050.0,360,G21011100065002,Q2_2022
211110000000.0,University,34,Q2,2022,1045.0,1050.0,422,G21011100065003,Q2_2022
211110000000.0,University,34,Q2,2022,1050.0,1050.0,345,G21011100065004,Q2_2022
211110000000.0,University,34,Q2,2022,1070.0,1050.0,517,G21011100066001,Q2_2022
211110000000.0,University,34,Q2,2022,1025.0,1050.0,420,G21011100066002,Q2_2022
211110000000.0,Southeast Core,34,Q2,2022,1200.0,1295.0,170,G21011100068001,Q2_2022
211110000000.0,Southeast Core,34,Q2,2022,1200.0,1295.0,151,G21011100068002,Q2_2022
211110000000.0,Southeast Core,34,Q2,2022,1195.0,1295.0,223,G21011100068003,Q2_2022
211110000000.0,Southeast Core,34,Q2,2022,1295.0,1295.0,275,G21011100069001,Q2_2022
211110000000.0,Southeast Core,34,Q2,2022,1250.0,1295.0,166,G21011100069002,Q2_2022
211110000000.0,Southeast Core,34,Q2,2022,1195.0,1295.0,227,G21011100069003,Q2_2022
211110000000.0,Southeast Core,34,Q2,2022,1337.5,1295.0,112,G21011100070001,Q2_2022
211110000000.0,Southeast Core,33,Q2,2022,1300.0,1295.0,113,G21011100070002,Q2_2022
211110000000.0,University,33,Q2,2022,1300.0,1050.0,81,G21011100071021,Q2_2022
211110000000.0,University,34,Q2,2022,1050.0,1050.0,223,G21011100071022,Q2_2022
211110000000.0,University,34,Q2,2022,1095.0,1050.0,378,G21011100071023,Q2_2022
211110000000.0,University,34,Q2,2022,1125.0,1050.0,190,G21011100071024,Q2_2022
211110000000.0,University,34,Q2,2022,1155.0,1050.0,186,G21011100071025,Q2_2022
211110000000.0,Northeast Core,34,Q2,2022,1141.0,1194.0,218,G21011100074001,Q2_2022
211110000000.0,Northeast Core,34,Q2,2022,1241.0,1194.0,198,G21011100074002,Q2_2022
211110000000.0,Northeast Core,34,Q2,2022,1162.0,1194.0,216,G21011100076011,Q2_2022
211110000000.0,Northeast Core,34,Q2,2022,950.0,1194.0,125,G21011100076012,Q2_2022
211110000000.0,Northeast Core,34,Q2,2022,1162.0,1194.0,206,G21011100076021,Q2_2022
211110000000.0,Northeast Core,34,Q2,2022,1159.0,1194.0,220,G21011100076022,Q2_2022
211110000000.0,Northeast Core,33,Q2,2022,995.0,1194.0,137,G21011100076031,Q2_2022
211110000000.0,Northeast Core,34,Q2,2022,995.5,1194.0,124,G21011100076032,Q2_2022
211110000000.0,Northeast Core,34,Q2,2022,996.0,1194.0,159,G21011100076033,Q2_2022
211110000000.0,Northeast Core,34,Q2,2022,937.5,1194.0,122,G21011100079001,Q2_2022
211110000000.0,Northeast Core,34,Q2,2022,1156.0,1194.0,177,G21011100079002,Q2_2022
211110000000.0,Northeast Core,34,Q2,2022,1177.5,1194.0,214,G21011100081001,Q2_2022
211110000000.0,Northeast Core,34,Q2,2022,1460.0,1194.0,262,G21011100081002,Q2_2022
211110000000.0,Northeast Core,34,Q2,2022,1395.5,1194.0,384,G21011100081003,Q2_2022
211110000000.0,Southeast Core,34,Q2,2022,1312.5,1295.0,268,G21011100082011,Q2_2022
211110000000.0,Southeast Core,33,Q2,2022,1249.0,1295.0,186,G21011100082012,Q2_2022
211110000000.0,Southeast Core,34,Q2,2022,1325.0,1295.0,291,G21011100082021,Q2_2022
211110000000.0,Southeast Core,33,Q2,2022,1287.0,1295.0,224,G21011100082022,Q2_2022
211110000000.0,Southeast Core,34,Q2,2022,1207.5,1295.0,196,G21011100083001,Q2_2022
211110000000.0,Southeast Core,34,Q2,2022,1299.0,1295.0,270,G21011100083002,Q2_2022
211110000000.0,Southeast Core,34,Q2,2022,1232.0,1295.0,194,G21011100083003,Q2_2022
211110000000.0,Southeast Core,33,Q2,2022,1300.0,1295.0,123,G21011100084001,Q2_2022
211110000000.0,Southeast Core,33,Q2,2022,1249.0,1295.0,161,G21011100084002,Q2_2022
211110000000.0,Southeast Core,33,Q2,2022,1297.0,1295.0,152,G21011100084003,Q2_2022
211110000000.0,Southeast Core,33,Q2,2022,1249.0,1295.0,160,G21011100085001,Q2_2022
211110000000.0,Southeast Core,33,Q2,2022,1300.0,1295.0,129,G21011100085002,Q2_2022
211110000000.0,East Core,33,Q2,2022,1237.5,1300.0,52,G21011100087004,Q2_2022
211110000000.0,Southeast Core,33,Q2,2022,1395.0,1295.0,65,G21011100088001,Q2_2022
211110000000.0,Southeast Core,33,Q2,2022,1300.0,1295.0,103,G21011100088002,Q2_2022
211110000000.0,Southeast Core,33,Q2,2022,1397.5,1295.0,52,G21011100088003,Q2_2022
211110000000.0,Southeast Core,33,Q2,2022,1397.5,1295.0,58,G21011100089001,Q2_2022
211110000000.0,Southeast Core,33,Q2,2022,1397.5,1295.0,74,G21011100089002,Q2_2022
211110000000.0,Southeast Core,33,Q2,2022,1299.0,1295.0,104,G21011100089003,Q2_2022
211110000000.0,Southeast Core,33,Q2,2022,1300.0,1295.0,93,G21011100089004,Q2_2022
211110000000.0,Southeast Core,33,Q2,2022,1450.0,1295.0,93,G21011100093002,Q2_2022
211110000000.0,Southeast Core,33,Q2,2022,1297.5,1295.0,96,G21011100093003,Q2_2022
211110000000.0,Southeast Core,33,Q2,2022,1400.0,1295.0,71,G21011100093005,Q2_2022
211110000000.0,Southeast Core,33,Q2,2022,1090.0,1295.0,51,G21011100096001,Q2_2022
211110000000.0,East Core,33,Q2,2022,1295.0,1300.0,125,G21011100099001,Q2_2022
211110000000.0,East Core,33,Q2,2022,1238.0,1300.0,169,G21011100099002,Q2_2022
211110000000.0,East Core,34,Q2,2022,1400.0,1300.0,60,G21011100099003,Q2_2022
211110000000.0,East Metro,33,Q2,2022,1300.0,1418.0,35,G21011100100041,Q2_2022
211110000000.0,East Metro,33,Q2,2022,1291.5,1418.0,34,G21011100100042,Q2_2022
211110000000.0,East Metro,33,Q2,2022,1259.5,1418.0,68,G21011100100043,Q2_2022
211110000000.0,East Metro,33,Q2,2022,1350.0,1418.0,51,G21011100100054,Q2_2022
211110000000.0,East Metro,33,Q2,2022,1261.0,1418.0,55,G21011100100055,Q2_2022
211110000000.0,East Metro,33,Q2,2022,1250.5,1418.0,46,G21011100100063,Q2_2022
211110000000.0,East Metro,33,Q2,2022,1442.0,1418.0,105,G21011100101021,Q2_2022
211110000000.0,East Metro,33,Q2,2022,1350.0,1418.0,51,G21011100101031,Q2_2022
211110000000.0,East Metro,33,Q2,2022,1350.0,1418.0,45,G21011100101032,Q2_2022
211110000000.0,East Metro,33,Q2,2022,1300.0,1418.0,51,G21011100101033,Q2_2022
211110000000.0,East Metro,33,Q2,2022,1240.0,1418.0,43,G21011100101034,Q2_2022
211110000000.0,East Metro,33,Q2,2022,1351.5,1418.0,90,G21011100101041,Q2_2022
211110000000.0,East Metro,33,Q2,2022,1435.0,1418.0,84,G21011100101042,Q2_2022
211110000000.0,East Metro,33,Q2,2022,1259.5,1418.0,68,G21011100101043,Q2_2022
211110000000.0,East Metro,33,Q2,2022,1469.5,1418.0,118,G21011100103091,Q2_2022
211110000000.0,East Metro,33,Q2,2022,1475.0,1418.0,119,G21011100103092,Q2_2022
211110000000.0,East Metro,33,Q2,2022,1391.0,1418.0,67,G21011100103093,Q2_2022
211110000000.0,Northeast Metro,33,Q2,2022,1615.0,1680.0,166,G21011100103133,Q2_2022
211110000000.0,Northeast Metro,33,Q2,2022,1615.0,1680.0,165,G21011100103134,Q2_2022
211110000000.0,North Floyd's Fork,33,Q2,2022,1457.0,1499.5,168,G21011100103191,Q2_2022
211110000000.0,North Floyd's Fork,33,Q2,2022,1499.0,1499.5,118,G21011100103192,Q2_2022
211110000000.0,North Floyd's Fork,33,Q2,2022,1445.0,1499.5,161,G21011100103193,Q2_2022
211110000000.0,North Floyd's Fork,33,Q2,2022,1669.0,1499.5,81,G21011100103202,Q2_2022
211110000000.0,North Floyd's Fork,33,Q2,2022,1470.0,1499.5,117,G21011100103203,Q2_2022
211110000000.0,North Floyd's Fork,33,Q2,2022,1499.0,1499.5,100,G21011100103231,Q2_2022
211110000000.0,North Floyd's Fork,33,Q2,2022,1774.5,1499.5,42,G21011100103241,Q2_2022
211110000000.0,East Metro,33,Q2,2022,1324.0,1418.0,111,G21011100104072,Q2_2022
211110000000.0,East Core,34,Q2,2022,1249.0,1300.0,149,G21011100105002,Q2_2022
211110000000.0,East Core,34,Q2,2022,1295.0,1300.0,100,G21011100105003,Q2_2022
211110000000.0,East Core,33,Q2,2022,1295.0,1300.0,83,G21011100105004,Q2_2022
211110000000.0,East Core,33,Q2,2022,1238.0,1300.0,135,G21011100106011,Q2_2022
211110000000.0,East Core,34,Q2,2022,1249.0,1300.0,160,G21011100106012,Q2_2022
211110000000.0,East Core,33,Q2,2022,1281.0,1300.0,181,G21011100106021,Q2_2022
211110000000.0,East Core,33,Q2,2022,1313.0,1300.0,193,G21011100106022,Q2_2022
211110000000.0,East Core,33,Q2,2022,1325.5,1300.0,192,G21011100106023,Q2_2022
211110000000.0,East Metro,33,Q2,2022,1465.0,1418.0,151,G21011100107011,Q2_2022
211110000000.0,East Metro,33,Q2,2022,1405.0,1418.0,122,G21011100107012,Q2_2022
211110000000.0,East Metro,33,Q2,2022,1442.0,1418.0,147,G21011100107013,Q2_2022
211110000000.0,East Metro,33,Q2,2022,1545.0,1418.0,71,G21011100107014,Q2_2022
211110000000.0,East Metro,33,Q2,2022,1540.0,1418.0,69,G21011100107015,Q2_2022
211110000000.0,Central Taylorsville,33,Q2,2022,1372.5,1550.0,54,G21011100107021,Q2_2022
211110000000.0,Central Taylorsville,33,Q2,2022,1417.5,1550.0,62,G21011100107022,Q2_2022
211110000000.0,Central Taylorsville,33,Q2,2022,1575.0,1550.0,71,G21011100107023,Q2_2022
211110000000.0,East Metro,33,Q2,2022,1375.0,1418.0,56,G21011100107061,Q2_2022
211110000000.0,East Metro,33,Q2,2022,1390.0,1418.0,83,G21011100107071,Q2_2022
211110000000.0,East Metro,33,Q2,2022,1440.0,1418.0,145,G21011100107072,Q2_2022
211110000000.0,East Metro,33,Q2,2022,1419.0,1418.0,160,G21011100107081,Q2_2022
211110000000.0,East Metro,33,Q2,2022,1428.5,1418.0,174,G21011100107082,Q2_2022
211110000000.0,Central Taylorsville,33,Q2,2022,1520.0,1550.0,63,G21011100108003,Q2_2022
211110000000.0,Central Bardstown,33,Q2,2022,1195.0,1150.0,60,G21011100110035,Q2_2022
211110000000.0,Central Bardstown,33,Q2,2022,1147.5,1150.0,68,G21011100110053,Q2_2022
211110000000.0,Central Taylorsville,33,Q2,2022,1197.5,1550.0,54,G21011100110091,Q2_2022
211110000000.0,Central Taylorsville,33,Q2,2022,1195.0,1550.0,52,G21011100110092,Q2_2022
211110000000.0,Central Taylorsville,33,Q2,2022,1195.0,1550.0,60,G21011100110093,Q2_2022
211110000000.0,Central Bardstown,33,Q2,2022,977.0,1150.0,119,G21011100111103,Q2_2022
211110000000.0,Central Taylorsville,33,Q2,2022,1385.0,1550.0,91,G21011100111112,Q2_2022
211110000000.0,Central Taylorsville,33,Q2,2022,1410.0,1550.0,61,G21011100111113,Q2_2022
211110000000.0,Central Taylorsville,33,Q2,2022,1370.0,1550.0,87,G21011100111121,Q2_2022
211110000000.0,Central Taylorsville,33,Q2,2022,1345.0,1550.0,84,G21011100111122,Q2_2022
211110000000.0,Central Taylorsville,33,Q2,2022,1790.0,1550.0,46,G21011100111181,Q2_2022
211110000000.0,Central Taylorsville,33,Q2,2022,1635.0,1550.0,41,G21011100111182,Q2_2022
211110000000.0,Central Bardstown,33,Q2,2022,1375.0,1150.0,40,G21011100112021,Q2_2022
211110000000.0,Central Bardstown,33,Q2,2022,972.0,1150.0,121,G21011100115064,Q2_2022
211110000000.0,Central Bardstown,33,Q2,2022,998.0,1150.0,123,G21011100115092,Q2_2022
211110000000.0,Central Bardstown,33,Q2,2022,996.0,1150.0,120,G21011100115093,Q2_2022
211110000000.0,Central Bardstown,33,Q2,2022,999.0,1150.0,125,G21011100115153,Q2_2022
211110000000.0,Central Bardstown,33,Q2,2022,999.0,1150.0,126,G21011100115154,Q2_2022
211110000000.0,South Floyd's Fork,33,Q2,2022,1376.0,1367.0,111,G21011100116051,Q2_2022
211110000000.0,South Floyd's Fork,33,Q2,2022,1350.0,1367.0,133,G21011100116053,Q2_2022
211110000000.0,McNeely Lake,33,Q2,2022,1845.0,1660.0,31,G21011100117112,Q2_2022
211110000000.0,McNeely Lake,33,Q2,2022,1790.0,1660.0,40,G21011100117113,Q2_2022
211110000000.0,McNeely Lake,33,Q2,2022,1385.0,1660.0,42,G21011100117122,Q2_2022
211110000000.0,South-Central Dixie,33,Q2,2022,1318.5,1425.0,72,G21011100121051,Q2_2022
211110000000.0,South-Central Dixie,33,Q2,2022,1329.0,1425.0,87,G21011100121053,Q2_2022
211110000000.0,South-Central Dixie,33,Q2,2022,1329.5,1425.0,102,G21011100121054,Q2_2022
211110000000.0,South-Central Dixie,33,Q2,2022,1347.5,1425.0,90,G21011100121081,Q2_2022
211110000000.0,South-Central Dixie,33,Q2,2022,1360.0,1425.0,86,G21011100121091,Q2_2022
211110000000.0,South-Central Dixie,33,Q2,2022,1360.0,1425.0,74,G21011100121092,Q2_2022
211110000000.0,South-Central Dixie,33,Q2,2022,1017.5,1425.0,70,G21011100122031,Q2_2022
211110000000.0,Iroquois Park,33,Q2,2022,977.5,1048.0,54,G21011100122043,Q2_2022
211110000000.0,Iroquois Park,33,Q2,2022,980.0,1048.0,64,G21011100123021,Q2_2022
211110000000.0,Iroquois Park,33,Q2,2022,936.0,1048.0,45,G21011100123022,Q2_2022
211110000000.0,South-Central Dixie,33,Q2,2022,1337.0,1425.0,84,G21011100124092,Q2_2022
211110000000.0,South-Central Dixie,33,Q2,2022,1340.0,1425.0,106,G21011100124093,Q2_2022
211110000000.0,South-Central Dixie,33,Q2,2022,1000.0,1425.0,61,G21011100125021,Q2_2022
211110000000.0,Southwest Core,34,Q2,2022,950.0,1095.0,56,G21011100128021,Q2_2022
211110000000.0,Northwest Core,34,Q3,2022,1050.0,1049.0,61,G21011100023003,Q3_2022
211110000000.0,West Core,34,Q3,2022,1117.5,1095.0,322,G21011100027001,Q3_2022
211110000000.0,Northwest Core,35,Q3,2022,1149.0,1049.0,170,G21011100030001,Q3_2022
211110000000.0,Northwest Core,35,Q3,2022,1159.5,1049.0,374,G21011100030002,Q3_2022
211110000000.0,West Core,35,Q3,2022,975.0,1095.0,336,G21011100035011,Q3_2022
211110000000.0,West Core,35,Q3,2022,1000.0,1095.0,253,G21011100035021,Q3_2022
211110000000.0,Southwest Core,35,Q3,2022,1100.0,1110.0,105,G21011100036001,Q3_2022
211110000000.0,Southwest Core,34,Q3,2022,1072.5,1110.0,82,G21011100036002,Q3_2022
211110000000.0,Southwest Core,34,Q3,2022,1095.0,1110.0,105,G21011100036003,Q3_2022
211110000000.0,Southwest Core,35,Q3,2022,1105.0,1110.0,102,G21011100036004,Q3_2022
211110000000.0,Southwest Core,35,Q3,2022,1095.0,1110.0,102,G21011100036005,Q3_2022
211110000000.0,University,35,Q3,2022,1150.0,1099.0,132,G21011100037001,Q3_2022
211110000000.0,University,35,Q3,2022,1100.0,1099.0,122,G21011100037002,Q3_2022
211110000000.0,Southwest Core,35,Q3,2022,1100.0,1110.0,158,G21011100038001,Q3_2022
211110000000.0,Southwest Core,35,Q3,2022,1095.0,1110.0,145,G21011100038002,Q3_2022
211110000000.0,Southwest Core,35,Q3,2022,1095.0,1110.0,137,G21011100038003,Q3_2022
211110000000.0,Southwest Core,35,Q3,2022,1100.0,1110.0,115,G21011100039001,Q3_2022
211110000000.0,Southwest Core,35,Q3,2022,1100.0,1110.0,93,G21011100039002,Q3_2022
211110000000.0,Southwest Core,34,Q3,2022,1139.0,1110.0,136,G21011100041001,Q3_2022
211110000000.0,Downtown,35,Q3,2022,1139.0,1266.0,107,G21011100049000,Q3_2022
211110000000.0,Downtown,35,Q3,2022,1250.0,1266.0,714,G21011100049001,Q3_2022
211110000000.0,Downtown,35,Q3,2022,1150.0,1266.0,442,G21011100049002,Q3_2022
211110000000.0,Downtown,35,Q3,2022,1310.0,1266.0,543,G21011100049003,Q3_2022
211110000000.0,Downtown,35,Q3,2022,1100.0,1266.0,497,G21011100050001,Q3_2022
211110000000.0,Downtown,35,Q3,2022,1105.0,1266.0,587,G21011100050002,Q3_2022
211110000000.0,University,35,Q3,2022,1077.5,1099.0,608,G21011100051001,Q3_2022
211110000000.0,University,35,Q3,2022,1095.0,1099.0,674,G21011100051002,Q3_2022
211110000000.0,University,35,Q3,2022,1095.0,1099.0,645,G21011100051003,Q3_2022
211110000000.0,University,35,Q3,2022,975.0,1099.0,454,G21011100052001,Q3_2022
211110000000.0,University,35,Q3,2022,975.0,1099.0,410,G21011100052002,Q3_2022
211110000000.0,University,35,Q3,2022,1050.0,1099.0,588,G21011100052003,Q3_2022
211110000000.0,University,35,Q3,2022,1025.0,1099.0,393,G21011100053001,Q3_2022
211110000000.0,University,35,Q3,2022,1085.0,1099.0,345,G21011100053002,Q3_2022
211110000000.0,Downtown,35,Q3,2022,1295.0,1266.0,729,G21011100059011,Q3_2022
211110000000.0,Downtown,35,Q3,2022,1310.0,1266.0,732,G21011100059012,Q3_2022
211110000000.0,Downtown,35,Q3,2022,1390.0,1266.0,352,G21011100059021,Q3_2022
211110000000.0,Downtown,35,Q3,2022,1375.0,1266.0,417,G21011100059022,Q3_2022
211110000000.0,Downtown,35,Q3,2022,1350.0,1266.0,473,G21011100059023,Q3_2022
211110000000.0,Downtown,35,Q3,2022,1275.0,1266.0,471,G21011100062001,Q3_2022
211110000000.0,Downtown,35,Q3,2022,1175.0,1266.0,760,G21011100062002,Q3_2022
211110000000.0,Southeast Core,35,Q3,2022,1299.5,1325.0,388,G21011100063001,Q3_2022
211110000000.0,Southeast Core,35,Q3,2022,1295.0,1325.0,434,G21011100063002,Q3_2022
211110000000.0,Southeast Core,35,Q3,2022,1311.5,1325.0,420,G21011100064001,Q3_2022
211110000000.0,Southeast Core,35,Q3,2022,1317.0,1325.0,392,G21011100064002,Q3_2022
211110000000.0,University,35,Q3,2022,1112.5,1099.0,670,G21011100065001,Q3_2022
211110000000.0,University,35,Q3,2022,1250.0,1099.0,440,G21011100065002,Q3_2022
211110000000.0,University,35,Q3,2022,1050.0,1099.0,520,G21011100065003,Q3_2022
211110000000.0,University,35,Q3,2022,1100.0,1099.0,427,G21011100065004,Q3_2022
211110000000.0,University,35,Q3,2022,1100.0,1099.0,707,G21011100066001,Q3_2022
211110000000.0,University,35,Q3,2022,1025.0,1099.0,500,G21011100066002,Q3_2022
211110000000.0,Southeast Core,35,Q3,2022,1300.0,1325.0,258,G21011100068001,Q3_2022
211110000000.0,Southeast Core,35,Q3,2022,1300.0,1325.0,246,G21011100068002,Q3_2022
211110000000.0,Southeast Core,35,Q3,2022,1200.0,1325.0,303,G21011100068003,Q3_2022
211110000000.0,Southeast Core,35,Q3,2022,1350.0,1325.0,387,G21011100069001,Q3_2022
211110000000.0,Southeast Core,35,Q3,2022,1362.5,1325.0,260,G21011100069002,Q3_2022
211110000000.0,Southeast Core,35,Q3,2022,1250.0,1325.0,301,G21011100069003,Q3_2022
211110000000.0,Southeast Core,35,Q3,2022,1375.0,1325.0,185,G21011100070001,Q3_2022
211110000000.0,Southeast Core,34,Q3,2022,1400.0,1325.0,177,G21011100070002,Q3_2022
211110000000.0,University,34,Q3,2022,1395.0,1099.0,119,G21011100071021,Q3_2022
211110000000.0,University,35,Q3,2022,1200.0,1099.0,321,G21011100071022,Q3_2022
211110000000.0,University,35,Q3,2022,1095.0,1099.0,484,G21011100071023,Q3_2022
211110000000.0,University,35,Q3,2022,1200.0,1099.0,244,G21011100071024,Q3_2022
211110000000.0,University,35,Q3,2022,1275.0,1099.0,271,G21011100071025,Q3_2022
211110000000.0,Northeast Core,35,Q3,2022,1305.0,1313.0,222,G21011100074001,Q3_2022
211110000000.0,Northeast Core,35,Q3,2022,1375.0,1313.0,181,G21011100074002,Q3_2022
211110000000.0,Northeast Core,35,Q3,2022,1305.0,1313.0,206,G21011100076011,Q3_2022
211110000000.0,Northeast Core,35,Q3,2022,1250.0,1313.0,81,G21011100076012,Q3_2022
211110000000.0,Northeast Core,35,Q3,2022,1300.0,1313.0,209,G21011100076021,Q3_2022
211110000000.0,Northeast Core,35,Q3,2022,1305.0,1313.0,208,G21011100076022,Q3_2022
211110000000.0,Northeast Core,34,Q3,2022,1174.0,1313.0,108,G21011100076031,Q3_2022
211110000000.0,Northeast Core,35,Q3,2022,1146.0,1313.0,99,G21011100076032,Q3_2022
211110000000.0,Northeast Core,35,Q3,2022,1196.5,1313.0,116,G21011100076033,Q3_2022
211110000000.0,Northeast Core,35,Q3,2022,1100.0,1313.0,74,G21011100079001,Q3_2022
211110000000.0,Northeast Core,35,Q3,2022,1310.0,1313.0,161,G21011100079002,Q3_2022
211110000000.0,Northeast Core,35,Q3,2022,1305.0,1313.0,245,G21011100081001,Q3_2022
211110000000.0,Northeast Core,35,Q3,2022,1450.0,1313.0,278,G21011100081002,Q3_2022
211110000000.0,Northeast Core,35,Q3,2022,1350.0,1313.0,494,G21011100081003,Q3_2022
211110000000.0,Southeast Core,35,Q3,2022,1375.0,1325.0,355,G21011100082011,Q3_2022
211110000000.0,Southeast Core,34,Q3,2022,1299.0,1325.0,255,G21011100082012,Q3_2022
211110000000.0,Southeast Core,35,Q3,2022,1392.5,1325.0,388,G21011100082021,Q3_2022
211110000000.0,Southeast Core,34,Q3,2022,1305.0,1325.0,336,G21011100082022,Q3_2022
211110000000.0,Southeast Core,35,Q3,2022,1295.0,1325.0,300,G21011100083001,Q3_2022
211110000000.0,Southeast Core,35,Q3,2022,1375.0,1325.0,373,G21011100083002,Q3_2022
211110000000.0,Southeast Core,35,Q3,2022,1350.0,1325.0,287,G21011100083003,Q3_2022
211110000000.0,Southeast Core,34,Q3,2022,1325.0,1325.0,181,G21011100084001,Q3_2022
211110000000.0,Southeast Core,34,Q3,2022,1299.0,1325.0,230,G21011100084002,Q3_2022
211110000000.0,Southeast Core,34,Q3,2022,1300.0,1325.0,213,G21011100084003,Q3_2022
211110000000.0,Southeast Core,34,Q3,2022,1299.0,1325.0,222,G21011100085001,Q3_2022
211110000000.0,Southeast Core,34,Q3,2022,1325.0,1325.0,199,G21011100085002,Q3_2022
211110000000.0,East Core,34,Q3,2022,1364.5,1428.0,90,G21011100087004,Q3_2022
211110000000.0,Southeast Core,34,Q3,2022,1337.5,1325.0,130,G21011100088001,Q3_2022
211110000000.0,Southeast Core,34,Q3,2022,1325.0,1325.0,175,G21011100088002,Q3_2022
211110000000.0,Southeast Core,34,Q3,2022,1395.0,1325.0,93,G21011100088003,Q3_2022
211110000000.0,Southeast Core,34,Q3,2022,1395.0,1325.0,93,G21011100089001,Q3_2022
211110000000.0,Southeast Core,34,Q3,2022,1325.0,1325.0,114,G21011100089002,Q3_2022
211110000000.0,Southeast Core,34,Q3,2022,1299.5,1325.0,168,G21011100089003,Q3_2022
211110000000.0,Southeast Core,34,Q3,2022,1295.0,1325.0,126,G21011100089004,Q3_2022
211110000000.0,Southeast Core,34,Q3,2022,1302.5,1325.0,110,G21011100093002,Q3_2022
211110000000.0,Southeast Core,34,Q3,2022,1387.5,1325.0,146,G21011100093003,Q3_2022
211110000000.0,Southeast Core,34,Q3,2022,1377.5,1325.0,102,G21011100093005,Q3_2022
211110000000.0,Southeast Core,34,Q3,2022,1277.5,1325.0,64,G21011100096001,Q3_2022
211110000000.0,East Core,34,Q3,2022,1363.0,1428.0,129,G21011100099001,Q3_2022
211110000000.0,East Core,34,Q3,2022,1281.5,1428.0,140,G21011100099002,Q3_2022
211110000000.0,East Core,35,Q3,2022,1700.0,1428.0,79,G21011100099003,Q3_2022
211110000000.0,East Metro,34,Q3,2022,1092.0,1450.0,83,G21011100100041,Q3_2022
211110000000.0,East Metro,34,Q3,2022,1111.0,1450.0,65,G21011100100042,Q3_2022
211110000000.0,East Metro,34,Q3,2022,1196.0,1450.0,125,G21011100100043,Q3_2022
211110000000.0,East Metro,34,Q3,2022,1063.0,1450.0,77,G21011100100044,Q3_2022
211110000000.0,East Metro,34,Q3,2022,1222.0,1450.0,109,G21011100100054,Q3_2022
211110000000.0,East Metro,34,Q3,2022,1200.0,1450.0,118,G21011100100055,Q3_2022
211110000000.0,East Metro,34,Q3,2022,1196.0,1450.0,101,G21011100100063,Q3_2022
211110000000.0,East Metro,34,Q3,2022,1495.0,1450.0,148,G21011100101021,Q3_2022
211110000000.0,East Metro,34,Q3,2022,1215.0,1450.0,107,G21011100101031,Q3_2022
211110000000.0,East Metro,34,Q3,2022,1222.0,1450.0,107,G21011100101032,Q3_2022
211110000000.0,East Metro,34,Q3,2022,1222.0,1450.0,115,G21011100101033,Q3_2022
211110000000.0,East Metro,34,Q3,2022,1215.0,1450.0,103,G21011100101034,Q3_2022
211110000000.0,East Metro,34,Q3,2022,1360.0,1450.0,89,G21011100101041,Q3_2022
211110000000.0,East Metro,34,Q3,2022,1316.0,1450.0,111,G21011100101042,Q3_2022
211110000000.0,East Metro,34,Q3,2022,1196.0,1450.0,125,G21011100101043,Q3_2022
211110000000.0,East Metro,34,Q3,2022,1549.5,1450.0,190,G21011100103091,Q3_2022
211110000000.0,East Metro,34,Q3,2022,1554.5,1450.0,192,G21011100103092,Q3_2022
211110000000.0,East Metro,34,Q3,2022,1416.0,1450.0,135,G21011100103093,Q3_2022
211110000000.0,Northeast Metro,34,Q3,2022,1799.0,1815.0,210,G21011100103133,Q3_2022
211110000000.0,Northeast Metro,34,Q3,2022,1799.0,1815.0,216,G21011100103134,Q3_2022
211110000000.0,North Floyd's Fork,34,Q3,2022,1597.0,1699.5,199,G21011100103191,Q3_2022
211110000000.0,North Floyd's Fork,34,Q3,2022,1651.5,1699.5,184,G21011100103192,Q3_2022
211110000000.0,North Floyd's Fork,34,Q3,2022,1597.0,1699.5,193,G21011100103193,Q3_2022
211110000000.0,North Floyd's Fork,34,Q3,2022,1854.0,1699.5,85,G21011100103202,Q3_2022
211110000000.0,North Floyd's Fork,34,Q3,2022,1804.0,1699.5,115,G21011100103203,Q3_2022
211110000000.0,North Floyd's Fork,34,Q3,2022,1799.0,1699.5,134,G21011100103231,Q3_2022
211110000000.0,North Floyd's Fork,34,Q3,2022,1950.0,1699.5,47,G21011100103241,Q3_2022
211110000000.0,East Metro,34,Q3,2022,1421.0,1450.0,133,G21011100104072,Q3_2022
211110000000.0,East Core,35,Q3,2022,1400.0,1428.0,139,G21011100105002,Q3_2022
211110000000.0,East Core,35,Q3,2022,1331.0,1428.0,69,G21011100105003,Q3_2022
211110000000.0,East Core,34,Q3,2022,1250.0,1428.0,63,G21011100105004,Q3_2022
211110000000.0,East Core,34,Q3,2022,1376.5,1428.0,114,G21011100106011,Q3_2022
211110000000.0,East Core,35,Q3,2022,1400.0,1428.0,157,G21011100106012,Q3_2022
211110000000.0,East Core,34,Q3,2022,1357.5,1428.0,160,G21011100106021,Q3_2022
211110000000.0,East Core,34,Q3,2022,1404.5,1428.0,180,G21011100106022,Q3_2022
211110000000.0,East Core,34,Q3,2022,1393.0,1428.0,168,G21011100106023,Q3_2022
211110000000.0,East Metro,34,Q3,2022,1568.0,1450.0,178,G21011100107011,Q3_2022
211110000000.0,East Metro,34,Q3,2022,1498.0,1450.0,150,G21011100107012,Q3_2022
211110000000.0,East Metro,34,Q3,2022,1554.0,1450.0,170,G21011100107013,Q3_2022
211110000000.0,East Metro,34,Q3,2022,1435.0,1450.0,69,G21011100107014,Q3_2022
211110000000.0,East Metro,34,Q3,2022,1586.5,1450.0,88,G21011100107015,Q3_2022
211110000000.0,Central Taylorsville,34,Q3,2022,1395.0,1399.0,67,G21011100107021,Q3_2022
211110000000.0,Central Taylorsville,34,Q3,2022,1400.0,1399.0,69,G21011100107022,Q3_2022
211110000000.0,Central Taylorsville,34,Q3,2022,1417.5,1399.0,78,G21011100107023,Q3_2022
211110000000.0,East Metro,34,Q3,2022,1495.0,1450.0,69,G21011100107061,Q3_2022
211110000000.0,East Metro,34,Q3,2022,1500.0,1450.0,88,G21011100107071,Q3_2022
211110000000.0,East Metro,34,Q3,2022,1513.0,1450.0,165,G21011100107072,Q3_2022
211110000000.0,East Metro,34,Q3,2022,1540.0,1450.0,170,G21011100107081,Q3_2022
211110000000.0,East Metro,34,Q3,2022,1547.0,1450.0,196,G21011100107082,Q3_2022
211110000000.0,Central Taylorsville,34,Q3,2022,1372.5,1399.0,32,G21011100108001,Q3_2022
211110000000.0,Central Taylorsville,34,Q3,2022,1495.0,1399.0,67,G21011100108003,Q3_2022
211110000000.0,Central Bardstown,34,Q3,2022,1195.0,1250.0,69,G21011100110035,Q3_2022
211110000000.0,Central Bardstown,34,Q3,2022,1195.0,1250.0,80,G21011100110053,Q3_2022
211110000000.0,Central Taylorsville,34,Q3,2022,1195.0,1399.0,72,G21011100110091,Q3_2022
211110000000.0,Central Taylorsville,34,Q3,2022,1195.0,1399.0,78,G21011100110092,Q3_2022
211110000000.0,Central Taylorsville,34,Q3,2022,1122.5,1399.0,74,G21011100110093,Q3_2022
211110000000.0,Central Bardstown,34,Q3,2022,1160.0,1250.0,100,G21011100111103,Q3_2022
211110000000.0,Central Taylorsville,34,Q3,2022,1395.0,1399.0,111,G21011100111112,Q3_2022
211110000000.0,Central Taylorsville,34,Q3,2022,1345.0,1399.0,70,G21011100111113,Q3_2022
211110000000.0,Central Taylorsville,34,Q3,2022,1402.5,1399.0,110,G21011100111121,Q3_2022
211110000000.0,Central Taylorsville,34,Q3,2022,1355.0,1399.0,113,G21011100111122,Q3_2022
211110000000.0,Central Taylorsville,34,Q3,2022,1512.0,1399.0,55,G21011100111181,Q3_2022
211110000000.0,Central Taylorsville,34,Q3,2022,1350.0,1399.0,47,G21011100111182,Q3_2022
211110000000.0,Central Bardstown,34,Q3,2022,1300.0,1250.0,46,G21011100112021,Q3_2022
211110000000.0,Central Bardstown,34,Q3,2022,1099.0,1250.0,113,G21011100115064,Q3_2022
211110000000.0,Central Bardstown,34,Q3,2022,1101.5,1250.0,82,G21011100115092,Q3_2022
211110000000.0,Central Bardstown,34,Q3,2022,1200.0,1250.0,105,G21011100115093,Q3_2022
211110000000.0,Central Bardstown,34,Q3,2022,1114.0,1250.0,87,G21011100115153,Q3_2022
211110000000.0,Central Bardstown,34,Q3,2022,1196.0,1250.0,99,G21011100115154,Q3_2022
211110000000.0,South Floyd's Fork,34,Q3,2022,1437.0,1436.0,143,G21011100116051,Q3_2022
211110000000.0,South Floyd's Fork,34,Q3,2022,1435.0,1436.0,155,G21011100116053,Q3_2022
211110000000.0,McNeely Lake,34,Q3,2022,1800.0,1745.0,50,G21011100117112,Q3_2022
211110000000.0,McNeely Lake,34,Q3,2022,1795.0,1745.0,69,G21011100117113,Q3_2022
211110000000.0,McNeely Lake,34,Q3,2022,1250.0,1745.0,33,G21011100117122,Q3_2022
211110000000.0,South-Central Dixie,34,Q3,2022,1514.0,1520.0,122,G21011100121051,Q3_2022
211110000000.0,South-Central Dixie,34,Q3,2022,1530.0,1520.0,137,G21011100121053,Q3_2022
211110000000.0,South-Central Dixie,34,Q3,2022,1520.0,1520.0,131,G21011100121054,Q3_2022
211110000000.0,South-Central Dixie,34,Q3,2022,1434.0,1520.0,120,G21011100121081,Q3_2022
211110000000.0,South-Central Dixie,34,Q3,2022,1517.0,1520.0,124,G21011100121091,Q3_2022
211110000000.0,South-Central Dixie,34,Q3,2022,1498.5,1520.0,114,G21011100121092,Q3_2022
211110000000.0,South-Central Dixie,34,Q3,2022,985.0,1520.0,79,G21011100122031,Q3_2022
211110000000.0,Iroquois Park,34,Q3,2022,985.0,1167.0,68,G21011100122043,Q3_2022
211110000000.0,Iroquois Park,34,Q3,2022,987.5,1167.0,76,G21011100123021,Q3_2022
211110000000.0,Iroquois Park,34,Q3,2022,1077.0,1167.0,64,G21011100123022,Q3_2022
211110000000.0,South-Central Dixie,34,Q3,2022,1431.0,1520.0,85,G21011100124092,Q3_2022
211110000000.0,South-Central Dixie,34,Q3,2022,1473.0,1520.0,115,G21011100124093,Q3_2022
211110000000.0,South-Central Dixie,34,Q3,2022,1030.0,1520.0,63,G21011100125021,Q3_2022
211110000000.0,Southwest Core,35,Q3,2022,1150.0,1110.0,66,G21011100128021,Q3_2022
211110000000.0,Northwest Core,35,Q4,2022,995.0,1100.0,105,G21011100023003,Q4_2022
211110000000.0,West Core,35,Q4,2022,1110.0,1095.0,307,G21011100027001,Q4_2022
211110000000.0,Northwest Core,36,Q4,2022,1060.0,1100.0,242,G21011100030001,Q4_2022
211110000000.0,Northwest Core,36,Q4,2022,1100.0,1100.0,390,G21011100030002,Q4_2022
211110000000.0,West Core,36,Q4,2022,973.5,1095.0,276,G21011100035011,Q4_2022
211110000000.0,West Core,36,Q4,2022,1000.0,1095.0,203,G21011100035021,Q4_2022
211110000000.0,Southwest Core,36,Q4,2022,1100.0,1050.0,125,G21011100036001,Q4_2022
211110000000.0,Southwest Core,35,Q4,2022,1033.0,1050.0,106,G21011100036002,Q4_2022
211110000000.0,Southwest Core,35,Q4,2022,1060.0,1050.0,134,G21011100036003,Q4_2022
211110000000.0,Southwest Core,36,Q4,2022,1095.0,1050.0,131,G21011100036004,Q4_2022
211110000000.0,Southwest Core,36,Q4,2022,1095.0,1050.0,116,G21011100036005,Q4_2022
211110000000.0,University,36,Q4,2022,1100.0,1100.0,136,G21011100037001,Q4_2022
211110000000.0,University,36,Q4,2022,1100.0,1100.0,129,G21011100037002,Q4_2022
211110000000.0,Southwest Core,36,Q4,2022,1050.0,1050.0,186,G21011100038001,Q4_2022
211110000000.0,Southwest Core,36,Q4,2022,1000.0,1050.0,204,G21011100038002,Q4_2022
211110000000.0,Southwest Core,36,Q4,2022,1025.0,1050.0,167,G21011100038003,Q4_2022
211110000000.0,Southwest Core,36,Q4,2022,1100.0,1050.0,147,G21011100039001,Q4_2022
211110000000.0,Southwest Core,36,Q4,2022,1097.0,1050.0,100,G21011100039002,Q4_2022
211110000000.0,Southwest Core,35,Q4,2022,1000.0,1050.0,157,G21011100041001,Q4_2022
211110000000.0,Downtown,36,Q4,2022,1033.0,1177.0,151,G21011100049000,Q4_2022
211110000000.0,Downtown,36,Q4,2022,1160.0,1177.0,668,G21011100049001,Q4_2022
211110000000.0,Downtown,36,Q4,2022,1113.0,1177.0,414,G21011100049002,Q4_2022
211110000000.0,Downtown,36,Q4,2022,1200.5,1177.0,512,G21011100049003,Q4_2022
211110000000.0,Downtown,36,Q4,2022,1070.0,1177.0,491,G21011100050001,Q4_2022
211110000000.0,Downtown,36,Q4,2022,1090.0,1177.0,564,G21011100050002,Q4_2022
211110000000.0,University,36,Q4,2022,1095.0,1100.0,504,G21011100051001,Q4_2022
211110000000.0,University,36,Q4,2022,1100.0,1100.0,539,G21011100051002,Q4_2022
211110000000.0,University,36,Q4,2022,1100.0,1100.0,522,G21011100051003,Q4_2022
211110000000.0,University,36,Q4,2022,1000.0,1100.0,355,G21011100052001,Q4_2022
211110000000.0,University,36,Q4,2022,1000.0,1100.0,334,G21011100052002,Q4_2022
211110000000.0,University,36,Q4,2022,1065.0,1100.0,467,G21011100052003,Q4_2022
211110000000.0,University,36,Q4,2022,1050.0,1100.0,333,G21011100053001,Q4_2022
211110000000.0,University,36,Q4,2022,1070.0,1100.0,309,G21011100053002,Q4_2022
211110000000.0,Downtown,36,Q4,2022,1205.0,1177.0,684,G21011100059011,Q4_2022
211110000000.0,Downtown,36,Q4,2022,1205.0,1177.0,710,G21011100059012,Q4_2022
211110000000.0,Downtown,36,Q4,2022,1266.0,1177.0,329,G21011100059021,Q4_2022
211110000000.0,Downtown,36,Q4,2022,1288.0,1177.0,383,G21011100059022,Q4_2022
211110000000.0,Downtown,36,Q4,2022,1266.0,1177.0,426,G21011100059023,Q4_2022
211110000000.0,Downtown,36,Q4,2022,1227.0,1177.0,454,G21011100062001,Q4_2022
211110000000.0,Downtown,36,Q4,2022,1127.0,1177.0,719,G21011100062002,Q4_2022
211110000000.0,Southeast Core,36,Q4,2022,1259.5,1275.0,384,G21011100063001,Q4_2022
211110000000.0,Southeast Core,36,Q4,2022,1239.0,1275.0,419,G21011100063002,Q4_2022
211110000000.0,Southeast Core,36,Q4,2022,1256.0,1275.0,388,G21011100064001,Q4_2022
211110000000.0,Southeast Core,36,Q4,2022,1288.0,1275.0,392,G21011100064002,Q4_2022
211110000000.0,University,36,Q4,2022,1130.0,1100.0,551,G21011100065001,Q4_2022
211110000000.0,University,36,Q4,2022,1199.0,1100.0,405,G21011100065002,Q4_2022
211110000000.0,University,36,Q4,2022,1095.0,1100.0,423,G21011100065003,Q4_2022
211110000000.0,University,36,Q4,2022,1150.0,1100.0,377,G21011100065004,Q4_2022
211110000000.0,University,36,Q4,2022,1100.0,1100.0,561,G21011100066001,Q4_2022
211110000000.0,University,36,Q4,2022,1075.0,1100.0,403,G21011100066002,Q4_2022
211110000000.0,Southeast Core,36,Q4,2022,1245.0,1275.0,249,G21011100068001,Q4_2022
211110000000.0,Southeast Core,36,Q4,2022,1200.0,1275.0,251,G21011100068002,Q4_2022
211110000000.0,Southeast Core,36,Q4,2022,1195.0,1275.0,306,G21011100068003,Q4_2022
211110000000.0,Southeast Core,36,Q4,2022,1310.0,1275.0,337,G21011100069001,Q4_2022
211110000000.0,Southeast Core,36,Q4,2022,1300.0,1275.0,250,G21011100069002,Q4_2022
211110000000.0,Southeast Core,36,Q4,2022,1200.0,1275.0,287,G21011100069003,Q4_2022
211110000000.0,Southeast Core,36,Q4,2022,1300.0,1275.0,184,G21011100070001,Q4_2022
211110000000.0,Southeast Core,35,Q4,2022,1262.5,1275.0,150,G21011100070002,Q4_2022
211110000000.0,University,35,Q4,2022,1285.0,1100.0,100,G21011100071021,Q4_2022
211110000000.0,University,36,Q4,2022,1195.0,1100.0,267,G21011100071022,Q4_2022
211110000000.0,University,36,Q4,2022,1100.0,1100.0,419,G21011100071023,Q4_2022
211110000000.0,University,36,Q4,2022,1195.0,1100.0,199,G21011100071024,Q4_2022
211110000000.0,University,36,Q4,2022,1200.0,1100.0,204,G21011100071025,Q4_2022
211110000000.0,Northeast Core,36,Q4,2022,1155.0,1175.5,269,G21011100074001,Q4_2022
211110000000.0,Northeast Core,36,Q4,2022,1156.0,1175.5,213,G21011100074002,Q4_2022
211110000000.0,Northeast Core,36,Q4,2022,1156.0,1175.5,255,G21011100076011,Q4_2022
211110000000.0,Northeast Core,36,Q4,2022,1025.0,1175.5,101,G21011100076012,Q4_2022
211110000000.0,Northeast Core,36,Q4,2022,1156.0,1175.5,261,G21011100076021,Q4_2022
211110000000.0,Northeast Core,36,Q4,2022,1155.5,1175.5,258,G21011100076022,Q4_2022
211110000000.0,Northeast Core,35,Q4,2022,1050.0,1175.5,127,G21011100076031,Q4_2022
211110000000.0,Northeast Core,36,Q4,2022,1050.0,1175.5,123,G21011100076032,Q4_2022
211110000000.0,Northeast Core,36,Q4,2022,1050.0,1175.5,147,G21011100076033,Q4_2022
211110000000.0,Northeast Core,36,Q4,2022,990.0,1175.5,89,G21011100079001,Q4_2022
211110000000.0,Northeast Core,36,Q4,2022,1147.0,1175.5,196,G21011100079002,Q4_2022
211110000000.0,Northeast Core,36,Q4,2022,1179.0,1175.5,263,G21011100081001,Q4_2022
211110000000.0,Northeast Core,36,Q4,2022,1285.0,1175.5,278,G21011100081002,Q4_2022
211110000000.0,Northeast Core,36,Q4,2022,1266.0,1175.5,454,G21011100081003,Q4_2022
211110000000.0,Southeast Core,36,Q4,2022,1350.0,1275.0,318,G21011100082011,Q4_2022
211110000000.0,Southeast Core,35,Q4,2022,1250.0,1275.0,231,G21011100082012,Q4_2022
211110000000.0,Southeast Core,36,Q4,2022,1300.0,1275.0,385,G21011100082021,Q4_2022
211110000000.0,Southeast Core,35,Q4,2022,1211.0,1275.0,319,G21011100082022,Q4_2022
211110000000.0,Southeast Core,36,Q4,2022,1249.0,1275.0,273,G21011100083001,Q4_2022
211110000000.0,Southeast Core,36,Q4,2022,1350.0,1275.0,351,G21011100083002,Q4_2022
211110000000.0,Southeast Core,36,Q4,2022,1299.0,1275.0,301,G21011100083003,Q4_2022
211110000000.0,Southeast Core,35,Q4,2022,1287.5,1275.0,172,G21011100084001,Q4_2022
211110000000.0,Southeast Core,35,Q4,2022,1275.0,1275.0,194,G21011100084002,Q4_2022
211110000000.0,Southeast Core,35,Q4,2022,1250.0,1275.0,185,G21011100084003,Q4_2022
211110000000.0,Southeast Core,35,Q4,2022,1275.0,1275.0,191,G21011100085001,Q4_2022
211110000000.0,Southeast Core,35,Q4,2022,1300.0,1275.0,167,G21011100085002,Q4_2022
211110000000.0,East Core,35,Q4,2022,1200.0,1445.0,68,G21011100087004,Q4_2022
211110000000.0,Southeast Core,35,Q4,2022,1195.0,1275.0,107,G21011100088001,Q4_2022
211110000000.0,Southeast Core,35,Q4,2022,1199.0,1275.0,156,G21011100088002,Q4_2022
211110000000.0,Southeast Core,35,Q4,2022,1150.0,1275.0,78,G21011100088003,Q4_2022
211110000000.0,Southeast Core,35,Q4,2022,1275.0,1275.0,93,G21011100089001,Q4_2022
211110000000.0,Southeast Core,35,Q4,2022,1199.0,1275.0,124,G21011100089002,Q4_2022
211110000000.0,Southeast Core,35,Q4,2022,1199.5,1275.0,158,G21011100089003,Q4_2022
211110000000.0,Southeast Core,35,Q4,2022,1200.0,1275.0,137,G21011100089004,Q4_2022
211110000000.0,Southeast Core,35,Q4,2022,1195.0,1275.0,90,G21011100093002,Q4_2022
211110000000.0,Southeast Core,35,Q4,2022,1250.0,1275.0,121,G21011100093003,Q4_2022
211110000000.0,Southeast Core,35,Q4,2022,1175.0,1275.0,76,G21011100093005,Q4_2022
211110000000.0,Southeast Core,35,Q4,2022,1250.0,1275.0,85,G21011100096001,Q4_2022
211110000000.0,East Core,35,Q4,2022,1365.0,1445.0,146,G21011100099001,Q4_2022
211110000000.0,East Core,35,Q4,2022,1396.0,1445.0,89,G21011100099002,Q4_2022
211110000000.0,East Core,36,Q4,2022,1600.0,1445.0,59,G21011100099003,Q4_2022
211110000000.0,East Metro,35,Q4,2022,1089.0,1385.0,107,G21011100100041,Q4_2022
211110000000.0,East Metro,35,Q4,2022,1107.5,1385.0,96,G21011100100042,Q4_2022
211110000000.0,East Metro,35,Q4,2022,1060.0,1385.0,151,G21011100100043,Q4_2022
211110000000.0,East Metro,35,Q4,2022,1060.0,1385.0,101,G21011100100044,Q4_2022
211110000000.0,East Metro,35,Q4,2022,1092.0,1385.0,168,G21011100100054,Q4_2022
211110000000.0,East Metro,35,Q4,2022,1089.0,1385.0,172,G21011100100055,Q4_2022
211110000000.0,East Metro,35,Q4,2022,1092.0,1385.0,165,G21011100100063,Q4_2022
211110000000.0,East Metro,35,Q4,2022,1399.0,1385.0,191,G21011100101021,Q4_2022
211110000000.0,East Metro,35,Q4,2022,1094.0,1385.0,140,G21011100101031,Q4_2022
211110000000.0,East Metro,35,Q4,2022,1096.0,1385.0,141,G21011100101032,Q4_2022
211110000000.0,East Metro,35,Q4,2022,1090.5,1385.0,148,G21011100101033,Q4_2022
211110000000.0,East Metro,35,Q4,2022,1081.0,1385.0,128,G21011100101034,Q4_2022
211110000000.0,East Metro,35,Q4,2022,1335.0,1385.0,110,G21011100101041,Q4_2022
211110000000.0,East Metro,35,Q4,2022,1235.0,1385.0,142,G21011100101042,Q4_2022
211110000000.0,East Metro,35,Q4,2022,1089.0,1385.0,159,G21011100101043,Q4_2022
211110000000.0,East Metro,35,Q4,2022,1530.0,1385.0,216,G21011100103091,Q4_2022
211110000000.0,East Metro,35,Q4,2022,1530.0,1385.0,216,G21011100103092,Q4_2022
211110000000.0,East Metro,35,Q4,2022,1349.0,1385.0,116,G21011100103093,Q4_2022
211110000000.0,Northeast Metro,35,Q4,2022,1899.0,1885.0,177,G21011100103133,Q4_2022
211110000000.0,Northeast Metro,35,Q4,2022,1857.0,1885.0,175,G21011100103134,Q4_2022
211110000000.0,North Floyd's Fork,35,Q4,2022,1535.5,1609.0,242,G21011100103191,Q4_2022
211110000000.0,North Floyd's Fork,35,Q4,2022,1699.0,1609.0,157,G21011100103192,Q4_2022
211110000000.0,North Floyd's Fork,35,Q4,2022,1540.0,1609.0,231,G21011100103193,Q4_2022
211110000000.0,North Floyd's Fork,35,Q4,2022,1685.0,1609.0,141,G21011100103202,Q4_2022
211110000000.0,North Floyd's Fork,35,Q4,2022,1676.0,1609.0,157,G21011100103203,Q4_2022
211110000000.0,North Floyd's Fork,35,Q4,2022,1899.0,1609.0,119,G21011100103231,Q4_2022
211110000000.0,North Floyd's Fork,35,Q4,2022,1825.0,1609.0,46,G21011100103241,Q4_2022
211110000000.0,East Metro,35,Q4,2022,1377.0,1385.0,134,G21011100104072,Q4_2022
211110000000.0,East Core,36,Q4,2022,1448.0,1445.0,104,G21011100105002,Q4_2022
211110000000.0,East Core,35,Q4,2022,1799.0,1445.0,35,G21011100105004,Q4_2022
211110000000.0,East Core,35,Q4,2022,1405.0,1445.0,74,G21011100106011,Q4_2022
211110000000.0,East Core,36,Q4,2022,1435.5,1445.0,106,G21011100106012,Q4_2022
211110000000.0,East Core,35,Q4,2022,1365.0,1445.0,129,G21011100106021,Q4_2022
211110000000.0,East Core,35,Q4,2022,1396.0,1445.0,154,G21011100106022,Q4_2022
211110000000.0,East Core,35,Q4,2022,1410.0,1445.0,168,G21011100106023,Q4_2022
211110000000.0,East Metro,35,Q4,2022,1530.0,1385.0,239,G21011100107011,Q4_2022
211110000000.0,East Metro,35,Q4,2022,1455.5,1385.0,190,G21011100107012,Q4_2022
211110000000.0,East Metro,35,Q4,2022,1519.0,1385.0,237,G21011100107013,Q4_2022
211110000000.0,East Metro,35,Q4,2022,1432.0,1385.0,98,G21011100107014,Q4_2022
211110000000.0,East Metro,35,Q4,2022,1583.0,1385.0,125,G21011100107015,Q4_2022
211110000000.0,Central Taylorsville,35,Q4,2022,1294.5,1420.0,84,G21011100107021,Q4_2022
211110000000.0,Central Taylorsville,35,Q4,2022,1290.0,1420.0,83,G21011100107022,Q4_2022
211110000000.0,Central Taylorsville,35,Q4,2022,1470.0,1420.0,121,G21011100107023,Q4_2022
211110000000.0,East Metro,35,Q4,2022,1440.0,1385.0,79,G21011100107061,Q4_2022
211110000000.0,East Metro,35,Q4,2022,1482.5,1385.0,112,G21011100107071,Q4_2022
211110000000.0,East Metro,35,Q4,2022,1470.0,1385.0,222,G21011100107072,Q4_2022
211110000000.0,East Metro,35,Q4,2022,1495.0,1385.0,210,G21011100107081,Q4_2022
211110000000.0,East Metro,35,Q4,2022,1500.0,1385.0,253,G21011100107082,Q4_2022
211110000000.0,Central Taylorsville,35,Q4,2022,1687.0,1420.0,46,G21011100108001,Q4_2022
211110000000.0,Central Taylorsville,35,Q4,2022,1487.0,1420.0,88,G21011100108003,Q4_2022
211110000000.0,Central Bardstown,35,Q4,2022,1250.0,1233.0,58,G21011100110035,Q4_2022
211110000000.0,Central Bardstown,35,Q4,2022,1195.0,1233.0,53,G21011100110053,Q4_2022
211110000000.0,Central Taylorsville,35,Q4,2022,1350.0,1420.0,71,G21011100110091,Q4_2022
211110000000.0,Central Taylorsville,35,Q4,2022,1295.0,1420.0,69,G21011100110092,Q4_2022
211110000000.0,Central Taylorsville,35,Q4,2022,1210.0,1420.0,80,G21011100110093,Q4_2022
211110000000.0,Central Bardstown,35,Q4,2022,1160.0,1233.0,199,G21011100111103,Q4_2022
211110000000.0,Central Taylorsville,35,Q4,2022,1420.0,1420.0,123,G21011100111112,Q4_2022
211110000000.0,Central Taylorsville,35,Q4,2022,1410.0,1420.0,88,G21011100111113,Q4_2022
211110000000.0,Central Taylorsville,35,Q4,2022,1430.0,1420.0,116,G21011100111121,Q4_2022
211110000000.0,Central Taylorsville,35,Q4,2022,1322.5,1420.0,134,G21011100111122,Q4_2022
211110000000.0,Central Taylorsville,35,Q4,2022,1082.5,1420.0,52,G21011100111181,Q4_2022
211110000000.0,Central Taylorsville,35,Q4,2022,1057.5,1420.0,48,G21011100111182,Q4_2022
211110000000.0,Central Bardstown,35,Q4,2022,1375.0,1233.0,53,G21011100112021,Q4_2022
211110000000.0,Central Bardstown,35,Q4,2022,1126.0,1233.0,199,G21011100115064,Q4_2022
211110000000.0,Central Bardstown,35,Q4,2022,1160.0,1233.0,179,G21011100115092,Q4_2022
211110000000.0,Central Bardstown,35,Q4,2022,1183.0,1233.0,194,G21011100115093,Q4_2022
211110000000.0,Central Bardstown,35,Q4,2022,1160.0,1233.0,179,G21011100115153,Q4_2022
211110000000.0,Central Bardstown,35,Q4,2022,1183.0,1233.0,195,G21011100115154,Q4_2022
211110000000.0,South Floyd's Fork,35,Q4,2022,1418.0,1391.0,111,G21011100116051,Q4_2022
211110000000.0,South Floyd's Fork,35,Q4,2022,1390.0,1391.0,147,G21011100116053,Q4_2022
211110000000.0,McNeely Lake,35,Q4,2022,1795.0,1695.0,37,G21011100117112,Q4_2022
211110000000.0,McNeely Lake,35,Q4,2022,1795.0,1695.0,45,G21011100117113,Q4_2022
211110000000.0,South-Central Dixie,35,Q4,2022,1398.0,1400.0,65,G21011100121051,Q4_2022
211110000000.0,South-Central Dixie,35,Q4,2022,1400.0,1400.0,90,G21011100121053,Q4_2022
211110000000.0,South-Central Dixie,35,Q4,2022,1400.0,1400.0,97,G21011100121054,Q4_2022
211110000000.0,South-Central Dixie,35,Q4,2022,1537.0,1400.0,101,G21011100121081,Q4_2022
211110000000.0,South-Central Dixie,35,Q4,2022,1417.0,1400.0,90,G21011100121091,Q4_2022
211110000000.0,South-Central Dixie,35,Q4,2022,1400.0,1400.0,58,G21011100121092,Q4_2022
211110000000.0,South-Central Dixie,35,Q4,2022,1012.5,1400.0,102,G21011100122031,Q4_2022
211110000000.0,Iroquois Park,35,Q4,2022,1012.5,1050.0,78,G21011100122043,Q4_2022
211110000000.0,Iroquois Park,35,Q4,2022,1009.5,1050.0,92,G21011100123021,Q4_2022
211110000000.0,Iroquois Park,35,Q4,2022,976.0,1050.0,58,G21011100123022,Q4_2022
211110000000.0,South-Central Dixie,35,Q4,2022,1345.0,1400.0,60,G21011100124092,Q4_2022
211110000000.0,South-Central Dixie,35,Q4,2022,1398.0,1400.0,81,G21011100124093,Q4_2022
211110000000.0,South-Central Dixie,35,Q4,2022,954.5,1400.0,78,G21011100125021,Q4_2022
211110000000.0,Southwest Core,36,Q4,2022,1100.0,1050.0,81,G21011100128021,Q4_2022
211110000000.0,Northwest Core,36,Q1,2023,995.0,1075.0,149,G21011100023003,Q1_2023
211110000000.0,West Core,36,Q1,2023,1065.0,1085.0,292,G21011100027001,Q1_2023
211110000000.0,Northwest Core,37,Q1,2023,1095.0,1075.0,239,G21011100030001,Q1_2023
211110000000.0,Northwest Core,37,Q1,2023,1099.5,1075.0,342,G21011100030002,Q1_2023
211110000000.0,West Core,37,Q1,2023,995.0,1085.0,417,G21011100035011,Q1_2023
211110000000.0,West Core,37,Q1,2023,1000.0,1085.0,314,G21011100035021,Q1_2023
211110000000.0,Southwest Core,37,Q1,2023,1200.0,1100.0,178,G21011100036001,Q1_2023
211110000000.0,Southwest Core,36,Q1,2023,1150.0,1100.0,137,G21011100036002,Q1_2023
211110000000.0,Southwest Core,36,Q1,2023,1150.0,1100.0,171,G21011100036003,Q1_2023
211110000000.0,Southwest Core,37,Q1,2023,1150.0,1100.0,151,G21011100036004,Q1_2023
211110000000.0,Southwest Core,37,Q1,2023,1125.0,1100.0,120,G21011100036005,Q1_2023
211110000000.0,University,37,Q1,2023,1250.0,1050.0,209,G21011100037001,Q1_2023
211110000000.0,University,37,Q1,2023,1200.0,1050.0,210,G21011100037002,Q1_2023
211110000000.0,Southwest Core,37,Q1,2023,1155.0,1100.0,265,G21011100038001,Q1_2023
211110000000.0,Southwest Core,37,Q1,2023,1000.0,1100.0,233,G21011100038002,Q1_2023
211110000000.0,Southwest Core,37,Q1,2023,995.0,1100.0,206,G21011100038003,Q1_2023
211110000000.0,Southwest Core,37,Q1,2023,1095.0,1100.0,164,G21011100039001,Q1_2023
211110000000.0,Southwest Core,37,Q1,2023,995.0,1100.0,96,G21011100039002,Q1_2023
211110000000.0,Southwest Core,36,Q1,2023,1245.0,1100.0,209,G21011100041001,Q1_2023
211110000000.0,Downtown,37,Q1,2023,1182.0,1230.0,137,G21011100049000,Q1_2023
211110000000.0,Downtown,37,Q1,2023,1205.0,1230.0,646,G21011100049001,Q1_2023
211110000000.0,Downtown,37,Q1,2023,1134.0,1230.0,392,G21011100049002,Q1_2023
211110000000.0,Downtown,37,Q1,2023,1275.0,1230.0,471,G21011100049003,Q1_2023
211110000000.0,Downtown,37,Q1,2023,1022.0,1230.0,469,G21011100050001,Q1_2023
211110000000.0,Downtown,37,Q1,2023,1040.0,1230.0,571,G21011100050002,Q1_2023
211110000000.0,University,37,Q1,2023,1017.5,1050.0,604,G21011100051001,Q1_2023
211110000000.0,University,37,Q1,2023,1040.0,1050.0,651,G21011100051002,Q1_2023
211110000000.0,University,37,Q1,2023,1015.0,1050.0,620,G21011100051003,Q1_2023
211110000000.0,University,37,Q1,2023,950.0,1050.0,477,G21011100052001,Q1_2023
211110000000.0,University,37,Q1,2023,950.0,1050.0,467,G21011100052002,Q1_2023
211110000000.0,University,37,Q1,2023,995.0,1050.0,551,G21011100052003,Q1_2023
211110000000.0,University,37,Q1,2023,1000.0,1050.0,444,G21011100053001,Q1_2023
211110000000.0,University,37,Q1,2023,1000.0,1050.0,376,G21011100053002,Q1_2023
211110000000.0,Downtown,37,Q1,2023,1260.0,1230.0,651,G21011100059011,Q1_2023
211110000000.0,Downtown,37,Q1,2023,1275.0,1230.0,652,G21011100059012,Q1_2023
211110000000.0,Downtown,37,Q1,2023,1378.0,1230.0,343,G21011100059021,Q1_2023
211110000000.0,Downtown,37,Q1,2023,1373.0,1230.0,413,G21011100059022,Q1_2023
211110000000.0,Downtown,37,Q1,2023,1350.0,1230.0,458,G21011100059023,Q1_2023
211110000000.0,Downtown,37,Q1,2023,1235.5,1230.0,482,G21011100062001,Q1_2023
211110000000.0,Downtown,37,Q1,2023,1150.0,1230.0,691,G21011100062002,Q1_2023
211110000000.0,Southeast Core,37,Q1,2023,1264.0,1300.0,406,G21011100063001,Q1_2023
211110000000.0,Southeast Core,37,Q1,2023,1236.0,1300.0,455,G21011100063002,Q1_2023
211110000000.0,Southeast Core,37,Q1,2023,1249.5,1300.0,422,G21011100064001,Q1_2023
211110000000.0,Southeast Core,37,Q1,2023,1250.0,1300.0,441,G21011100064002,Q1_2023
211110000000.0,University,37,Q1,2023,1100.0,1050.0,627,G21011100065001,Q1_2023
211110000000.0,University,37,Q1,2023,1200.0,1050.0,452,G21011100065002,Q1_2023
211110000000.0,University,37,Q1,2023,1000.0,1050.0,575,G21011100065003,Q1_2023
211110000000.0,University,37,Q1,2023,1100.0,1050.0,475,G21011100065004,Q1_2023
211110000000.0,University,37,Q1,2023,1065.0,1050.0,669,G21011100066001,Q1_2023
211110000000.0,University,37,Q1,2023,995.0,1050.0,522,G21011100066002,Q1_2023
211110000000.0,Southeast Core,37,Q1,2023,1295.0,1300.0,240,G21011100068001,Q1_2023
211110000000.0,Southeast Core,37,Q1,2023,1297.0,1300.0,242,G21011100068002,Q1_2023
211110000000.0,Southeast Core,37,Q1,2023,1200.0,1300.0,329,G21011100068003,Q1_2023
211110000000.0,Southeast Core,37,Q1,2023,1300.0,1300.0,391,G21011100069001,Q1_2023
211110000000.0,Southeast Core,37,Q1,2023,1272.5,1300.0,276,G21011100069002,Q1_2023
211110000000.0,Southeast Core,37,Q1,2023,1250.0,1300.0,324,G21011100069003,Q1_2023
211110000000.0,Southeast Core,37,Q1,2023,1300.0,1300.0,171,G21011100070001,Q1_2023
211110000000.0,Southeast Core,36,Q1,2023,1312.5,1300.0,124,G21011100070002,Q1_2023
211110000000.0,University,36,Q1,2023,1295.0,1050.0,76,G21011100071021,Q1_2023
211110000000.0,University,37,Q1,2023,1175.0,1050.0,317,G21011100071022,Q1_2023
211110000000.0,University,37,Q1,2023,1025.0,1050.0,505,G21011100071023,Q1_2023
211110000000.0,University,37,Q1,2023,1200.0,1050.0,221,G21011100071024,Q1_2023
211110000000.0,University,37,Q1,2023,1250.0,1050.0,237,G21011100071025,Q1_2023
211110000000.0,Northeast Core,37,Q1,2023,1200.0,1236.0,249,G21011100074001,Q1_2023
211110000000.0,Northeast Core,37,Q1,2023,1200.0,1236.0,157,G21011100074002,Q1_2023
211110000000.0,Northeast Core,37,Q1,2023,1200.0,1236.0,243,G21011100076011,Q1_2023
211110000000.0,Northeast Core,37,Q1,2023,1200.0,1236.0,141,G21011100076012,Q1_2023
211110000000.0,Northeast Core,37,Q1,2023,1200.0,1236.0,235,G21011100076021,Q1_2023
211110000000.0,Northeast Core,37,Q1,2023,1200.0,1236.0,240,G21011100076022,Q1_2023
211110000000.0,Northeast Core,36,Q1,2023,1114.0,1236.0,160,G21011100076031,Q1_2023
211110000000.0,Northeast Core,37,Q1,2023,1100.0,1236.0,146,G21011100076032,Q1_2023
211110000000.0,Northeast Core,37,Q1,2023,1200.0,1236.0,190,G21011100076033,Q1_2023
211110000000.0,Northeast Core,37,Q1,2023,1100.0,1236.0,127,G21011100079001,Q1_2023
211110000000.0,Northeast Core,37,Q1,2023,1100.0,1236.0,172,G21011100079002,Q1_2023
211110000000.0,Northeast Core,37,Q1,2023,1219.0,1236.0,231,G21011100081001,Q1_2023
211110000000.0,Northeast Core,37,Q1,2023,1400.0,1236.0,209,G21011100081002,Q1_2023
211110000000.0,Northeast Core,37,Q1,2023,1325.0,1236.0,477,G21011100081003,Q1_2023
211110000000.0,Southeast Core,37,Q1,2023,1262.5,1300.0,400,G21011100082011,Q1_2023
211110000000.0,Southeast Core,36,Q1,2023,1225.0,1300.0,314,G21011100082012,Q1_2023
211110000000.0,Southeast Core,37,Q1,2023,1300.0,1300.0,369,G21011100082021,Q1_2023
211110000000.0,Southeast Core,36,Q1,2023,1200.0,1300.0,325,G21011100082022,Q1_2023
211110000000.0,Southeast Core,37,Q1,2023,1219.0,1300.0,353,G21011100083001,Q1_2023
211110000000.0,Southeast Core,37,Q1,2023,1300.0,1300.0,415,G21011100083002,Q1_2023
211110000000.0,Southeast Core,37,Q1,2023,1295.0,1300.0,373,G21011100083003,Q1_2023
211110000000.0,Southeast Core,36,Q1,2023,1300.0,1300.0,218,G21011100084001,Q1_2023
211110000000.0,Southeast Core,36,Q1,2023,1225.0,1300.0,272,G21011100084002,Q1_2023
211110000000.0,Southeast Core,36,Q1,2023,1200.0,1300.0,261,G21011100084003,Q1_2023
211110000000.0,Southeast Core,36,Q1,2023,1250.0,1300.0,268,G21011100085001,Q1_2023
211110000000.0,Southeast Core,36,Q1,2023,1250.0,1300.0,227,G21011100085002,Q1_2023
211110000000.0,East Core,36,Q1,2023,1300.0,1450.0,101,G21011100087004,Q1_2023
211110000000.0,Southeast Core,36,Q1,2023,1400.0,1300.0,128,G21011100088001,Q1_2023
211110000000.0,Southeast Core,36,Q1,2023,1300.0,1300.0,186,G21011100088002,Q1_2023
211110000000.0,Southeast Core,36,Q1,2023,1450.0,1300.0,83,G21011100088003,Q1_2023
211110000000.0,Southeast Core,36,Q1,2023,1450.0,1300.0,102,G21011100089001,Q1_2023
211110000000.0,Southeast Core,36,Q1,2023,1445.0,1300.0,138,G21011100089002,Q1_2023
211110000000.0,Southeast Core,36,Q1,2023,1399.0,1300.0,191,G21011100089003,Q1_2023
211110000000.0,Southeast Core,36,Q1,2023,1445.0,1300.0,162,G21011100089004,Q1_2023
211110000000.0,Southeast Core,36,Q1,2023,1358.0,1300.0,104,G21011100093002,Q1_2023
211110000000.0,Southeast Core,36,Q1,2023,1300.0,1300.0,107,G21011100093003,Q1_2023
211110000000.0,Southeast Core,36,Q1,2023,1535.0,1300.0,76,G21011100093005,Q1_2023
211110000000.0,Southeast Core,36,Q1,2023,1450.0,1300.0,90,G21011100096001,Q1_2023
211110000000.0,East Core,36,Q1,2023,1330.0,1450.0,169,G21011100099001,Q1_2023
211110000000.0,East Core,36,Q1,2023,1372.0,1450.0,141,G21011100099002,Q1_2023
211110000000.0,East Core,37,Q1,2023,1700.0,1450.0,99,G21011100099003,Q1_2023
211110000000.0,East Metro,36,Q1,2023,1089.0,1404.0,108,G21011100100041,Q1_2023
211110000000.0,East Metro,36,Q1,2023,1128.0,1404.0,97,G21011100100042,Q1_2023
211110000000.0,East Metro,36,Q1,2023,1120.0,1404.0,180,G21011100100043,Q1_2023
211110000000.0,East Metro,36,Q1,2023,1047.0,1404.0,99,G21011100100044,Q1_2023
211110000000.0,East Metro,36,Q1,2023,1200.0,1404.0,172,G21011100100054,Q1_2023
211110000000.0,East Metro,36,Q1,2023,1205.0,1404.0,183,G21011100100055,Q1_2023
211110000000.0,East Metro,36,Q1,2023,1200.0,1404.0,170,G21011100100063,Q1_2023
211110000000.0,East Metro,36,Q1,2023,1401.0,1404.0,209,G21011100101021,Q1_2023
211110000000.0,East Metro,36,Q1,2023,1210.0,1404.0,169,G21011100101031,Q1_2023
211110000000.0,East Metro,36,Q1,2023,1195.0,1404.0,158,G21011100101032,Q1_2023
211110000000.0,East Metro,36,Q1,2023,1120.0,1404.0,166,G21011100101033,Q1_2023
211110000000.0,East Metro,36,Q1,2023,1150.0,1404.0,151,G21011100101034,Q1_2023
211110000000.0,East Metro,36,Q1,2023,1320.0,1404.0,107,G21011100101041,Q1_2023
211110000000.0,East Metro,36,Q1,2023,1267.5,1404.0,144,G21011100101042,Q1_2023
211110000000.0,East Metro,36,Q1,2023,1128.0,1404.0,169,G21011100101043,Q1_2023
211110000000.0,East Metro,36,Q1,2023,1492.0,1404.0,247,G21011100103091,Q1_2023
211110000000.0,East Metro,36,Q1,2023,1492.0,1404.0,243,G21011100103092,Q1_2023
211110000000.0,East Metro,36,Q1,2023,1349.0,1404.0,133,G21011100103093,Q1_2023
211110000000.0,Northeast Metro,36,Q1,2023,1981.0,1925.0,227,G21011100103133,Q1_2023
211110000000.0,Northeast Metro,36,Q1,2023,1999.0,1925.0,233,G21011100103134,Q1_2023
211110000000.0,North Floyd's Fork,36,Q1,2023,1492.0,1599.0,323,G21011100103191,Q1_2023
211110000000.0,North Floyd's Fork,36,Q1,2023,1684.0,1599.0,169,G21011100103192,Q1_2023
211110000000.0,North Floyd's Fork,36,Q1,2023,1510.0,1599.0,267,G21011100103193,Q1_2023
211110000000.0,North Floyd's Fork,36,Q1,2023,1572.0,1599.0,174,G21011100103202,Q1_2023
211110000000.0,North Floyd's Fork,36,Q1,2023,1624.0,1599.0,221,G21011100103203,Q1_2023
211110000000.0,North Floyd's Fork,36,Q1,2023,1899.0,1599.0,129,G21011100103231,Q1_2023
211110000000.0,North Floyd's Fork,36,Q1,2023,1580.0,1599.0,82,G21011100103241,Q1_2023
211110000000.0,East Metro,36,Q1,2023,1345.0,1404.0,143,G21011100104072,Q1_2023
211110000000.0,East Core,37,Q1,2023,1400.0,1450.0,133,G21011100105002,Q1_2023
211110000000.0,East Core,37,Q1,2023,1800.0,1450.0,49,G21011100105003,Q1_2023
211110000000.0,East Core,36,Q1,2023,1640.0,1450.0,34,G21011100105004,Q1_2023
211110000000.0,East Core,36,Q1,2023,1411.0,1450.0,89,G21011100106011,Q1_2023
211110000000.0,East Core,37,Q1,2023,1415.0,1450.0,142,G21011100106012,Q1_2023
211110000000.0,East Core,36,Q1,2023,1348.0,1450.0,163,G21011100106021,Q1_2023
211110000000.0,East Core,36,Q1,2023,1411.0,1450.0,171,G21011100106022,Q1_2023
211110000000.0,East Core,36,Q1,2023,1432.0,1450.0,161,G21011100106023,Q1_2023
211110000000.0,East Metro,36,Q1,2023,1610.0,1404.0,214,G21011100107011,Q1_2023
211110000000.0,East Metro,36,Q1,2023,1470.0,1404.0,179,G21011100107012,Q1_2023
211110000000.0,East Metro,36,Q1,2023,1595.0,1404.0,206,G21011100107013,Q1_2023
211110000000.0,East Metro,36,Q1,2023,1484.0,1404.0,85,G21011100107014,Q1_2023
211110000000.0,East Metro,36,Q1,2023,1720.0,1404.0,113,G21011100107015,Q1_2023
211110000000.0,Central Taylorsville,36,Q1,2023,1335.0,1350.0,64,G21011100107021,Q1_2023
211110000000.0,Central Taylorsville,36,Q1,2023,1353.0,1350.0,66,G21011100107022,Q1_2023
211110000000.0,Central Taylorsville,36,Q1,2023,1500.0,1350.0,93,G21011100107023,Q1_2023
211110000000.0,East Metro,36,Q1,2023,1465.0,1404.0,92,G21011100107061,Q1_2023
211110000000.0,East Metro,36,Q1,2023,1500.0,1404.0,106,G21011100107071,Q1_2023
211110000000.0,East Metro,36,Q1,2023,1505.0,1404.0,209,G21011100107072,Q1_2023
211110000000.0,East Metro,36,Q1,2023,1500.0,1404.0,216,G21011100107081,Q1_2023
211110000000.0,East Metro,36,Q1,2023,1532.0,1404.0,246,G21011100107082,Q1_2023
211110000000.0,Central Taylorsville,36,Q1,2023,1199.5,1350.0,66,G21011100108001,Q1_2023
211110000000.0,Central Taylorsville,36,Q1,2023,1482.0,1350.0,94,G21011100108003,Q1_2023
211110000000.0,Central Bardstown,36,Q1,2023,1195.0,1203.0,63,G21011100110035,Q1_2023
211110000000.0,Central Bardstown,36,Q1,2023,1400.0,1203.0,53,G21011100110053,Q1_2023
211110000000.0,Central Taylorsville,36,Q1,2023,1195.0,1350.0,108,G21011100110091,Q1_2023
211110000000.0,Central Taylorsville,36,Q1,2023,975.0,1350.0,101,G21011100110092,Q1_2023
211110000000.0,Central Taylorsville,36,Q1,2023,975.0,1350.0,112,G21011100110093,Q1_2023
211110000000.0,Central Bardstown,36,Q1,2023,1099.0,1203.0,175,G21011100111103,Q1_2023
211110000000.0,Central Taylorsville,36,Q1,2023,1399.0,1350.0,107,G21011100111112,Q1_2023
211110000000.0,Central Taylorsville,36,Q1,2023,1295.0,1350.0,91,G21011100111113,Q1_2023
211110000000.0,Central Taylorsville,36,Q1,2023,1465.0,1350.0,86,G21011100111121,Q1_2023
211110000000.0,Central Taylorsville,36,Q1,2023,1311.5,1350.0,142,G21011100111122,Q1_2023
211110000000.0,Central Taylorsville,36,Q1,2023,1545.0,1350.0,135,G21011100111181,Q1_2023
211110000000.0,Central Taylorsville,36,Q1,2023,1212.5,1350.0,106,G21011100111182,Q1_2023
211110000000.0,Central Bardstown,36,Q1,2023,1000.0,1203.0,74,G21011100112021,Q1_2023
211110000000.0,Central Bardstown,36,Q1,2023,1095.0,1203.0,178,G21011100115064,Q1_2023
211110000000.0,Central Bardstown,36,Q1,2023,1095.0,1203.0,165,G21011100115092,Q1_2023
211110000000.0,Central Bardstown,36,Q1,2023,1095.0,1203.0,159,G21011100115093,Q1_2023
211110000000.0,Central Bardstown,36,Q1,2023,1124.0,1203.0,151,G21011100115153,Q1_2023
211110000000.0,Central Bardstown,36,Q1,2023,1116.0,1203.0,162,G21011100115154,Q1_2023
211110000000.0,South Floyd's Fork,36,Q1,2023,1410.0,1404.5,160,G21011100116051,Q1_2023
211110000000.0,South Floyd's Fork,36,Q1,2023,1392.0,1404.5,186,G21011100116053,Q1_2023
211110000000.0,McNeely Lake,36,Q1,2023,1750.0,1690.0,33,G21011100117112,Q1_2023
211110000000.0,McNeely Lake,36,Q1,2023,1772.5,1690.0,42,G21011100117113,Q1_2023
211110000000.0,McNeely Lake,36,Q1,2023,1394.5,1690.0,38,G21011100117122,Q1_2023
211110000000.0,South-Central Dixie,36,Q1,2023,1450.0,1395.0,58,G21011100121051,Q1_2023
211110000000.0,South-Central Dixie,36,Q1,2023,1450.0,1395.0,71,G21011100121053,Q1_2023
211110000000.0,South-Central Dixie,36,Q1,2023,1442.5,1395.0,72,G21011100121054,Q1_2023
211110000000.0,South-Central Dixie,36,Q1,2023,1645.0,1395.0,46,G21011100121081,Q1_2023
211110000000.0,South-Central Dixie,36,Q1,2023,1465.0,1395.0,74,G21011100121091,Q1_2023
211110000000.0,South-Central Dixie,36,Q1,2023,1490.0,1395.0,35,G21011100121092,Q1_2023
211110000000.0,South-Central Dixie,36,Q1,2023,996.0,1395.0,95,G21011100122031,Q1_2023
211110000000.0,Iroquois Park,36,Q1,2023,990.5,1052.0,86,G21011100122043,Q1_2023
211110000000.0,Iroquois Park,36,Q1,2023,996.0,1052.0,94,G21011100123021,Q1_2023
211110000000.0,Iroquois Park,36,Q1,2023,996.0,1052.0,71,G21011100123022,Q1_2023
211110000000.0,South-Central Dixie,36,Q1,2023,1470.0,1395.0,37,G21011100124092,Q1_2023
211110000000.0,South-Central Dixie,36,Q1,2023,1450.0,1395.0,74,G21011100124093,Q1_2023
211110000000.0,South-Central Dixie,36,Q1,2023,1000.0,1395.0,83,G21011100125021,Q1_2023
211110000000.0,Southwest Core,37,Q1,2023,995.0,1100.0,80,G21011100128021,Q1_2023
211110000000.0,Northwest Core,37,Q2,2023,1015.0,1052.0,167,G21011100023003,Q2_2023
211110000000.0,West Core,37,Q2,2023,1040.0,1052.0,258,G21011100027001,Q2_2023
211110000000.0,Northwest Core,38,Q2,2023,1099.0,1052.0,229,G21011100030001,Q2_2023
211110000000.0,Northwest Core,38,Q2,2023,1099.5,1052.0,284,G21011100030002,Q2_2023
211110000000.0,West Core,38,Q2,2023,995.0,1052.0,469,G21011100035011,Q2_2023
211110000000.0,West Core,38,Q2,2023,999.0,1052.0,377,G21011100035021,Q2_2023
211110000000.0,Southwest Core,38,Q2,2023,1150.0,1100.0,276,G21011100036001,Q2_2023
211110000000.0,Southwest Core,37,Q2,2023,1100.0,1100.0,225,G21011100036002,Q2_2023
211110000000.0,Southwest Core,37,Q2,2023,1100.0,1100.0,250,G21011100036003,Q2_2023
211110000000.0,Southwest Core,38,Q2,2023,1150.0,1100.0,239,G21011100036004,Q2_2023
211110000000.0,Southwest Core,38,Q2,2023,1050.0,1100.0,167,G21011100036005,Q2_2023
211110000000.0,University,38,Q2,2023,1200.0,1050.0,311,G21011100037001,Q2_2023
211110000000.0,University,38,Q2,2023,1195.0,1050.0,314,G21011100037002,Q2_2023
211110000000.0,Southwest Core,38,Q2,2023,1150.0,1100.0,344,G21011100038001,Q2_2023
211110000000.0,Southwest Core,38,Q2,2023,1150.0,1100.0,288,G21011100038002,Q2_2023
211110000000.0,Southwest Core,38,Q2,2023,1149.0,1100.0,255,G21011100038003,Q2_2023
211110000000.0,Southwest Core,38,Q2,2023,1045.0,1100.0,200,G21011100039001,Q2_2023
211110000000.0,Southwest Core,38,Q2,2023,995.0,1100.0,124,G21011100039002,Q2_2023
211110000000.0,Southwest Core,37,Q2,2023,1207.5,1100.0,290,G21011100041001,Q2_2023
211110000000.0,Downtown,38,Q2,2023,1179.0,1241.0,143,G21011100049000,Q2_2023
211110000000.0,Downtown,38,Q2,2023,1210.0,1241.0,616,G21011100049001,Q2_2023
211110000000.0,Downtown,38,Q2,2023,1099.0,1241.0,355,G21011100049002,Q2_2023
211110000000.0,Downtown,38,Q2,2023,1315.0,1241.0,431,G21011100049003,Q2_2023
211110000000.0,Downtown,38,Q2,2023,1059.0,1241.0,451,G21011100050001,Q2_2023
211110000000.0,Downtown,38,Q2,2023,1069.0,1241.0,564,G21011100050002,Q2_2023
211110000000.0,University,38,Q2,2023,995.0,1050.0,533,G21011100051001,Q2_2023
211110000000.0,University,38,Q2,2023,1040.0,1050.0,613,G21011100051002,Q2_2023
211110000000.0,University,38,Q2,2023,1000.0,1050.0,585,G21011100051003,Q2_2023
211110000000.0,University,38,Q2,2023,950.0,1050.0,507,G21011100052001,Q2_2023
211110000000.0,University,38,Q2,2023,950.0,1050.0,498,G21011100052002,Q2_2023
211110000000.0,University,38,Q2,2023,975.0,1050.0,520,G21011100052003,Q2_2023
211110000000.0,University,38,Q2,2023,1049.0,1050.0,525,G21011100053001,Q2_2023
211110000000.0,University,38,Q2,2023,1100.0,1050.0,471,G21011100053002,Q2_2023
211110000000.0,Downtown,38,Q2,2023,1295.0,1241.0,629,G21011100059011,Q2_2023
211110000000.0,Downtown,38,Q2,2023,1307.0,1241.0,619,G21011100059012,Q2_2023
211110000000.0,Downtown,38,Q2,2023,1400.0,1241.0,329,G21011100059021,Q2_2023
211110000000.0,Downtown,38,Q2,2023,1397.0,1241.0,386,G21011100059022,Q2_2023
211110000000.0,Downtown,38,Q2,2023,1394.0,1241.0,429,G21011100059023,Q2_2023
211110000000.0,Downtown,38,Q2,2023,1205.0,1241.0,455,G21011100062001,Q2_2023
211110000000.0,Downtown,38,Q2,2023,1125.0,1241.0,685,G21011100062002,Q2_2023
211110000000.0,Southeast Core,38,Q2,2023,1250.0,1300.0,317,G21011100063001,Q2_2023
211110000000.0,Southeast Core,38,Q2,2023,1201.0,1300.0,361,G21011100063002,Q2_2023
211110000000.0,Southeast Core,38,Q2,2023,1243.0,1300.0,348,G21011100064001,Q2_2023
211110000000.0,Southeast Core,38,Q2,2023,1250.0,1300.0,339,G21011100064002,Q2_2023
211110000000.0,University,38,Q2,2023,1050.0,1050.0,562,G21011100065001,Q2_2023
211110000000.0,University,38,Q2,2023,1100.0,1050.0,425,G21011100065002,Q2_2023
211110000000.0,University,38,Q2,2023,995.0,1050.0,552,G21011100065003,Q2_2023
211110000000.0,University,38,Q2,2023,1025.0,1050.0,453,G21011100065004,Q2_2023
211110000000.0,University,38,Q2,2023,1047.0,1050.0,626,G21011100066001,Q2_2023
211110000000.0,University,38,Q2,2023,995.0,1050.0,558,G21011100066002,Q2_2023
211110000000.0,Southeast Core,38,Q2,2023,1350.0,1300.0,236,G21011100068001,Q2_2023
211110000000.0,Southeast Core,38,Q2,2023,1300.0,1300.0,236,G21011100068002,Q2_2023
211110000000.0,Southeast Core,38,Q2,2023,1100.0,1300.0,323,G21011100068003,Q2_2023
211110000000.0,Southeast Core,38,Q2,2023,1269.5,1300.0,308,G21011100069001,Q2_2023
211110000000.0,Southeast Core,38,Q2,2023,1200.0,1300.0,213,G21011100069002,Q2_2023
211110000000.0,Southeast Core,38,Q2,2023,1200.0,1300.0,282,G21011100069003,Q2_2023
211110000000.0,Southeast Core,38,Q2,2023,1447.5,1300.0,162,G21011100070001,Q2_2023
211110000000.0,Southeast Core,37,Q2,2023,1500.0,1300.0,129,G21011100070002,Q2_2023
211110000000.0,University,37,Q2,2023,1500.0,1050.0,114,G21011100071021,Q2_2023
211110000000.0,University,38,Q2,2023,1150.0,1050.0,325,G21011100071022,Q2_2023
211110000000.0,University,38,Q2,2023,1050.0,1050.0,506,G21011100071023,Q2_2023
211110000000.0,University,38,Q2,2023,1225.0,1050.0,264,G21011100071024,Q2_2023
211110000000.0,University,38,Q2,2023,1250.0,1050.0,253,G21011100071025,Q2_2023
211110000000.0,Northeast Core,38,Q2,2023,1299.5,1299.0,274,G21011100074001,Q2_2023
211110000000.0,Northeast Core,38,Q2,2023,1325.0,1299.0,165,G21011100074002,Q2_2023
211110000000.0,Northeast Core,38,Q2,2023,1324.0,1299.0,275,G21011100076011,Q2_2023
211110000000.0,Northeast Core,38,Q2,2023,1200.0,1299.0,169,G21011100076012,Q2_2023
211110000000.0,Northeast Core,38,Q2,2023,1260.0,1299.0,253,G21011100076021,Q2_2023
211110000000.0,Northeast Core,38,Q2,2023,1324.0,1299.0,277,G21011100076022,Q2_2023
211110000000.0,Northeast Core,37,Q2,2023,1199.0,1299.0,188,G21011100076031,Q2_2023
211110000000.0,Northeast Core,38,Q2,2023,1182.0,1299.0,165,G21011100076032,Q2_2023
211110000000.0,Northeast Core,38,Q2,2023,1225.0,1299.0,225,G21011100076033,Q2_2023
211110000000.0,Northeast Core,38,Q2,2023,1200.0,1299.0,162,G21011100079001,Q2_2023
211110000000.0,Northeast Core,38,Q2,2023,1372.5,1299.0,204,G21011100079002,Q2_2023
211110000000.0,Northeast Core,38,Q2,2023,1295.0,1299.0,245,G21011100081001,Q2_2023
211110000000.0,Northeast Core,38,Q2,2023,1395.0,1299.0,217,G21011100081002,Q2_2023
211110000000.0,Northeast Core,38,Q2,2023,1366.5,1299.0,420,G21011100081003,Q2_2023
211110000000.0,Southeast Core,38,Q2,2023,1250.0,1300.0,292,G21011100082011,Q2_2023
211110000000.0,Southeast Core,37,Q2,2023,1250.0,1300.0,240,G21011100082012,Q2_2023
211110000000.0,Southeast Core,38,Q2,2023,1299.0,1300.0,267,G21011100082021,Q2_2023
211110000000.0,Southeast Core,37,Q2,2023,1250.0,1300.0,254,G21011100082022,Q2_2023
211110000000.0,Southeast Core,38,Q2,2023,1219.0,1300.0,259,G21011100083001,Q2_2023
211110000000.0,Southeast Core,38,Q2,2023,1250.0,1300.0,305,G21011100083002,Q2_2023
211110000000.0,Southeast Core,38,Q2,2023,1250.0,1300.0,257,G21011100083003,Q2_2023
211110000000.0,Southeast Core,37,Q2,2023,1375.0,1300.0,165,G21011100084001,Q2_2023
211110000000.0,Southeast Core,37,Q2,2023,1250.0,1300.0,219,G21011100084002,Q2_2023
211110000000.0,Southeast Core,37,Q2,2023,1250.0,1300.0,225,G21011100084003,Q2_2023
211110000000.0,Southeast Core,37,Q2,2023,1295.0,1300.0,211,G21011100085001,Q2_2023
211110000000.0,Southeast Core,37,Q2,2023,1300.0,1300.0,166,G21011100085002,Q2_2023
211110000000.0,East Core,37,Q2,2023,1450.0,1600.0,115,G21011100087004,Q2_2023
211110000000.0,Southeast Core,37,Q2,2023,1445.0,1300.0,101,G21011100088001,Q2_2023
211110000000.0,Southeast Core,37,Q2,2023,1285.0,1300.0,150,G21011100088002,Q2_2023
211110000000.0,Southeast Core,37,Q2,2023,1600.0,1300.0,73,G21011100088003,Q2_2023
211110000000.0,Southeast Core,37,Q2,2023,1662.5,1300.0,82,G21011100089001,Q2_2023
211110000000.0,Southeast Core,37,Q2,2023,1445.0,1300.0,109,G21011100089002,Q2_2023
211110000000.0,Southeast Core,37,Q2,2023,1375.0,1300.0,151,G21011100089003,Q2_2023
211110000000.0,Southeast Core,37,Q2,2023,1450.0,1300.0,140,G21011100089004,Q2_2023
211110000000.0,Southeast Core,37,Q2,2023,1500.0,1300.0,108,G21011100093002,Q2_2023
211110000000.0,Southeast Core,37,Q2,2023,1500.0,1300.0,115,G21011100093003,Q2_2023
211110000000.0,Southeast Core,37,Q2,2023,1500.0,1300.0,102,G21011100093005,Q2_2023
211110000000.0,Southeast Core,37,Q2,2023,1490.0,1300.0,64,G21011100096001,Q2_2023
211110000000.0,East Core,37,Q2,2023,1405.0,1600.0,159,G21011100099001,Q2_2023
211110000000.0,East Core,37,Q2,2023,1545.0,1600.0,128,G21011100099002,Q2_2023
211110000000.0,East Core,38,Q2,2023,1900.0,1600.0,89,G21011100099003,Q2_2023
211110000000.0,East Metro,37,Q2,2023,1280.5,1470.0,104,G21011100100041,Q2_2023
211110000000.0,East Metro,37,Q2,2023,1451.5,1470.0,96,G21011100100042,Q2_2023
211110000000.0,East Metro,37,Q2,2023,1248.0,1470.0,156,G21011100100043,Q2_2023
211110000000.0,East Metro,37,Q2,2023,1203.0,1470.0,90,G21011100100044,Q2_2023
211110000000.0,East Metro,37,Q2,2023,1245.0,1470.0,135,G21011100100054,Q2_2023
211110000000.0,East Metro,37,Q2,2023,1245.0,1470.0,141,G21011100100055,Q2_2023
211110000000.0,East Metro,37,Q2,2023,1240.0,1470.0,132,G21011100100063,Q2_2023
211110000000.0,East Metro,37,Q2,2023,1470.0,1470.0,164,G21011100101021,Q2_2023
211110000000.0,East Metro,37,Q2,2023,1240.0,1470.0,132,G21011100101031,Q2_2023
211110000000.0,East Metro,37,Q2,2023,1235.0,1470.0,131,G21011100101032,Q2_2023
211110000000.0,East Metro,37,Q2,2023,1262.5,1470.0,142,G21011100101033,Q2_2023
211110000000.0,East Metro,37,Q2,2023,1190.0,1470.0,116,G21011100101034,Q2_2023
211110000000.0,East Metro,37,Q2,2023,1400.0,1470.0,111,G21011100101041,Q2_2023
211110000000.0,East Metro,37,Q2,2023,1293.0,1470.0,128,G21011100101042,Q2_2023
211110000000.0,East Metro,37,Q2,2023,1250.0,1470.0,147,G21011100101043,Q2_2023
211110000000.0,East Metro,37,Q2,2023,1554.0,1470.0,140,G21011100103091,Q2_2023
211110000000.0,East Metro,37,Q2,2023,1549.0,1470.0,136,G21011100103092,Q2_2023
211110000000.0,East Metro,37,Q2,2023,1489.0,1470.0,63,G21011100103093,Q2_2023
211110000000.0,Northeast Metro,37,Q2,2023,1900.0,1985.0,217,G21011100103133,Q2_2023
211110000000.0,Northeast Metro,37,Q2,2023,1995.0,1985.0,221,G21011100103134,Q2_2023
211110000000.0,North Floyd's Fork,37,Q2,2023,1571.0,1690.0,200,G21011100103191,Q2_2023
211110000000.0,North Floyd's Fork,37,Q2,2023,1800.0,1690.0,130,G21011100103192,Q2_2023
211110000000.0,North Floyd's Fork,37,Q2,2023,1577.0,1690.0,160,G21011100103193,Q2_2023
211110000000.0,North Floyd's Fork,37,Q2,2023,1595.0,1690.0,144,G21011100103202,Q2_2023
211110000000.0,North Floyd's Fork,37,Q2,2023,1600.0,1690.0,179,G21011100103203,Q2_2023
211110000000.0,North Floyd's Fork,37,Q2,2023,1899.0,1690.0,151,G21011100103231,Q2_2023
211110000000.0,North Floyd's Fork,37,Q2,2023,1742.5,1690.0,88,G21011100103241,Q2_2023
211110000000.0,East Metro,37,Q2,2023,1349.0,1470.0,168,G21011100104072,Q2_2023
211110000000.0,East Core,38,Q2,2023,1590.0,1600.0,113,G21011100105002,Q2_2023
211110000000.0,East Core,38,Q2,2023,2000.0,1600.0,51,G21011100105003,Q2_2023
211110000000.0,East Core,37,Q2,2023,1590.0,1600.0,38,G21011100105004,Q2_2023
211110000000.0,East Core,37,Q2,2023,1630.5,1600.0,78,G21011100106011,Q2_2023
211110000000.0,East Core,38,Q2,2023,1600.0,1600.0,123,G21011100106012,Q2_2023
211110000000.0,East Core,37,Q2,2023,1397.5,1600.0,136,G21011100106021,Q2_2023
211110000000.0,East Core,37,Q2,2023,1587.5,1600.0,150,G21011100106022,Q2_2023
211110000000.0,East Core,37,Q2,2023,1575.0,1600.0,148,G21011100106023,Q2_2023
211110000000.0,East Metro,37,Q2,2023,1585.0,1470.0,157,G21011100107011,Q2_2023
211110000000.0,East Metro,37,Q2,2023,1480.0,1470.0,137,G21011100107012,Q2_2023
211110000000.0,East Metro,37,Q2,2023,1585.0,1470.0,155,G21011100107013,Q2_2023
211110000000.0,East Metro,37,Q2,2023,1550.0,1470.0,72,G21011100107014,Q2_2023
211110000000.0,East Metro,37,Q2,2023,1740.0,1470.0,89,G21011100107015,Q2_2023
211110000000.0,Central Taylorsville,37,Q2,2023,1436.5,1490.0,70,G21011100107021,Q2_2023
211110000000.0,Central Taylorsville,37,Q2,2023,1465.0,1490.0,79,G21011100107022,Q2_2023
211110000000.0,Central Taylorsville,37,Q2,2023,1650.0,1490.0,95,G21011100107023,Q2_2023
211110000000.0,East Metro,37,Q2,2023,1512.5,1470.0,56,G21011100107061,Q2_2023
211110000000.0,East Metro,37,Q2,2023,1520.0,1470.0,83,G21011100107071,Q2_2023
211110000000.0,East Metro,37,Q2,2023,1529.0,1470.0,159,G21011100107072,Q2_2023
211110000000.0,East Metro,37,Q2,2023,1560.0,1470.0,154,G21011100107081,Q2_2023
211110000000.0,East Metro,37,Q2,2023,1565.0,1470.0,176,G21011100107082,Q2_2023
211110000000.0,Central Taylorsville,37,Q2,2023,1500.0,1490.0,71,G21011100108001,Q2_2023
211110000000.0,Central Taylorsville,37,Q2,2023,1525.0,1490.0,107,G21011100108003,Q2_2023
211110000000.0,Central Bardstown,37,Q2,2023,1499.5,1395.0,64,G21011100110035,Q2_2023
211110000000.0,Central Bardstown,37,Q2,2023,1195.0,1395.0,66,G21011100110053,Q2_2023
211110000000.0,Central Taylorsville,37,Q2,2023,1500.0,1490.0,113,G21011100110091,Q2_2023
211110000000.0,Central Taylorsville,37,Q2,2023,1350.0,1490.0,104,G21011100110092,Q2_2023
211110000000.0,Central Taylorsville,37,Q2,2023,1225.0,1490.0,112,G21011100110093,Q2_2023
211110000000.0,Central Bardstown,37,Q2,2023,1156.0,1395.0,87,G21011100111103,Q2_2023
211110000000.0,Central Taylorsville,37,Q2,2023,1475.0,1490.0,96,G21011100111112,Q2_2023
211110000000.0,Central Taylorsville,37,Q2,2023,1465.0,1490.0,104,G21011100111113,Q2_2023
211110000000.0,Central Taylorsville,37,Q2,2023,1485.0,1490.0,91,G21011100111121,Q2_2023
211110000000.0,Central Taylorsville,37,Q2,2023,1370.0,1490.0,129,G21011100111122,Q2_2023
211110000000.0,Central Taylorsville,37,Q2,2023,1450.0,1490.0,119,G21011100111181,Q2_2023
211110000000.0,Central Taylorsville,37,Q2,2023,1350.0,1490.0,101,G21011100111182,Q2_2023
211110000000.0,Central Bardstown,37,Q2,2023,1400.0,1395.0,57,G21011100112021,Q2_2023
211110000000.0,Central Bardstown,37,Q2,2023,1131.0,1395.0,83,G21011100115064,Q2_2023
211110000000.0,Central Bardstown,37,Q2,2023,1168.0,1395.0,71,G21011100115092,Q2_2023
211110000000.0,Central Bardstown,37,Q2,2023,1131.0,1395.0,63,G21011100115093,Q2_2023
211110000000.0,Central Bardstown,37,Q2,2023,1227.0,1395.0,65,G21011100115153,Q2_2023
211110000000.0,Central Bardstown,37,Q2,2023,1227.0,1395.0,66,G21011100115154,Q2_2023
211110000000.0,South Floyd's Fork,37,Q2,2023,1383.0,1391.5,159,G21011100116051,Q2_2023
211110000000.0,South Floyd's Fork,37,Q2,2023,1385.0,1391.5,190,G21011100116053,Q2_2023
211110000000.0,McNeely Lake,37,Q2,2023,1795.0,1650.0,32,G21011100117112,Q2_2023
211110000000.0,McNeely Lake,37,Q2,2023,1760.0,1650.0,54,G21011100117113,Q2_2023
211110000000.0,McNeely Lake,37,Q2,2023,1445.0,1650.0,51,G21011100117122,Q2_2023
211110000000.0,South-Central Dixie,37,Q2,2023,1435.0,1400.0,55,G21011100121051,Q2_2023
211110000000.0,South-Central Dixie,37,Q2,2023,1415.0,1400.0,70,G21011100121053,Q2_2023
211110000000.0,South-Central Dixie,37,Q2,2023,1435.0,1400.0,84,G21011100121054,Q2_2023
211110000000.0,South-Central Dixie,37,Q2,2023,1495.0,1400.0,48,G21011100121081,Q2_2023
211110000000.0,South-Central Dixie,37,Q2,2023,1495.0,1400.0,73,G21011100121091,Q2_2023
211110000000.0,South-Central Dixie,37,Q2,2023,1500.0,1400.0,45,G21011100121092,Q2_2023
211110000000.0,South-Central Dixie,37,Q2,2023,920.0,1400.0,68,G21011100122031,Q2_2023
211110000000.0,Iroquois Park,37,Q2,2023,1000.0,1149.0,57,G21011100122043,Q2_2023
211110000000.0,Iroquois Park,37,Q2,2023,899.0,1149.0,68,G21011100123021,Q2_2023
211110000000.0,Iroquois Park,37,Q2,2023,1051.0,1149.0,63,G21011100123022,Q2_2023
211110000000.0,South-Central Dixie,37,Q2,2023,1345.0,1400.0,45,G21011100124092,Q2_2023
211110000000.0,South-Central Dixie,37,Q2,2023,1435.0,1400.0,80,G21011100124093,Q2_2023
211110000000.0,South-Central Dixie,37,Q2,2023,850.0,1400.0,69,G21011100125021,Q2_2023
211110000000.0,Southwest Core,38,Q2,2023,895.0,1100.0,91,G21011100128021,Q2_2023
211110000000.0,Northwest Core,38,Q3,2023,950.0,995.0,234,G21011100023003,Q3_2023
211110000000.0,West Core,38,Q3,2023,1015.0,1000.0,388,G21011100027001,Q3_2023
211110000000.0,Northwest Core,39,Q3,2023,1069.0,995.0,262,G21011100030001,Q3_2023
211110000000.0,Northwest Core,39,Q3,2023,1086.0,995.0,291,G21011100030002,Q3_2023
211110000000.0,West Core,39,Q3,2023,995.0,1000.0,693,G21011100035011,Q3_2023
211110000000.0,West Core,39,Q3,2023,995.0,1000.0,519,G21011100035021,Q3_2023
211110000000.0,Southwest Core,39,Q3,2023,1200.0,1100.0,317,G21011100036001,Q3_2023
211110000000.0,Southwest Core,38,Q3,2023,1199.0,1100.0,259,G21011100036002,Q3_2023
211110000000.0,Southwest Core,38,Q3,2023,1095.0,1100.0,315,G21011100036003,Q3_2023
211110000000.0,Southwest Core,39,Q3,2023,1200.0,1100.0,297,G21011100036004,Q3_2023
211110000000.0,Southwest Core,39,Q3,2023,1099.0,1100.0,234,G21011100036005,Q3_2023
211110000000.0,University,39,Q3,2023,1250.0,1100.0,353,G21011100037001,Q3_2023
211110000000.0,University,39,Q3,2023,1200.0,1100.0,377,G21011100037002,Q3_2023
211110000000.0,Southwest Core,39,Q3,2023,1200.0,1100.0,433,G21011100038001,Q3_2023
211110000000.0,Southwest Core,39,Q3,2023,1149.5,1100.0,376,G21011100038002,Q3_2023
211110000000.0,Southwest Core,39,Q3,2023,1149.0,1100.0,346,G21011100038003,Q3_2023
211110000000.0,Southwest Core,39,Q3,2023,1097.0,1100.0,272,G21011100039001,Q3_2023
211110000000.0,Southwest Core,39,Q3,2023,1050.0,1100.0,207,G21011100039002,Q3_2023
211110000000.0,Southwest Core,38,Q3,2023,1224.5,1100.0,386,G21011100041001,Q3_2023
211110000000.0,Downtown,39,Q3,2023,1099.0,1270.0,143,G21011100049000,Q3_2023
211110000000.0,Downtown,39,Q3,2023,1235.0,1270.0,768,G21011100049001,Q3_2023
211110000000.0,Downtown,39,Q3,2023,1099.0,1270.0,400,G21011100049002,Q3_2023
211110000000.0,Downtown,39,Q3,2023,1304.0,1270.0,503,G21011100049003,Q3_2023
211110000000.0,Downtown,39,Q3,2023,1065.0,1270.0,598,G21011100050001,Q3_2023
211110000000.0,Downtown,39,Q3,2023,1073.0,1270.0,740,G21011100050002,Q3_2023
211110000000.0,University,39,Q3,2023,1000.0,1100.0,765,G21011100051001,Q3_2023
211110000000.0,University,39,Q3,2023,1025.0,1100.0,853,G21011100051002,Q3_2023
211110000000.0,University,39,Q3,2023,1000.0,1100.0,820,G21011100051003,Q3_2023
211110000000.0,University,39,Q3,2023,1000.0,1100.0,810,G21011100052001,Q3_2023
211110000000.0,University,39,Q3,2023,1000.0,1100.0,783,G21011100052002,Q3_2023
211110000000.0,University,39,Q3,2023,975.0,1100.0,728,G21011100052003,Q3_2023
211110000000.0,University,39,Q3,2023,1100.0,1100.0,800,G21011100053001,Q3_2023
211110000000.0,University,39,Q3,2023,1195.0,1100.0,645,G21011100053002,Q3_2023
211110000000.0,Downtown,39,Q3,2023,1300.0,1270.0,817,G21011100059011,Q3_2023
211110000000.0,Downtown,39,Q3,2023,1310.0,1270.0,841,G21011100059012,Q3_2023
211110000000.0,Downtown,39,Q3,2023,1475.0,1270.0,529,G21011100059021,Q3_2023
211110000000.0,Downtown,39,Q3,2023,1415.0,1270.0,604,G21011100059022,Q3_2023
211110000000.0,Downtown,39,Q3,2023,1400.0,1270.0,693,G21011100059023,Q3_2023
211110000000.0,Downtown,39,Q3,2023,1299.0,1270.0,721,G21011100062001,Q3_2023
211110000000.0,Downtown,39,Q3,2023,1150.0,1270.0,938,G21011100062002,Q3_2023
211110000000.0,Southeast Core,39,Q3,2023,1345.0,1350.0,592,G21011100063001,Q3_2023
211110000000.0,Southeast Core,39,Q3,2023,1300.0,1350.0,688,G21011100063002,Q3_2023
211110000000.0,Southeast Core,39,Q3,2023,1300.0,1350.0,614,G21011100064001,Q3_2023
211110000000.0,Southeast Core,39,Q3,2023,1299.0,1350.0,622,G21011100064002,Q3_2023
211110000000.0,University,39,Q3,2023,1100.0,1100.0,852,G21011100065001,Q3_2023
211110000000.0,University,39,Q3,2023,1250.0,1100.0,749,G21011100065002,Q3_2023
211110000000.0,University,39,Q3,2023,1100.0,1100.0,933,G21011100065003,Q3_2023
211110000000.0,University,39,Q3,2023,1199.0,1100.0,801,G21011100065004,Q3_2023
211110000000.0,University,39,Q3,2023,1050.0,1100.0,912,G21011100066001,Q3_2023
211110000000.0,University,39,Q3,2023,1099.0,1100.0,895,G21011100066002,Q3_2023
211110000000.0,Southeast Core,39,Q3,2023,1395.0,1350.0,424,G21011100068001,Q3_2023
211110000000.0,Southeast Core,39,Q3,2023,1400.0,1350.0,409,G21011100068002,Q3_2023
211110000000.0,Southeast Core,39,Q3,2023,1300.0,1350.0,574,G21011100068003,Q3_2023
211110000000.0,Southeast Core,39,Q3,2023,1350.0,1350.0,602,G21011100069001,Q3_2023
211110000000.0,Southeast Core,39,Q3,2023,1350.0,1350.0,448,G21011100069002,Q3_2023
211110000000.0,Southeast Core,39,Q3,2023,1350.0,1350.0,520,G21011100069003,Q3_2023
211110000000.0,Southeast Core,39,Q3,2023,1450.0,1350.0,292,G21011100070001,Q3_2023
211110000000.0,Southeast Core,38,Q3,2023,1495.0,1350.0,286,G21011100070002,Q3_2023
211110000000.0,University,38,Q3,2023,1500.0,1100.0,200,G21011100071021,Q3_2023
211110000000.0,University,39,Q3,2023,1275.0,1100.0,514,G21011100071022,Q3_2023
211110000000.0,University,39,Q3,2023,1187.5,1100.0,834,G21011100071023,Q3_2023
211110000000.0,University,39,Q3,2023,1277.0,1100.0,428,G21011100071024,Q3_2023
211110000000.0,University,39,Q3,2023,1295.0,1100.0,444,G21011100071025,Q3_2023
211110000000.0,Northeast Core,39,Q3,2023,1254.0,1295.0,409,G21011100074001,Q3_2023
211110000000.0,Northeast Core,39,Q3,2023,1279.0,1295.0,273,G21011100074002,Q3_2023
211110000000.0,Northeast Core,39,Q3,2023,1261.0,1295.0,393,G21011100076011,Q3_2023
211110000000.0,Northeast Core,39,Q3,2023,1300.0,1295.0,223,G21011100076012,Q3_2023
211110000000.0,Northeast Core,39,Q3,2023,1260.0,1295.0,386,G21011100076021,Q3_2023
211110000000.0,Northeast Core,39,Q3,2023,1265.0,1295.0,399,G21011100076022,Q3_2023
211110000000.0,Northeast Core,38,Q3,2023,1224.0,1295.0,257,G21011100076031,Q3_2023
211110000000.0,Northeast Core,39,Q3,2023,1245.0,1295.0,230,G21011100076032,Q3_2023
211110000000.0,Northeast Core,39,Q3,2023,1289.0,1295.0,302,G21011100076033,Q3_2023
211110000000.0,Northeast Core,39,Q3,2023,1300.0,1295.0,193,G21011100079001,Q3_2023
211110000000.0,Northeast Core,39,Q3,2023,1253.0,1295.0,321,G21011100079002,Q3_2023
211110000000.0,Northeast Core,39,Q3,2023,1246.0,1295.0,388,G21011100081001,Q3_2023
211110000000.0,Northeast Core,39,Q3,2023,1400.0,1295.0,445,G21011100081002,Q3_2023
211110000000.0,Northeast Core,39,Q3,2023,1400.0,1295.0,765,G21011100081003,Q3_2023
211110000000.0,Southeast Core,39,Q3,2023,1295.0,1350.0,549,G21011100082011,Q3_2023
211110000000.0,Southeast Core,38,Q3,2023,1220.0,1350.0,426,G21011100082012,Q3_2023
211110000000.0,Southeast Core,39,Q3,2023,1297.0,1350.0,572,G21011100082021,Q3_2023
211110000000.0,Southeast Core,38,Q3,2023,1249.5,1350.0,472,G21011100082022,Q3_2023
211110000000.0,Southeast Core,39,Q3,2023,1250.0,1350.0,461,G21011100083001,Q3_2023
211110000000.0,Southeast Core,39,Q3,2023,1295.0,1350.0,562,G21011100083002,Q3_2023
211110000000.0,Southeast Core,39,Q3,2023,1299.0,1350.0,468,G21011100083003,Q3_2023
211110000000.0,Southeast Core,38,Q3,2023,1300.0,1350.0,264,G21011100084001,Q3_2023
211110000000.0,Southeast Core,38,Q3,2023,1250.0,1350.0,383,G21011100084002,Q3_2023
211110000000.0,Southeast Core,38,Q3,2023,1249.0,1350.0,355,G21011100084003,Q3_2023
211110000000.0,Southeast Core,38,Q3,2023,1250.0,1350.0,368,G21011100085001,Q3_2023
211110000000.0,Southeast Core,38,Q3,2023,1250.0,1350.0,282,G21011100085002,Q3_2023
211110000000.0,East Core,38,Q3,2023,1295.0,1500.0,157,G21011100087004,Q3_2023
211110000000.0,Southeast Core,38,Q3,2023,1350.0,1350.0,194,G21011100088001,Q3_2023
211110000000.0,Southeast Core,38,Q3,2023,1295.0,1350.0,246,G21011100088002,Q3_2023
211110000000.0,Southeast Core,38,Q3,2023,1400.0,1350.0,130,G21011100088003,Q3_2023
211110000000.0,Southeast Core,38,Q3,2023,1462.5,1350.0,138,G21011100089001,Q3_2023
211110000000.0,Southeast Core,38,Q3,2023,1400.0,1350.0,184,G21011100089002,Q3_2023
211110000000.0,Southeast Core,38,Q3,2023,1300.0,1350.0,245,G21011100089003,Q3_2023
211110000000.0,Southeast Core,38,Q3,2023,1350.0,1350.0,211,G21011100089004,Q3_2023
211110000000.0,Southeast Core,38,Q3,2023,1500.0,1350.0,221,G21011100093002,Q3_2023
211110000000.0,Southeast Core,38,Q3,2023,1495.0,1350.0,243,G21011100093003,Q3_2023
211110000000.0,Southeast Core,38,Q3,2023,1649.5,1350.0,158,G21011100093005,Q3_2023
211110000000.0,Southeast Core,38,Q3,2023,1500.0,1350.0,97,G21011100096001,Q3_2023
211110000000.0,East Core,38,Q3,2023,1373.0,1500.0,174,G21011100099001,Q3_2023
211110000000.0,East Core,38,Q3,2023,1400.0,1500.0,129,G21011100099002,Q3_2023
211110000000.0,East Core,39,Q3,2023,1650.0,1500.0,141,G21011100099003,Q3_2023
211110000000.0,East Metro,38,Q3,2023,1142.5,1421.5,168,G21011100100041,Q3_2023
211110000000.0,East Metro,38,Q3,2023,1183.0,1421.5,148,G21011100100042,Q3_2023
211110000000.0,East Metro,38,Q3,2023,1205.5,1421.5,252,G21011100100043,Q3_2023
211110000000.0,East Metro,38,Q3,2023,1109.0,1421.5,155,G21011100100044,Q3_2023
211110000000.0,East Metro,38,Q3,2023,1232.5,1421.5,206,G21011100100054,Q3_2023
211110000000.0,East Metro,38,Q3,2023,1227.5,1421.5,226,G21011100100055,Q3_2023
211110000000.0,East Metro,38,Q3,2023,1225.0,1421.5,197,G21011100100063,Q3_2023
211110000000.0,East Metro,38,Q3,2023,1394.0,1421.5,224,G21011100101021,Q3_2023
211110000000.0,East Metro,38,Q3,2023,1236.0,1421.5,217,G21011100101031,Q3_2023
211110000000.0,East Metro,38,Q3,2023,1222.0,1421.5,198,G21011100101032,Q3_2023
211110000000.0,East Metro,38,Q3,2023,1220.0,1421.5,247,G21011100101033,Q3_2023
211110000000.0,East Metro,38,Q3,2023,1223.5,1421.5,194,G21011100101034,Q3_2023
211110000000.0,East Metro,38,Q3,2023,1365.0,1421.5,146,G21011100101041,Q3_2023
211110000000.0,East Metro,38,Q3,2023,1337.5,1421.5,166,G21011100101042,Q3_2023
211110000000.0,East Metro,38,Q3,2023,1201.5,1421.5,222,G21011100101043,Q3_2023
211110000000.0,East Metro,38,Q3,2023,1499.0,1421.5,230,G21011100103091,Q3_2023
211110000000.0,East Metro,38,Q3,2023,1489.0,1421.5,214,G21011100103092,Q3_2023
211110000000.0,East Metro,38,Q3,2023,1444.0,1421.5,146,G21011100103093,Q3_2023
211110000000.0,Northeast Metro,38,Q3,2023,1832.0,1833.5,226,G21011100103133,Q3_2023
211110000000.0,Northeast Metro,38,Q3,2023,1832.0,1833.5,225,G21011100103134,Q3_2023
211110000000.0,North Floyd's Fork,38,Q3,2023,1491.0,1650.0,261,G21011100103191,Q3_2023
211110000000.0,North Floyd's Fork,38,Q3,2023,1659.5,1650.0,170,G21011100103192,Q3_2023
211110000000.0,North Floyd's Fork,38,Q3,2023,1532.5,1650.0,260,G21011100103193,Q3_2023
211110000000.0,North Floyd's Fork,38,Q3,2023,1675.0,1650.0,219,G21011100103202,Q3_2023
211110000000.0,North Floyd's Fork,38,Q3,2023,1645.0,1650.0,239,G21011100103203,Q3_2023
211110000000.0,North Floyd's Fork,38,Q3,2023,1799.0,1650.0,137,G21011100103231,Q3_2023
211110000000.0,North Floyd's Fork,38,Q3,2023,1845.0,1650.0,157,G21011100103241,Q3_2023
211110000000.0,East Metro,38,Q3,2023,1375.5,1421.5,170,G21011100104072,Q3_2023
211110000000.0,East Core,39,Q3,2023,1404.0,1500.0,145,G21011100105002,Q3_2023
211110000000.0,East Core,39,Q3,2023,1867.5,1500.0,62,G21011100105003,Q3_2023
211110000000.0,East Core,38,Q3,2023,1150.0,1500.0,43,G21011100105004,Q3_2023
211110000000.0,East Core,38,Q3,2023,1400.0,1500.0,117,G21011100106011,Q3_2023
211110000000.0,East Core,39,Q3,2023,1463.5,1500.0,178,G21011100106012,Q3_2023
211110000000.0,East Core,38,Q3,2023,1365.0,1500.0,184,G21011100106021,Q3_2023
211110000000.0,East Core,38,Q3,2023,1425.0,1500.0,208,G21011100106022,Q3_2023
211110000000.0,East Core,38,Q3,2023,1445.0,1500.0,201,G21011100106023,Q3_2023
211110000000.0,East Metro,38,Q3,2023,1592.0,1421.5,236,G21011100107011,Q3_2023
211110000000.0,East Metro,38,Q3,2023,1495.0,1421.5,178,G21011100107012,Q3_2023
211110000000.0,East Metro,38,Q3,2023,1585.0,1421.5,235,G21011100107013,Q3_2023
211110000000.0,East Metro,38,Q3,2023,1550.0,1421.5,101,G21011100107014,Q3_2023
211110000000.0,East Metro,38,Q3,2023,1684.5,1421.5,112,G21011100107015,Q3_2023
211110000000.0,Central Taylorsville,38,Q3,2023,1332.5,1445.0,72,G21011100107021,Q3_2023
211110000000.0,Central Taylorsville,38,Q3,2023,1358.0,1445.0,82,G21011100107022,Q3_2023
211110000000.0,Central Taylorsville,38,Q3,2023,1599.0,1445.0,139,G21011100107023,Q3_2023
211110000000.0,East Metro,38,Q3,2023,1499.0,1421.5,112,G21011100107061,Q3_2023
211110000000.0,East Metro,38,Q3,2023,1520.0,1421.5,132,G21011100107071,Q3_2023
211110000000.0,East Metro,38,Q3,2023,1500.0,1421.5,221,G21011100107072,Q3_2023
211110000000.0,East Metro,38,Q3,2023,1500.0,1421.5,247,G21011100107081,Q3_2023
211110000000.0,East Metro,38,Q3,2023,1555.0,1421.5,254,G21011100107082,Q3_2023
211110000000.0,Central Taylorsville,38,Q3,2023,1225.0,1445.0,109,G21011100108001,Q3_2023
211110000000.0,Central Taylorsville,38,Q3,2023,1482.0,1445.0,118,G21011100108003,Q3_2023
211110000000.0,Central Bardstown,38,Q3,2023,1350.0,1465.0,99,G21011100110035,Q3_2023
211110000000.0,Central Bardstown,38,Q3,2023,999.0,1465.0,85,G21011100110053,Q3_2023
211110000000.0,Central Taylorsville,38,Q3,2023,1200.0,1445.0,148,G21011100110091,Q3_2023
211110000000.0,Central Taylorsville,38,Q3,2023,1040.0,1445.0,157,G21011100110092,Q3_2023
211110000000.0,Central Taylorsville,38,Q3,2023,1040.0,1445.0,162,G21011100110093,Q3_2023
211110000000.0,Central Taylorsville,38,Q3,2023,1440.0,1445.0,129,G21011100111112,Q3_2023
211110000000.0,Central Taylorsville,38,Q3,2023,1350.0,1445.0,107,G21011100111113,Q3_2023
211110000000.0,Central Taylorsville,38,Q3,2023,1465.0,1445.0,120,G21011100111121,Q3_2023
211110000000.0,Central Taylorsville,38,Q3,2023,1342.5,1445.0,154,G21011100111122,Q3_2023
211110000000.0,Central Taylorsville,38,Q3,2023,1599.0,1445.0,123,G21011100111181,Q3_2023
211110000000.0,Central Taylorsville,38,Q3,2023,1560.0,1445.0,116,G21011100111182,Q3_2023
211110000000.0,Central Bardstown,38,Q3,2023,1500.0,1465.0,72,G21011100112021,Q3_2023
211110000000.0,Central Bardstown,38,Q3,2023,1795.0,1465.0,33,G21011100115064,Q3_2023
211110000000.0,South Floyd's Fork,38,Q3,2023,1403.0,1408.0,155,G21011100116051,Q3_2023
211110000000.0,South Floyd's Fork,38,Q3,2023,1405.0,1408.0,191,G21011100116053,Q3_2023
211110000000.0,McNeely Lake,38,Q3,2023,1775.0,1745.0,70,G21011100117112,Q3_2023
211110000000.0,McNeely Lake,38,Q3,2023,1790.0,1745.0,83,G21011100117113,Q3_2023
211110000000.0,McNeely Lake,38,Q3,2023,1500.0,1745.0,45,G21011100117122,Q3_2023
211110000000.0,South-Central Dixie,38,Q3,2023,1670.0,1445.0,46,G21011100121051,Q3_2023
211110000000.0,South-Central Dixie,38,Q3,2023,1500.0,1445.0,89,G21011100121053,Q3_2023
211110000000.0,South-Central Dixie,38,Q3,2023,1550.0,1445.0,85,G21011100121054,Q3_2023
211110000000.0,South-Central Dixie,38,Q3,2023,1455.0,1445.0,81,G21011100121081,Q3_2023
211110000000.0,South-Central Dixie,38,Q3,2023,1512.0,1445.0,78,G21011100121091,Q3_2023
211110000000.0,South-Central Dixie,38,Q3,2023,1670.0,1445.0,70,G21011100121092,Q3_2023
211110000000.0,South-Central Dixie,38,Q3,2023,1025.0,1445.0,133,G21011100122031,Q3_2023
211110000000.0,Iroquois Park,38,Q3,2023,1025.0,1100.0,99,G21011100122043,Q3_2023
211110000000.0,Iroquois Park,38,Q3,2023,975.5,1100.0,114,G21011100123021,Q3_2023
211110000000.0,Iroquois Park,38,Q3,2023,995.0,1100.0,83,G21011100123022,Q3_2023
211110000000.0,South-Central Dixie,38,Q3,2023,1495.0,1445.0,59,G21011100124092,Q3_2023
211110000000.0,South-Central Dixie,38,Q3,2023,1455.0,1445.0,75,G21011100124093,Q3_2023
211110000000.0,South-Central Dixie,38,Q3,2023,944.0,1445.0,96,G21011100125021,Q3_2023
211110000000.0,Southwest Core,39,Q3,2023,995.0,1100.0,149,G21011100128021,Q3_2023
211110000000.0,Northwest Core,39,Q4,2023,950.0,1050.0,193,G21011100023003,Q4_2023
211110000000.0,West Core,39,Q4,2023,999.0,1040.0,368,G21011100027001,Q4_2023
211110000000.0,Northwest Core,40,Q4,2023,1040.0,1050.0,277,G21011100030001,Q4_2023
211110000000.0,Northwest Core,40,Q4,2023,1049.0,1050.0,326,G21011100030002,Q4_2023
211110000000.0,West Core,40,Q4,2023,999.0,1040.0,576,G21011100035011,Q4_2023
211110000000.0,West Core,40,Q4,2023,1000.0,1040.0,456,G21011100035021,Q4_2023
211110000000.0,Southwest Core,40,Q4,2023,1100.0,1095.0,334,G21011100036001,Q4_2023
211110000000.0,Southwest Core,39,Q4,2023,1100.0,1095.0,271,G21011100036002,Q4_2023
211110000000.0,Southwest Core,39,Q4,2023,1095.0,1095.0,313,G21011100036003,Q4_2023
211110000000.0,Southwest Core,40,Q4,2023,1150.0,1095.0,311,G21011100036004,Q4_2023
211110000000.0,Southwest Core,40,Q4,2023,1100.0,1095.0,273,G21011100036005,Q4_2023
211110000000.0,University,40,Q4,2023,1100.0,1100.0,323,G21011100037001,Q4_2023
211110000000.0,University,40,Q4,2023,1095.0,1100.0,342,G21011100037002,Q4_2023
211110000000.0,Southwest Core,40,Q4,2023,1100.0,1095.0,405,G21011100038001,Q4_2023
211110000000.0,Southwest Core,40,Q4,2023,1075.0,1095.0,386,G21011100038002,Q4_2023
211110000000.0,Southwest Core,40,Q4,2023,1099.5,1095.0,354,G21011100038003,Q4_2023
211110000000.0,Southwest Core,40,Q4,2023,1100.0,1095.0,285,G21011100039001,Q4_2023
211110000000.0,Southwest Core,40,Q4,2023,1075.0,1095.0,221,G21011100039002,Q4_2023
211110000000.0,Southwest Core,39,Q4,2023,1100.0,1095.0,331,G21011100041001,Q4_2023
211110000000.0,Downtown,40,Q4,2023,1069.0,1250.0,136,G21011100049000,Q4_2023
211110000000.0,Downtown,40,Q4,2023,1220.0,1250.0,936,G21011100049001,Q4_2023
211110000000.0,Downtown,40,Q4,2023,1049.0,1250.0,441,G21011100049002,Q4_2023
211110000000.0,Downtown,40,Q4,2023,1312.0,1250.0,702,G21011100049003,Q4_2023
211110000000.0,Downtown,40,Q4,2023,1040.5,1250.0,640,G21011100050001,Q4_2023
211110000000.0,Downtown,40,Q4,2023,1063.0,1250.0,838,G21011100050002,Q4_2023
211110000000.0,University,40,Q4,2023,999.0,1100.0,717,G21011100051001,Q4_2023
211110000000.0,University,40,Q4,2023,1050.0,1100.0,825,G21011100051002,Q4_2023
211110000000.0,University,40,Q4,2023,1025.0,1100.0,791,G21011100051003,Q4_2023
211110000000.0,University,40,Q4,2023,1050.0,1100.0,756,G21011100052001,Q4_2023
211110000000.0,University,40,Q4,2023,1000.0,1100.0,684,G21011100052002,Q4_2023
211110000000.0,University,40,Q4,2023,995.0,1100.0,678,G21011100052003,Q4_2023
211110000000.0,University,40,Q4,2023,1100.0,1100.0,703,G21011100053001,Q4_2023
211110000000.0,University,40,Q4,2023,1150.0,1100.0,568,G21011100053002,Q4_2023
211110000000.0,Downtown,40,Q4,2023,1314.0,1250.0,951,G21011100059011,Q4_2023
211110000000.0,Downtown,40,Q4,2023,1330.0,1250.0,940,G21011100059012,Q4_2023
211110000000.0,Downtown,40,Q4,2023,1483.0,1250.0,697,G21011100059021,Q4_2023
211110000000.0,Downtown,40,Q4,2023,1441.0,1250.0,783,G21011100059022,Q4_2023
211110000000.0,Downtown,40,Q4,2023,1428.0,1250.0,861,G21011100059023,Q4_2023
211110000000.0,Downtown,40,Q4,2023,1299.0,1250.0,811,G21011100062001,Q4_2023
211110000000.0,Downtown,40,Q4,2023,1100.0,1250.0,947,G21011100062002,Q4_2023
211110000000.0,Southeast Core,40,Q4,2023,1295.0,1350.0,624,G21011100063001,Q4_2023
211110000000.0,Southeast Core,40,Q4,2023,1287.0,1350.0,697,G21011100063002,Q4_2023
211110000000.0,Southeast Core,40,Q4,2023,1292.5,1350.0,678,G21011100064001,Q4_2023
211110000000.0,Southeast Core,40,Q4,2023,1350.0,1350.0,639,G21011100064002,Q4_2023
211110000000.0,University,40,Q4,2023,1100.0,1100.0,923,G21011100065001,Q4_2023
211110000000.0,University,40,Q4,2023,1199.0,1100.0,761,G21011100065002,Q4_2023
211110000000.0,University,40,Q4,2023,1100.0,1100.0,872,G21011100065003,Q4_2023
211110000000.0,University,40,Q4,2023,1195.0,1100.0,782,G21011100065004,Q4_2023
211110000000.0,University,40,Q4,2023,1087.0,1100.0,872,G21011100066001,Q4_2023
211110000000.0,University,40,Q4,2023,1100.0,1100.0,820,G21011100066002,Q4_2023
211110000000.0,Southeast Core,40,Q4,2023,1400.0,1350.0,408,G21011100068001,Q4_2023
211110000000.0,Southeast Core,40,Q4,2023,1400.0,1350.0,391,G21011100068002,Q4_2023
211110000000.0,Southeast Core,40,Q4,2023,1375.0,1350.0,525,G21011100068003,Q4_2023
211110000000.0,Southeast Core,40,Q4,2023,1375.0,1350.0,567,G21011100069001,Q4_2023
211110000000.0,Southeast Core,40,Q4,2023,1375.0,1350.0,438,G21011100069002,Q4_2023
211110000000.0,Southeast Core,40,Q4,2023,1395.0,1350.0,492,G21011100069003,Q4_2023
211110000000.0,Southeast Core,40,Q4,2023,1475.0,1350.0,306,G21011100070001,Q4_2023
211110000000.0,Southeast Core,39,Q4,2023,1559.0,1350.0,275,G21011100070002,Q4_2023
211110000000.0,University,39,Q4,2023,1500.0,1100.0,193,G21011100071021,Q4_2023
211110000000.0,University,40,Q4,2023,1300.0,1100.0,472,G21011100071022,Q4_2023
211110000000.0,University,40,Q4,2023,1195.0,1100.0,771,G21011100071023,Q4_2023
211110000000.0,University,40,Q4,2023,1295.0,1100.0,389,G21011100071024,Q4_2023
211110000000.0,University,40,Q4,2023,1349.0,1100.0,381,G21011100071025,Q4_2023
211110000000.0,Northeast Core,40,Q4,2023,1323.0,1349.0,477,G21011100074001,Q4_2023
211110000000.0,Northeast Core,40,Q4,2023,1295.0,1349.0,256,G21011100074002,Q4_2023
211110000000.0,Northeast Core,40,Q4,2023,1295.0,1349.0,411,G21011100076011,Q4_2023
211110000000.0,Northeast Core,40,Q4,2023,1295.0,1349.0,253,G21011100076012,Q4_2023
211110000000.0,Northeast Core,40,Q4,2023,1301.5,1349.0,372,G21011100076021,Q4_2023
211110000000.0,Northeast Core,40,Q4,2023,1295.0,1349.0,390,G21011100076022,Q4_2023
211110000000.0,Northeast Core,39,Q4,2023,1250.0,1349.0,244,G21011100076031,Q4_2023
211110000000.0,Northeast Core,40,Q4,2023,1260.0,1349.0,222,G21011100076032,Q4_2023
211110000000.0,Northeast Core,40,Q4,2023,1288.0,1349.0,318,G21011100076033,Q4_2023
211110000000.0,Northeast Core,40,Q4,2023,1349.0,1349.0,207,G21011100079001,Q4_2023
211110000000.0,Northeast Core,40,Q4,2023,1295.0,1349.0,333,G21011100079002,Q4_2023
211110000000.0,Northeast Core,40,Q4,2023,1308.5,1349.0,474,G21011100081001,Q4_2023
211110000000.0,Northeast Core,40,Q4,2023,1395.0,1349.0,449,G21011100081002,Q4_2023
211110000000.0,Northeast Core,40,Q4,2023,1450.0,1349.0,907,G21011100081003,Q4_2023
211110000000.0,Southeast Core,40,Q4,2023,1300.0,1350.0,616,G21011100082011,Q4_2023
211110000000.0,Southeast Core,39,Q4,2023,1250.0,1350.0,484,G21011100082012,Q4_2023
211110000000.0,Southeast Core,40,Q4,2023,1305.5,1350.0,624,G21011100082021,Q4_2023
211110000000.0,Southeast Core,39,Q4,2023,1250.0,1350.0,566,G21011100082022,Q4_2023
211110000000.0,Southeast Core,40,Q4,2023,1250.0,1350.0,483,G21011100083001,Q4_2023
211110000000.0,Southeast Core,40,Q4,2023,1299.0,1350.0,564,G21011100083002,Q4_2023
211110000000.0,Southeast Core,40,Q4,2023,1350.0,1350.0,489,G21011100083003,Q4_2023
211110000000.0,Southeast Core,39,Q4,2023,1375.0,1350.0,328,G21011100084001,Q4_2023
211110000000.0,Southeast Core,39,Q4,2023,1350.0,1350.0,430,G21011100084002,Q4_2023
211110000000.0,Southeast Core,39,Q4,2023,1350.0,1350.0,426,G21011100084003,Q4_2023
211110000000.0,Southeast Core,39,Q4,2023,1295.0,1350.0,415,G21011100085001,Q4_2023
211110000000.0,Southeast Core,39,Q4,2023,1295.0,1350.0,328,G21011100085002,Q4_2023
211110000000.0,East Core,39,Q4,2023,1250.0,1399.0,215,G21011100087004,Q4_2023
211110000000.0,Southeast Core,39,Q4,2023,1350.0,1350.0,207,G21011100088001,Q4_2023
211110000000.0,Southeast Core,39,Q4,2023,1295.0,1350.0,278,G21011100088002,Q4_2023
211110000000.0,Southeast Core,39,Q4,2023,1427.5,1350.0,140,G21011100088003,Q4_2023
211110000000.0,Southeast Core,39,Q4,2023,1450.0,1350.0,148,G21011100089001,Q4_2023
211110000000.0,Southeast Core,39,Q4,2023,1450.0,1350.0,188,G21011100089002,Q4_2023
211110000000.0,Southeast Core,39,Q4,2023,1350.0,1350.0,272,G21011100089003,Q4_2023
211110000000.0,Southeast Core,39,Q4,2023,1400.0,1350.0,205,G21011100089004,Q4_2023
211110000000.0,Southeast Core,39,Q4,2023,1350.0,1350.0,188,G21011100093002,Q4_2023
211110000000.0,Southeast Core,39,Q4,2023,1475.0,1350.0,207,G21011100093003,Q4_2023
211110000000.0,Southeast Core,39,Q4,2023,1400.0,1350.0,151,G21011100093005,Q4_2023
211110000000.0,Southeast Core,39,Q4,2023,1295.0,1350.0,108,G21011100096001,Q4_2023
211110000000.0,East Core,39,Q4,2023,1383.5,1399.0,260,G21011100099001,Q4_2023
211110000000.0,East Core,39,Q4,2023,1372.0,1399.0,213,G21011100099002,Q4_2023
211110000000.0,East Core,40,Q4,2023,1372.5,1399.0,164,G21011100099003,Q4_2023
211110000000.0,East Metro,39,Q4,2023,1369.0,1410.0,174,G21011100100041,Q4_2023
211110000000.0,East Metro,39,Q4,2023,1500.0,1410.0,186,G21011100100042,Q4_2023
211110000000.0,East Metro,39,Q4,2023,1270.0,1410.0,267,G21011100100043,Q4_2023
211110000000.0,East Metro,39,Q4,2023,1250.0,1410.0,149,G21011100100044,Q4_2023
211110000000.0,East Metro,39,Q4,2023,1250.0,1410.0,191,G21011100100054,Q4_2023
211110000000.0,East Metro,39,Q4,2023,1250.0,1410.0,203,G21011100100055,Q4_2023
211110000000.0,East Metro,39,Q4,2023,1270.0,1410.0,205,G21011100100063,Q4_2023
211110000000.0,East Metro,39,Q4,2023,1345.0,1410.0,206,G21011100101021,Q4_2023
211110000000.0,East Metro,39,Q4,2023,1260.0,1410.0,187,G21011100101031,Q4_2023
211110000000.0,East Metro,39,Q4,2023,1250.0,1410.0,181,G21011100101032,Q4_2023
211110000000.0,East Metro,39,Q4,2023,1292.0,1410.0,233,G21011100101033,Q4_2023
211110000000.0,East Metro,39,Q4,2023,1270.0,1410.0,191,G21011100101034,Q4_2023
211110000000.0,East Metro,39,Q4,2023,1427.5,1410.0,212,G21011100101041,Q4_2023
211110000000.0,East Metro,39,Q4,2023,1342.5,1410.0,196,G21011100101042,Q4_2023
211110000000.0,East Metro,39,Q4,2023,1300.0,1410.0,263,G21011100101043,Q4_2023
211110000000.0,East Metro,39,Q4,2023,1466.0,1410.0,294,G21011100103091,Q4_2023
211110000000.0,East Metro,39,Q4,2023,1484.0,1410.0,287,G21011100103092,Q4_2023
211110000000.0,East Metro,39,Q4,2023,1422.0,1410.0,134,G21011100103093,Q4_2023
211110000000.0,Northeast Metro,39,Q4,2023,1975.0,1930.0,365,G21011100103133,Q4_2023
211110000000.0,Northeast Metro,39,Q4,2023,1989.0,1930.0,376,G21011100103134,Q4_2023
211110000000.0,North Floyd's Fork,39,Q4,2023,1441.0,1508.0,378,G21011100103191,Q4_2023
211110000000.0,North Floyd's Fork,39,Q4,2023,1610.0,1508.0,207,G21011100103192,Q4_2023
211110000000.0,North Floyd's Fork,39,Q4,2023,1502.0,1508.0,359,G21011100103193,Q4_2023
211110000000.0,North Floyd's Fork,39,Q4,2023,1441.0,1508.0,296,G21011100103202,Q4_2023
211110000000.0,North Floyd's Fork,39,Q4,2023,1456.0,1508.0,348,G21011100103203,Q4_2023
211110000000.0,North Floyd's Fork,39,Q4,2023,1799.0,1508.0,169,G21011100103231,Q4_2023
211110000000.0,North Floyd's Fork,39,Q4,2023,1370.0,1508.0,150,G21011100103241,Q4_2023
211110000000.0,East Metro,39,Q4,2023,1386.0,1410.0,251,G21011100104072,Q4_2023
211110000000.0,East Core,40,Q4,2023,1349.0,1399.0,197,G21011100105002,Q4_2023
211110000000.0,East Core,40,Q4,2023,1500.0,1399.0,75,G21011100105003,Q4_2023
211110000000.0,East Core,39,Q4,2023,1500.0,1399.0,73,G21011100105004,Q4_2023
211110000000.0,East Core,39,Q4,2023,1374.5,1399.0,234,G21011100106011,Q4_2023
211110000000.0,East Core,40,Q4,2023,1387.0,1399.0,221,G21011100106012,Q4_2023
211110000000.0,East Core,39,Q4,2023,1373.0,1399.0,339,G21011100106021,Q4_2023
211110000000.0,East Core,39,Q4,2023,1425.0,1399.0,335,G21011100106022,Q4_2023
211110000000.0,East Core,39,Q4,2023,1425.0,1399.0,300,G21011100106023,Q4_2023
211110000000.0,East Metro,39,Q4,2023,1470.0,1410.0,227,G21011100107011,Q4_2023
211110000000.0,East Metro,39,Q4,2023,1394.0,1410.0,150,G21011100107012,Q4_2023
211110000000.0,East Metro,39,Q4,2023,1470.0,1410.0,230,G21011100107013,Q4_2023
211110000000.0,East Metro,39,Q4,2023,1509.0,1410.0,144,G21011100107014,Q4_2023
211110000000.0,East Metro,39,Q4,2023,1600.0,1410.0,91,G21011100107015,Q4_2023
211110000000.0,Central Taylorsville,39,Q4,2023,1290.0,1299.0,92,G21011100107021,Q4_2023
211110000000.0,Central Taylorsville,39,Q4,2023,1342.5,1299.0,96,G21011100107022,Q4_2023
211110000000.0,Central Taylorsville,39,Q4,2023,1499.5,1299.0,138,G21011100107023,Q4_2023
211110000000.0,East Metro,39,Q4,2023,1440.0,1410.0,182,G21011100107061,Q4_2023
211110000000.0,East Metro,39,Q4,2023,1520.0,1410.0,141,G21011100107071,Q4_2023
211110000000.0,East Metro,39,Q4,2023,1410.0,1410.0,226,G21011100107072,Q4_2023
211110000000.0,East Metro,39,Q4,2023,1440.0,1410.0,264,G21011100107081,Q4_2023
211110000000.0,East Metro,39,Q4,2023,1450.0,1410.0,278,G21011100107082,Q4_2023
211110000000.0,Central Taylorsville,39,Q4,2023,1249.0,1299.0,205,G21011100108001,Q4_2023
211110000000.0,Central Taylorsville,39,Q4,2023,1299.0,1299.0,131,G21011100108003,Q4_2023
211110000000.0,Central Bardstown,39,Q4,2023,1032.5,1350.0,82,G21011100110035,Q4_2023
211110000000.0,Central Bardstown,39,Q4,2023,1045.0,1350.0,91,G21011100110053,Q4_2023
211110000000.0,Central Taylorsville,39,Q4,2023,1050.0,1299.0,158,G21011100110091,Q4_2023
211110000000.0,Central Taylorsville,39,Q4,2023,1040.0,1299.0,162,G21011100110092,Q4_2023
211110000000.0,Central Taylorsville,39,Q4,2023,1000.0,1299.0,171,G21011100110093,Q4_2023
211110000000.0,Central Bardstown,39,Q4,2023,1695.0,1350.0,31,G21011100111103,Q4_2023
211110000000.0,Central Taylorsville,39,Q4,2023,1465.0,1299.0,132,G21011100111112,Q4_2023
211110000000.0,Central Taylorsville,39,Q4,2023,1215.0,1299.0,142,G21011100111113,Q4_2023
211110000000.0,Central Taylorsville,39,Q4,2023,1470.0,1299.0,129,G21011100111121,Q4_2023
211110000000.0,Central Taylorsville,39,Q4,2023,1325.0,1299.0,176,G21011100111122,Q4_2023
211110000000.0,Central Taylorsville,39,Q4,2023,1340.0,1299.0,99,G21011100111181,Q4_2023
211110000000.0,Central Taylorsville,39,Q4,2023,1325.0,1299.0,96,G21011100111182,Q4_2023
211110000000.0,Central Bardstown,39,Q4,2023,1125.0,1350.0,91,G21011100112021,Q4_2023
211110000000.0,Central Bardstown,39,Q4,2023,1450.0,1350.0,44,G21011100115064,Q4_2023
211110000000.0,Central Bardstown,39,Q4,2023,2065.0,1350.0,32,G21011100115092,Q4_2023
211110000000.0,Central Bardstown,39,Q4,2023,1825.0,1350.0,41,G21011100115093,Q4_2023
211110000000.0,Central Bardstown,39,Q4,2023,2075.0,1350.0,40,G21011100115153,Q4_2023
211110000000.0,Central Bardstown,39,Q4,2023,1905.0,1350.0,36,G21011100115154,Q4_2023
211110000000.0,South Floyd's Fork,39,Q4,2023,1393.0,1397.0,262,G21011100116051,Q4_2023
211110000000.0,South Floyd's Fork,39,Q4,2023,1397.0,1397.0,294,G21011100116053,Q4_2023
211110000000.0,McNeely Lake,39,Q4,2023,1850.0,1700.0,55,G21011100117112,Q4_2023
211110000000.0,McNeely Lake,39,Q4,2023,1850.0,1700.0,63,G21011100117113,Q4_2023
211110000000.0,McNeely Lake,39,Q4,2023,1397.5,1700.0,34,G21011100117122,Q4_2023
211110000000.0,South-Central Dixie,39,Q4,2023,1348.0,1399.0,45,G21011100121051,Q4_2023
211110000000.0,South-Central Dixie,39,Q4,2023,1425.0,1399.0,93,G21011100121053,Q4_2023
211110000000.0,South-Central Dixie,39,Q4,2023,1436.5,1399.0,90,G21011100121054,Q4_2023
211110000000.0,South-Central Dixie,39,Q4,2023,1400.0,1399.0,63,G21011100121081,Q4_2023
211110000000.0,South-Central Dixie,39,Q4,2023,1395.0,1399.0,70,G21011100121091,Q4_2023
211110000000.0,South-Central Dixie,39,Q4,2023,1350.0,1399.0,56,G21011100121092,Q4_2023
211110000000.0,South-Central Dixie,39,Q4,2023,1050.0,1399.0,124,G21011100122031,Q4_2023
211110000000.0,Iroquois Park,39,Q4,2023,1006.0,1085.0,81,G21011100122043,Q4_2023
211110000000.0,Iroquois Park,39,Q4,2023,950.0,1085.0,118,G21011100123021,Q4_2023
211110000000.0,Iroquois Park,39,Q4,2023,995.0,1085.0,115,G21011100123022,Q4_2023
211110000000.0,South-Central Dixie,39,Q4,2023,1436.5,1399.0,60,G21011100124092,Q4_2023
211110000000.0,South-Central Dixie,39,Q4,2023,1475.0,1399.0,83,G21011100124093,Q4_2023
211110000000.0,South-Central Dixie,39,Q4,2023,1002.5,1399.0,128,G21011100125021,Q4_2023
211110000000.0,Southwest Core,40,Q4,2023,1025.0,1095.0,163,G21011100128021,Q4_2023
211110000000.0,Northwest Core,40,Q1,2024,1017.0,1060.0,225,G21011100023003,Q1_2024
211110000000.0,West Core,40,Q1,2024,992.5,1085.0,400,G21011100027001,Q1_2024
211110000000.0,Northwest Core,41,Q1,2024,1075.0,1060.0,350,G21011100030001,Q1_2024
211110000000.0,Northwest Core,41,Q1,2024,1065.0,1060.0,434,G21011100030002,Q1_2024
211110000000.0,West Core,41,Q1,2024,999.0,1085.0,647,G21011100035011,Q1_2024
211110000000.0,West Core,41,Q1,2024,1049.0,1085.0,486,G21011100035021,Q1_2024
211110000000.0,Southwest Core,41,Q1,2024,1150.0,1100.0,313,G21011100036001,Q1_2024
211110000000.0,Southwest Core,40,Q1,2024,1100.0,1100.0,272,G21011100036002,Q1_2024
211110000000.0,Southwest Core,40,Q1,2024,1095.0,1100.0,302,G21011100036003,Q1_2024
211110000000.0,Southwest Core,41,Q1,2024,1150.0,1100.0,283,G21011100036004,Q1_2024
211110000000.0,Southwest Core,41,Q1,2024,1095.0,1100.0,223,G21011100036005,Q1_2024
211110000000.0,University,41,Q1,2024,1250.0,1099.0,348,G21011100037001,Q1_2024
211110000000.0,University,41,Q1,2024,1150.0,1099.0,341,G21011100037002,Q1_2024
211110000000.0,Southwest Core,41,Q1,2024,1125.0,1100.0,413,G21011100038001,Q1_2024
211110000000.0,Southwest Core,41,Q1,2024,1050.0,1100.0,371,G21011100038002,Q1_2024
211110000000.0,Southwest Core,41,Q1,2024,1085.0,1100.0,314,G21011100038003,Q1_2024
211110000000.0,Southwest Core,41,Q1,2024,1100.0,1100.0,258,G21011100039001,Q1_2024
211110000000.0,Southwest Core,41,Q1,2024,1050.0,1100.0,200,G21011100039002,Q1_2024
211110000000.0,Southwest Core,40,Q1,2024,1150.0,1100.0,333,G21011100041001,Q1_2024
211110000000.0,Downtown,41,Q1,2024,1099.0,1262.0,191,G21011100049000,Q1_2024
211110000000.0,Downtown,41,Q1,2024,1215.0,1262.0,1015,G21011100049001,Q1_2024
211110000000.0,Downtown,41,Q1,2024,1073.5,1262.0,570,G21011100049002,Q1_2024
211110000000.0,Downtown,41,Q1,2024,1343.0,1262.0,762,G21011100049003,Q1_2024
211110000000.0,Downtown,41,Q1,2024,1030.0,1262.0,719,G21011100050001,Q1_2024
211110000000.0,Downtown,41,Q1,2024,1069.0,1262.0,941,G21011100050002,Q1_2024
211110000000.0,University,41,Q1,2024,995.0,1099.0,827,G21011100051001,Q1_2024
211110000000.0,University,41,Q1,2024,1025.0,1099.0,961,G21011100051002,Q1_2024
211110000000.0,University,41,Q1,2024,1000.0,1099.0,918,G21011100051003,Q1_2024
211110000000.0,University,41,Q1,2024,999.0,1099.0,850,G21011100052001,Q1_2024
211110000000.0,University,41,Q1,2024,999.0,1099.0,793,G21011100052002,Q1_2024
211110000000.0,University,41,Q1,2024,975.0,1099.0,774,G21011100052003,Q1_2024
211110000000.0,University,41,Q1,2024,1050.0,1099.0,772,G21011100053001,Q1_2024
211110000000.0,University,41,Q1,2024,1100.0,1099.0,665,G21011100053002,Q1_2024
211110000000.0,Downtown,41,Q1,2024,1342.0,1262.0,981,G21011100059011,Q1_2024
211110000000.0,Downtown,41,Q1,2024,1394.5,1262.0,952,G21011100059012,Q1_2024
211110000000.0,Downtown,41,Q1,2024,1518.0,1262.0,713,G21011100059021,Q1_2024
211110000000.0,Downtown,41,Q1,2024,1498.0,1262.0,801,G21011100059022,Q1_2024
211110000000.0,Downtown,41,Q1,2024,1492.0,1262.0,872,G21011100059023,Q1_2024
211110000000.0,Downtown,41,Q1,2024,1340.0,1262.0,965,G21011100062001,Q1_2024
211110000000.0,Downtown,41,Q1,2024,1120.0,1262.0,1049,G21011100062002,Q1_2024
211110000000.0,Southeast Core,41,Q1,2024,1300.0,1325.0,667,G21011100063001,Q1_2024
211110000000.0,Southeast Core,41,Q1,2024,1299.0,1325.0,775,G21011100063002,Q1_2024
211110000000.0,Southeast Core,41,Q1,2024,1300.0,1325.0,690,G21011100064001,Q1_2024
211110000000.0,Southeast Core,41,Q1,2024,1350.0,1325.0,667,G21011100064002,Q1_2024
211110000000.0,University,41,Q1,2024,1117.0,1099.0,1042,G21011100065001,Q1_2024
211110000000.0,University,41,Q1,2024,1262.0,1099.0,829,G21011100065002,Q1_2024
211110000000.0,University,41,Q1,2024,1100.0,1099.0,978,G21011100065003,Q1_2024
211110000000.0,University,41,Q1,2024,1195.0,1099.0,889,G21011100065004,Q1_2024
211110000000.0,University,41,Q1,2024,1072.0,1099.0,1041,G21011100066001,Q1_2024
211110000000.0,University,41,Q1,2024,1095.0,1099.0,906,G21011100066002,Q1_2024
211110000000.0,Southeast Core,41,Q1,2024,1350.0,1325.0,531,G21011100068001,Q1_2024
211110000000.0,Southeast Core,41,Q1,2024,1400.0,1325.0,515,G21011100068002,Q1_2024
211110000000.0,Southeast Core,41,Q1,2024,1349.5,1325.0,634,G21011100068003,Q1_2024
211110000000.0,Southeast Core,41,Q1,2024,1350.0,1325.0,623,G21011100069001,Q1_2024
211110000000.0,Southeast Core,41,Q1,2024,1350.0,1325.0,468,G21011100069002,Q1_2024
211110000000.0,Southeast Core,41,Q1,2024,1350.0,1325.0,578,G21011100069003,Q1_2024
211110000000.0,Southeast Core,41,Q1,2024,1425.0,1325.0,366,G21011100070001,Q1_2024
211110000000.0,Southeast Core,40,Q1,2024,1600.0,1325.0,327,G21011100070002,Q1_2024
211110000000.0,University,40,Q1,2024,1530.0,1099.0,213,G21011100071021,Q1_2024
211110000000.0,University,41,Q1,2024,1295.0,1099.0,605,G21011100071022,Q1_2024
211110000000.0,University,41,Q1,2024,1195.0,1099.0,899,G21011100071023,Q1_2024
211110000000.0,University,41,Q1,2024,1200.0,1099.0,455,G21011100071024,Q1_2024
211110000000.0,University,41,Q1,2024,1300.0,1099.0,487,G21011100071025,Q1_2024
211110000000.0,Northeast Core,41,Q1,2024,1350.0,1337.0,462,G21011100074001,Q1_2024
211110000000.0,Northeast Core,41,Q1,2024,1350.0,1337.0,239,G21011100074002,Q1_2024
211110000000.0,Northeast Core,41,Q1,2024,1251.0,1337.0,358,G21011100076011,Q1_2024
211110000000.0,Northeast Core,41,Q1,2024,1250.0,1337.0,223,G21011100076012,Q1_2024
211110000000.0,Northeast Core,41,Q1,2024,1299.0,1337.0,325,G21011100076021,Q1_2024
211110000000.0,Northeast Core,41,Q1,2024,1250.0,1337.0,327,G21011100076022,Q1_2024
211110000000.0,Northeast Core,40,Q1,2024,1219.0,1337.0,211,G21011100076031,Q1_2024
211110000000.0,Northeast Core,41,Q1,2024,1201.0,1337.0,193,G21011100076032,Q1_2024
211110000000.0,Northeast Core,41,Q1,2024,1250.0,1337.0,252,G21011100076033,Q1_2024
211110000000.0,Northeast Core,41,Q1,2024,1295.0,1337.0,197,G21011100079001,Q1_2024
211110000000.0,Northeast Core,41,Q1,2024,1250.0,1337.0,303,G21011100079002,Q1_2024
211110000000.0,Northeast Core,41,Q1,2024,1329.0,1337.0,469,G21011100081001,Q1_2024
211110000000.0,Northeast Core,41,Q1,2024,1400.0,1337.0,500,G21011100081002,Q1_2024
211110000000.0,Northeast Core,41,Q1,2024,1489.0,1337.0,911,G21011100081003,Q1_2024
211110000000.0,Southeast Core,41,Q1,2024,1299.0,1325.0,615,G21011100082011,Q1_2024
211110000000.0,Southeast Core,40,Q1,2024,1219.0,1325.0,458,G21011100082012,Q1_2024
211110000000.0,Southeast Core,41,Q1,2024,1350.0,1325.0,581,G21011100082021,Q1_2024
211110000000.0,Southeast Core,40,Q1,2024,1250.0,1325.0,541,G21011100082022,Q1_2024
211110000000.0,Southeast Core,41,Q1,2024,1219.0,1325.0,474,G21011100083001,Q1_2024
211110000000.0,Southeast Core,41,Q1,2024,1299.0,1325.0,558,G21011100083002,Q1_2024
211110000000.0,Southeast Core,41,Q1,2024,1300.0,1325.0,552,G21011100083003,Q1_2024
211110000000.0,Southeast Core,40,Q1,2024,1295.0,1325.0,296,G21011100084001,Q1_2024
211110000000.0,Southeast Core,40,Q1,2024,1250.0,1325.0,397,G21011100084002,Q1_2024
211110000000.0,Southeast Core,40,Q1,2024,1247.5,1325.0,388,G21011100084003,Q1_2024
211110000000.0,Southeast Core,40,Q1,2024,1250.0,1325.0,393,G21011100085001,Q1_2024
211110000000.0,Southeast Core,40,Q1,2024,1286.5,1325.0,298,G21011100085002,Q1_2024
211110000000.0,East Core,40,Q1,2024,1350.0,1360.0,194,G21011100087004,Q1_2024
211110000000.0,Southeast Core,40,Q1,2024,1300.0,1325.0,214,G21011100088001,Q1_2024
211110000000.0,Southeast Core,40,Q1,2024,1300.0,1325.0,283,G21011100088002,Q1_2024
211110000000.0,Southeast Core,40,Q1,2024,1397.0,1325.0,128,G21011100088003,Q1_2024
211110000000.0,Southeast Core,40,Q1,2024,1350.0,1325.0,145,G21011100089001,Q1_2024
211110000000.0,Southeast Core,40,Q1,2024,1399.5,1325.0,194,G21011100089002,Q1_2024
211110000000.0,Southeast Core,40,Q1,2024,1300.0,1325.0,275,G21011100089003,Q1_2024
211110000000.0,Southeast Core,40,Q1,2024,1350.0,1325.0,223,G21011100089004,Q1_2024
211110000000.0,Southeast Core,40,Q1,2024,1350.0,1325.0,209,G21011100093002,Q1_2024
211110000000.0,Southeast Core,40,Q1,2024,1600.0,1325.0,229,G21011100093003,Q1_2024
211110000000.0,Southeast Core,40,Q1,2024,1462.5,1325.0,178,G21011100093005,Q1_2024
211110000000.0,Southeast Core,40,Q1,2024,1250.0,1325.0,128,G21011100096001,Q1_2024
211110000000.0,East Core,40,Q1,2024,1348.5,1360.0,312,G21011100099001,Q1_2024
211110000000.0,East Core,40,Q1,2024,1344.0,1360.0,255,G21011100099002,Q1_2024
211110000000.0,East Core,41,Q1,2024,1325.0,1360.0,154,G21011100099003,Q1_2024
211110000000.0,East Metro,40,Q1,2024,1375.0,1430.0,207,G21011100100041,Q1_2024
211110000000.0,East Metro,40,Q1,2024,1430.0,1430.0,196,G21011100100042,Q1_2024
211110000000.0,East Metro,40,Q1,2024,1322.0,1430.0,318,G21011100100043,Q1_2024
211110000000.0,East Metro,40,Q1,2024,1375.0,1430.0,178,G21011100100044,Q1_2024
211110000000.0,East Metro,40,Q1,2024,1316.0,1430.0,257,G21011100100054,Q1_2024
211110000000.0,East Metro,40,Q1,2024,1316.0,1430.0,270,G21011100100055,Q1_2024
211110000000.0,East Metro,40,Q1,2024,1370.0,1430.0,281,G21011100100063,Q1_2024
211110000000.0,East Metro,40,Q1,2024,1360.0,1430.0,308,G21011100101021,Q1_2024
211110000000.0,East Metro,40,Q1,2024,1287.5,1430.0,250,G21011100101031,Q1_2024
211110000000.0,East Metro,40,Q1,2024,1252.0,1430.0,267,G21011100101032,Q1_2024
211110000000.0,East Metro,40,Q1,2024,1275.0,1430.0,289,G21011100101033,Q1_2024
211110000000.0,East Metro,40,Q1,2024,1257.0,1430.0,269,G21011100101034,Q1_2024
211110000000.0,East Metro,40,Q1,2024,1335.0,1430.0,260,G21011100101041,Q1_2024
211110000000.0,East Metro,40,Q1,2024,1287.0,1430.0,241,G21011100101042,Q1_2024
211110000000.0,East Metro,40,Q1,2024,1322.0,1430.0,334,G21011100101043,Q1_2024
211110000000.0,East Metro,40,Q1,2024,1570.5,1430.0,482,G21011100103091,Q1_2024
211110000000.0,East Metro,40,Q1,2024,1588.0,1430.0,455,G21011100103092,Q1_2024
211110000000.0,East Metro,40,Q1,2024,1366.0,1430.0,175,G21011100103093,Q1_2024
211110000000.0,Northeast Metro,40,Q1,2024,1899.0,1799.0,352,G21011100103133,Q1_2024
211110000000.0,Northeast Metro,40,Q1,2024,1913.5,1799.0,356,G21011100103134,Q1_2024
211110000000.0,North Floyd's Fork,40,Q1,2024,1541.0,1588.0,517,G21011100103191,Q1_2024
211110000000.0,North Floyd's Fork,40,Q1,2024,1550.0,1588.0,213,G21011100103192,Q1_2024
211110000000.0,North Floyd's Fork,40,Q1,2024,1541.0,1588.0,541,G21011100103193,Q1_2024
211110000000.0,North Floyd's Fork,40,Q1,2024,1590.0,1588.0,436,G21011100103202,Q1_2024
211110000000.0,North Floyd's Fork,40,Q1,2024,1587.5,1588.0,450,G21011100103203,Q1_2024
211110000000.0,North Floyd's Fork,40,Q1,2024,1699.0,1588.0,165,G21011100103231,Q1_2024
211110000000.0,North Floyd's Fork,40,Q1,2024,1321.5,1588.0,108,G21011100103241,Q1_2024
211110000000.0,East Metro,40,Q1,2024,1399.0,1430.0,273,G21011100104072,Q1_2024
211110000000.0,East Core,41,Q1,2024,1284.0,1360.0,256,G21011100105002,Q1_2024
211110000000.0,East Core,41,Q1,2024,1239.5,1360.0,144,G21011100105003,Q1_2024
211110000000.0,East Core,40,Q1,2024,1265.0,1360.0,151,G21011100105004,Q1_2024
211110000000.0,East Core,40,Q1,2024,1347.0,1360.0,395,G21011100106011,Q1_2024
211110000000.0,East Core,41,Q1,2024,1300.0,1360.0,291,G21011100106012,Q1_2024
211110000000.0,East Core,40,Q1,2024,1338.0,1360.0,448,G21011100106021,Q1_2024
211110000000.0,East Core,40,Q1,2024,1384.5,1360.0,446,G21011100106022,Q1_2024
211110000000.0,East Core,40,Q1,2024,1389.0,1360.0,412,G21011100106023,Q1_2024
211110000000.0,East Metro,40,Q1,2024,1550.0,1430.0,277,G21011100107011,Q1_2024
211110000000.0,East Metro,40,Q1,2024,1499.0,1430.0,197,G21011100107012,Q1_2024
211110000000.0,East Metro,40,Q1,2024,1550.0,1430.0,288,G21011100107013,Q1_2024
211110000000.0,East Metro,40,Q1,2024,1405.0,1430.0,181,G21011100107014,Q1_2024
211110000000.0,East Metro,40,Q1,2024,1550.0,1430.0,181,G21011100107015,Q1_2024
211110000000.0,Central Taylorsville,40,Q1,2024,1327.0,1369.0,105,G21011100107021,Q1_2024
211110000000.0,Central Taylorsville,40,Q1,2024,1390.0,1369.0,115,G21011100107022,Q1_2024
211110000000.0,Central Taylorsville,40,Q1,2024,1534.5,1369.0,122,G21011100107023,Q1_2024
211110000000.0,East Metro,40,Q1,2024,1500.0,1430.0,215,G21011100107061,Q1_2024
211110000000.0,East Metro,40,Q1,2024,1540.0,1430.0,150,G21011100107071,Q1_2024
211110000000.0,East Metro,40,Q1,2024,1515.0,1430.0,221,G21011100107072,Q1_2024
211110000000.0,East Metro,40,Q1,2024,1500.0,1430.0,287,G21011100107081,Q1_2024
211110000000.0,East Metro,40,Q1,2024,1530.0,1430.0,351,G21011100107082,Q1_2024
211110000000.0,Central Taylorsville,40,Q1,2024,1353.0,1369.0,240,G21011100108001,Q1_2024
211110000000.0,Central Taylorsville,40,Q1,2024,1349.0,1369.0,125,G21011100108003,Q1_2024
211110000000.0,Central Bardstown,40,Q1,2024,1299.0,1301.0,72,G21011100110035,Q1_2024
211110000000.0,Central Bardstown,40,Q1,2024,1030.0,1301.0,120,G21011100110053,Q1_2024
211110000000.0,Central Taylorsville,40,Q1,2024,1219.0,1369.0,120,G21011100110091,Q1_2024
211110000000.0,Central Taylorsville,40,Q1,2024,1199.0,1369.0,125,G21011100110092,Q1_2024
211110000000.0,Central Taylorsville,40,Q1,2024,1175.0,1369.0,130,G21011100110093,Q1_2024
211110000000.0,Central Bardstown,40,Q1,2024,1750.0,1301.0,31,G21011100111103,Q1_2024
211110000000.0,Central Taylorsville,40,Q1,2024,1430.0,1369.0,121,G21011100111112,Q1_2024
211110000000.0,Central Taylorsville,40,Q1,2024,1319.0,1369.0,124,G21011100111113,Q1_2024
211110000000.0,Central Taylorsville,40,Q1,2024,1477.5,1369.0,128,G21011100111121,Q1_2024
211110000000.0,Central Taylorsville,40,Q1,2024,1341.0,1369.0,175,G21011100111122,Q1_2024
211110000000.0,Central Taylorsville,40,Q1,2024,1550.0,1369.0,117,G21011100111181,Q1_2024
211110000000.0,Central Taylorsville,40,Q1,2024,1380.0,1369.0,92,G21011100111182,Q1_2024
211110000000.0,Central Bardstown,40,Q1,2024,1250.0,1301.0,121,G21011100112021,Q1_2024
211110000000.0,Central Bardstown,40,Q1,2024,1029.0,1301.0,51,G21011100115064,Q1_2024
211110000000.0,Central Bardstown,40,Q1,2024,1945.0,1301.0,49,G21011100115092,Q1_2024
211110000000.0,Central Bardstown,40,Q1,2024,1960.0,1301.0,41,G21011100115093,Q1_2024
211110000000.0,Central Bardstown,40,Q1,2024,2030.0,1301.0,55,G21011100115153,Q1_2024
211110000000.0,Central Bardstown,40,Q1,2024,1945.0,1301.0,58,G21011100115154,Q1_2024
211110000000.0,South Floyd's Fork,40,Q1,2024,1409.0,1419.0,311,G21011100116051,Q1_2024
211110000000.0,South Floyd's Fork,40,Q1,2024,1419.0,1419.0,367,G21011100116053,Q1_2024
211110000000.0,McNeely Lake,40,Q1,2024,1647.5,1745.0,32,G21011100117112,Q1_2024
211110000000.0,McNeely Lake,40,Q1,2024,1900.0,1745.0,40,G21011100117113,Q1_2024
211110000000.0,McNeely Lake,40,Q1,2024,1399.0,1745.0,33,G21011100117122,Q1_2024
211110000000.0,South-Central Dixie,40,Q1,2024,1299.0,1300.0,37,G21011100121051,Q1_2024
211110000000.0,South-Central Dixie,40,Q1,2024,1308.0,1300.0,52,G21011100121053,Q1_2024
211110000000.0,South-Central Dixie,40,Q1,2024,1350.0,1300.0,62,G21011100121054,Q1_2024
211110000000.0,South-Central Dixie,40,Q1,2024,1340.0,1300.0,60,G21011100121081,Q1_2024
211110000000.0,South-Central Dixie,40,Q1,2024,1300.0,1300.0,49,G21011100121091,Q1_2024
211110000000.0,South-Central Dixie,40,Q1,2024,1300.0,1300.0,42,G21011100121092,Q1_2024
211110000000.0,South-Central Dixie,40,Q1,2024,1065.0,1300.0,147,G21011100122031,Q1_2024
211110000000.0,Iroquois Park,40,Q1,2024,1054.0,1100.0,121,G21011100122043,Q1_2024
211110000000.0,Iroquois Park,40,Q1,2024,1033.0,1100.0,153,G21011100123021,Q1_2024
211110000000.0,Iroquois Park,40,Q1,2024,1087.0,1100.0,108,G21011100123022,Q1_2024
211110000000.0,South-Central Dixie,40,Q1,2024,1390.5,1300.0,54,G21011100124092,Q1_2024
211110000000.0,South-Central Dixie,40,Q1,2024,1375.0,1300.0,57,G21011100124093,Q1_2024
211110000000.0,South-Central Dixie,40,Q1,2024,1087.0,1300.0,122,G21011100125021,Q1_2024
211110000000.0,Southwest Core,41,Q1,2024,1000.0,1100.0,143,G21011100128021,Q1_2024
211110000000.0,Northwest Core,41,Q2,2024,1045.0,1095.0,281,G21011100023003,Q2_2024
211110000000.0,West Core,41,Q2,2024,950.0,1125.0,446,G21011100027001,Q2_2024
211110000000.0,Northwest Core,42,Q2,2024,1095.0,1095.0,470,G21011100030001,Q2_2024
211110000000.0,Northwest Core,42,Q2,2024,1071.0,1095.0,545,G21011100030002,Q2_2024
211110000000.0,West Core,42,Q2,2024,975.0,1125.0,724,G21011100035011,Q2_2024
211110000000.0,West Core,42,Q2,2024,1002.5,1125.0,536,G21011100035021,Q2_2024
211110000000.0,Southwest Core,42,Q2,2024,1195.0,1149.0,363,G21011100036001,Q2_2024
211110000000.0,Southwest Core,41,Q2,2024,1197.5,1149.0,318,G21011100036002,Q2_2024
211110000000.0,Southwest Core,41,Q2,2024,1175.0,1149.0,336,G21011100036003,Q2_2024
211110000000.0,Southwest Core,42,Q2,2024,1195.0,1149.0,336,G21011100036004,Q2_2024
211110000000.0,Southwest Core,42,Q2,2024,1100.0,1149.0,253,G21011100036005,Q2_2024
211110000000.0,University,42,Q2,2024,1275.0,1099.0,421,G21011100037001,Q2_2024
211110000000.0,University,42,Q2,2024,1175.0,1099.0,402,G21011100037002,Q2_2024
211110000000.0,Southwest Core,42,Q2,2024,1100.0,1149.0,471,G21011100038001,Q2_2024
211110000000.0,Southwest Core,42,Q2,2024,1050.0,1149.0,427,G21011100038002,Q2_2024
211110000000.0,Southwest Core,42,Q2,2024,1050.0,1149.0,412,G21011100038003,Q2_2024
211110000000.0,Southwest Core,42,Q2,2024,1100.0,1149.0,310,G21011100039001,Q2_2024
211110000000.0,Southwest Core,42,Q2,2024,1029.0,1149.0,245,G21011100039002,Q2_2024
211110000000.0,Southwest Core,41,Q2,2024,1225.0,1149.0,372,G21011100041001,Q2_2024
211110000000.0,Downtown,42,Q2,2024,1175.0,1350.0,256,G21011100049000,Q2_2024
211110000000.0,Downtown,42,Q2,2024,1316.0,1350.0,1488,G21011100049001,Q2_2024
211110000000.0,Downtown,42,Q2,2024,1079.0,1350.0,697,G21011100049002,Q2_2024
211110000000.0,Downtown,42,Q2,2024,1435.0,1350.0,1201,G21011100049003,Q2_2024
211110000000.0,Downtown,42,Q2,2024,1039.0,1350.0,883,G21011100050001,Q2_2024
211110000000.0,Downtown,42,Q2,2024,1059.0,1350.0,1075,G21011100050002,Q2_2024
211110000000.0,University,42,Q2,2024,969.0,1099.0,953,G21011100051001,Q2_2024
211110000000.0,University,42,Q2,2024,975.0,1099.0,1079,G21011100051002,Q2_2024
211110000000.0,University,42,Q2,2024,975.0,1099.0,1046,G21011100051003,Q2_2024
211110000000.0,University,42,Q2,2024,950.0,1099.0,928,G21011100052001,Q2_2024
211110000000.0,University,42,Q2,2024,950.0,1099.0,879,G21011100052002,Q2_2024
211110000000.0,University,42,Q2,2024,925.0,1099.0,856,G21011100052003,Q2_2024
211110000000.0,University,42,Q2,2024,1000.0,1099.0,849,G21011100053001,Q2_2024
211110000000.0,University,42,Q2,2024,1150.0,1099.0,727,G21011100053002,Q2_2024
211110000000.0,Downtown,42,Q2,2024,1400.0,1350.0,1433,G21011100059011,Q2_2024
211110000000.0,Downtown,42,Q2,2024,1443.0,1350.0,1433,G21011100059012,Q2_2024
211110000000.0,Downtown,42,Q2,2024,1521.0,1350.0,1071,G21011100059021,Q2_2024
211110000000.0,Downtown,42,Q2,2024,1514.0,1350.0,1221,G21011100059022,Q2_2024
211110000000.0,Downtown,42,Q2,2024,1501.0,1350.0,1301,G21011100059023,Q2_2024
211110000000.0,Downtown,42,Q2,2024,1448.0,1350.0,1352,G21011100062001,Q2_2024
211110000000.0,Downtown,42,Q2,2024,1195.0,1350.0,1260,G21011100062002,Q2_2024
211110000000.0,Southeast Core,42,Q2,2024,1400.0,1450.0,697,G21011100063001,Q2_2024
211110000000.0,Southeast Core,42,Q2,2024,1399.0,1450.0,767,G21011100063002,Q2_2024
211110000000.0,Southeast Core,42,Q2,2024,1399.5,1450.0,746,G21011100064001,Q2_2024
211110000000.0,Southeast Core,42,Q2,2024,1499.0,1450.0,732,G21011100064002,Q2_2024
211110000000.0,University,42,Q2,2024,1155.0,1099.0,1167,G21011100065001,Q2_2024
211110000000.0,University,42,Q2,2024,1303.0,1099.0,882,G21011100065002,Q2_2024
211110000000.0,University,42,Q2,2024,1100.0,1099.0,1123,G21011100065003,Q2_2024
211110000000.0,University,42,Q2,2024,1250.0,1099.0,950,G21011100065004,Q2_2024
211110000000.0,University,42,Q2,2024,1050.0,1099.0,1199,G21011100066001,Q2_2024
211110000000.0,University,42,Q2,2024,1083.0,1099.0,1036,G21011100066002,Q2_2024
211110000000.0,Southeast Core,42,Q2,2024,1575.0,1450.0,562,G21011100068001,Q2_2024
211110000000.0,Southeast Core,42,Q2,2024,1600.0,1450.0,543,G21011100068002,Q2_2024
211110000000.0,Southeast Core,42,Q2,2024,1450.0,1450.0,697,G21011100068003,Q2_2024
211110000000.0,Southeast Core,42,Q2,2024,1500.0,1450.0,639,G21011100069001,Q2_2024
211110000000.0,Southeast Core,42,Q2,2024,1600.0,1450.0,480,G21011100069002,Q2_2024
211110000000.0,Southeast Core,42,Q2,2024,1500.0,1450.0,569,G21011100069003,Q2_2024
211110000000.0,Southeast Core,42,Q2,2024,1675.0,1450.0,399,G21011100070001,Q2_2024
211110000000.0,Southeast Core,41,Q2,2024,1797.5,1450.0,384,G21011100070002,Q2_2024
211110000000.0,University,41,Q2,2024,1750.0,1099.0,270,G21011100071021,Q2_2024
211110000000.0,University,42,Q2,2024,1350.0,1099.0,676,G21011100071022,Q2_2024
211110000000.0,University,42,Q2,2024,1200.0,1099.0,985,G21011100071023,Q2_2024
211110000000.0,University,42,Q2,2024,1300.0,1099.0,502,G21011100071024,Q2_2024
211110000000.0,University,42,Q2,2024,1325.0,1099.0,541,G21011100071025,Q2_2024
211110000000.0,Northeast Core,42,Q2,2024,1395.0,1356.0,527,G21011100074001,Q2_2024
211110000000.0,Northeast Core,42,Q2,2024,1356.0,1356.0,319,G21011100074002,Q2_2024
211110000000.0,Northeast Core,42,Q2,2024,1250.0,1356.0,399,G21011100076011,Q2_2024
211110000000.0,Northeast Core,42,Q2,2024,1169.5,1356.0,214,G21011100076012,Q2_2024
211110000000.0,Northeast Core,42,Q2,2024,1298.0,1356.0,403,G21011100076021,Q2_2024
211110000000.0,Northeast Core,42,Q2,2024,1259.0,1356.0,380,G21011100076022,Q2_2024
211110000000.0,Northeast Core,41,Q2,2024,1232.0,1356.0,277,G21011100076031,Q2_2024
211110000000.0,Northeast Core,42,Q2,2024,1232.0,1356.0,248,G21011100076032,Q2_2024
211110000000.0,Northeast Core,42,Q2,2024,1222.0,1356.0,306,G21011100076033,Q2_2024
211110000000.0,Northeast Core,42,Q2,2024,1195.0,1356.0,187,G21011100079001,Q2_2024
211110000000.0,Northeast Core,42,Q2,2024,1219.0,1356.0,320,G21011100079002,Q2_2024
211110000000.0,Northeast Core,42,Q2,2024,1350.0,1356.0,531,G21011100081001,Q2_2024
211110000000.0,Northeast Core,42,Q2,2024,1485.0,1356.0,582,G21011100081002,Q2_2024
211110000000.0,Northeast Core,42,Q2,2024,1504.0,1356.0,1285,G21011100081003,Q2_2024
211110000000.0,Southeast Core,42,Q2,2024,1399.0,1450.0,686,G21011100082011,Q2_2024
211110000000.0,Southeast Core,41,Q2,2024,1299.0,1450.0,497,G21011100082012,Q2_2024
211110000000.0,Southeast Core,42,Q2,2024,1450.0,1450.0,656,G21011100082021,Q2_2024
211110000000.0,Southeast Core,41,Q2,2024,1397.0,1450.0,597,G21011100082022,Q2_2024
211110000000.0,Southeast Core,42,Q2,2024,1299.0,1450.0,493,G21011100083001,Q2_2024
211110000000.0,Southeast Core,42,Q2,2024,1350.0,1450.0,612,G21011100083002,Q2_2024
211110000000.0,Southeast Core,42,Q2,2024,1500.0,1450.0,586,G21011100083003,Q2_2024
211110000000.0,Southeast Core,41,Q2,2024,1350.0,1450.0,302,G21011100084001,Q2_2024
211110000000.0,Southeast Core,41,Q2,2024,1300.0,1450.0,383,G21011100084002,Q2_2024
211110000000.0,Southeast Core,41,Q2,2024,1295.0,1450.0,373,G21011100084003,Q2_2024
211110000000.0,Southeast Core,41,Q2,2024,1300.0,1450.0,426,G21011100085001,Q2_2024
211110000000.0,Southeast Core,41,Q2,2024,1337.5,1450.0,326,G21011100085002,Q2_2024
211110000000.0,East Core,41,Q2,2024,1300.0,1492.0,214,G21011100087004,Q2_2024
211110000000.0,Southeast Core,41,Q2,2024,1350.0,1450.0,229,G21011100088001,Q2_2024
211110000000.0,Southeast Core,41,Q2,2024,1350.0,1450.0,300,G21011100088002,Q2_2024
211110000000.0,Southeast Core,41,Q2,2024,1475.0,1450.0,155,G21011100088003,Q2_2024
211110000000.0,Southeast Core,41,Q2,2024,1475.0,1450.0,161,G21011100089001,Q2_2024
211110000000.0,Southeast Core,41,Q2,2024,1400.0,1450.0,213,G21011100089002,Q2_2024
211110000000.0,Southeast Core,41,Q2,2024,1350.0,1450.0,307,G21011100089003,Q2_2024
211110000000.0,Southeast Core,41,Q2,2024,1400.0,1450.0,229,G21011100089004,Q2_2024
211110000000.0,Southeast Core,41,Q2,2024,1595.0,1450.0,220,G21011100093002,Q2_2024
211110000000.0,Southeast Core,41,Q2,2024,1800.0,1450.0,270,G21011100093003,Q2_2024
211110000000.0,Southeast Core,41,Q2,2024,1625.0,1450.0,238,G21011100093005,Q2_2024
211110000000.0,Southeast Core,41,Q2,2024,1175.0,1450.0,214,G21011100096001,Q2_2024
211110000000.0,East Core,41,Q2,2024,1406.5,1492.0,352,G21011100099001,Q2_2024
211110000000.0,East Core,41,Q2,2024,1469.0,1492.0,305,G21011100099002,Q2_2024
211110000000.0,East Core,42,Q2,2024,1690.0,1492.0,160,G21011100099003,Q2_2024
211110000000.0,East Metro,41,Q2,2024,1375.0,1459.0,283,G21011100100041,Q2_2024
211110000000.0,East Metro,41,Q2,2024,1430.0,1459.0,242,G21011100100042,Q2_2024
211110000000.0,East Metro,41,Q2,2024,1348.0,1459.0,434,G21011100100043,Q2_2024
211110000000.0,East Metro,41,Q2,2024,1369.0,1459.0,250,G21011100100044,Q2_2024
211110000000.0,East Metro,41,Q2,2024,1326.0,1459.0,329,G21011100100054,Q2_2024
211110000000.0,East Metro,41,Q2,2024,1335.0,1459.0,327,G21011100100055,Q2_2024
211110000000.0,East Metro,41,Q2,2024,1375.0,1459.0,369,G21011100100063,Q2_2024
211110000000.0,East Metro,41,Q2,2024,1390.0,1459.0,378,G21011100101021,Q2_2024
211110000000.0,East Metro,41,Q2,2024,1348.0,1459.0,295,G21011100101031,Q2_2024
211110000000.0,East Metro,41,Q2,2024,1265.0,1459.0,319,G21011100101032,Q2_2024
211110000000.0,East Metro,41,Q2,2024,1252.0,1459.0,386,G21011100101033,Q2_2024
211110000000.0,East Metro,41,Q2,2024,1258.0,1459.0,362,G21011100101034,Q2_2024
211110000000.0,East Metro,41,Q2,2024,1360.0,1459.0,305,G21011100101041,Q2_2024
211110000000.0,East Metro,41,Q2,2024,1330.0,1459.0,344,G21011100101042,Q2_2024
211110000000.0,East Metro,41,Q2,2024,1355.0,1459.0,434,G21011100101043,Q2_2024
211110000000.0,East Metro,41,Q2,2024,1648.0,1459.0,677,G21011100103091,Q2_2024
211110000000.0,East Metro,41,Q2,2024,1653.0,1459.0,648,G21011100103092,Q2_2024
211110000000.0,East Metro,41,Q2,2024,1442.0,1459.0,335,G21011100103093,Q2_2024
211110000000.0,Northeast Metro,41,Q2,2024,1795.0,1790.0,469,G21011100103133,Q2_2024
211110000000.0,Northeast Metro,41,Q2,2024,1792.5,1790.0,464,G21011100103134,Q2_2024
211110000000.0,North Floyd's Fork,41,Q2,2024,1592.5,1682.0,790,G21011100103191,Q2_2024
211110000000.0,North Floyd's Fork,41,Q2,2024,1575.0,1682.0,373,G21011100103192,Q2_2024
211110000000.0,North Floyd's Fork,41,Q2,2024,1645.0,1682.0,801,G21011100103193,Q2_2024
211110000000.0,North Floyd's Fork,41,Q2,2024,1706.5,1682.0,560,G21011100103202,Q2_2024
211110000000.0,North Floyd's Fork,41,Q2,2024,1683.0,1682.0,630,G21011100103203,Q2_2024
211110000000.0,North Floyd's Fork,41,Q2,2024,1795.0,1682.0,264,G21011100103231,Q2_2024
211110000000.0,North Floyd's Fork,41,Q2,2024,1870.0,1682.0,183,G21011100103241,Q2_2024
211110000000.0,East Metro,41,Q2,2024,1430.0,1459.0,483,G21011100104072,Q2_2024
211110000000.0,East Core,42,Q2,2024,1424.5,1492.0,290,G21011100105002,Q2_2024
211110000000.0,East Core,42,Q2,2024,1410.0,1492.0,173,G21011100105003,Q2_2024
211110000000.0,East Core,41,Q2,2024,1390.0,1492.0,241,G21011100105004,Q2_2024
211110000000.0,East Core,41,Q2,2024,1395.0,1492.0,471,G21011100106011,Q2_2024
211110000000.0,East Core,42,Q2,2024,1400.0,1492.0,331,G21011100106012,Q2_2024
211110000000.0,East Core,41,Q2,2024,1399.0,1492.0,497,G21011100106021,Q2_2024
211110000000.0,East Core,41,Q2,2024,1465.0,1492.0,467,G21011100106022,Q2_2024
211110000000.0,East Core,41,Q2,2024,1475.0,1492.0,437,G21011100106023,Q2_2024
211110000000.0,East Metro,41,Q2,2024,1570.0,1459.0,319,G21011100107011,Q2_2024
211110000000.0,East Metro,41,Q2,2024,1463.5,1459.0,258,G21011100107012,Q2_2024
211110000000.0,East Metro,41,Q2,2024,1549.0,1459.0,375,G21011100107013,Q2_2024
211110000000.0,East Metro,41,Q2,2024,1520.0,1459.0,187,G21011100107014,Q2_2024
211110000000.0,East Metro,41,Q2,2024,1570.0,1459.0,209,G21011100107015,Q2_2024
211110000000.0,Central Taylorsville,41,Q2,2024,1374.5,1388.0,206,G21011100107021,Q2_2024
211110000000.0,Central Taylorsville,41,Q2,2024,1375.0,1388.0,219,G21011100107022,Q2_2024
211110000000.0,Central Taylorsville,41,Q2,2024,1665.0,1388.0,124,G21011100107023,Q2_2024
211110000000.0,East Metro,41,Q2,2024,1499.0,1459.0,327,G21011100107061,Q2_2024
211110000000.0,East Metro,41,Q2,2024,1560.0,1459.0,149,G21011100107071,Q2_2024
211110000000.0,East Metro,41,Q2,2024,1525.0,1459.0,286,G21011100107072,Q2_2024
211110000000.0,East Metro,41,Q2,2024,1538.0,1459.0,410,G21011100107081,Q2_2024
211110000000.0,East Metro,41,Q2,2024,1540.0,1459.0,423,G21011100107082,Q2_2024
211110000000.0,Central Taylorsville,41,Q2,2024,1400.0,1388.0,303,G21011100108001,Q2_2024
211110000000.0,Central Taylorsville,41,Q2,2024,1400.0,1388.0,207,G21011100108003,Q2_2024
211110000000.0,Central Bardstown,41,Q2,2024,1250.0,1329.0,170,G21011100110035,Q2_2024
211110000000.0,Central Bardstown,41,Q2,2024,1139.0,1329.0,219,G21011100110053,Q2_2024
211110000000.0,Central Taylorsville,41,Q2,2024,1260.0,1388.0,235,G21011100110091,Q2_2024
211110000000.0,Central Taylorsville,41,Q2,2024,1250.0,1388.0,212,G21011100110092,Q2_2024
211110000000.0,Central Taylorsville,41,Q2,2024,1249.0,1388.0,241,G21011100110093,Q2_2024
211110000000.0,Central Bardstown,41,Q2,2024,1770.0,1329.0,43,G21011100111103,Q2_2024
211110000000.0,Central Taylorsville,41,Q2,2024,1445.0,1388.0,197,G21011100111112,Q2_2024
211110000000.0,Central Taylorsville,41,Q2,2024,1360.0,1388.0,193,G21011100111113,Q2_2024
211110000000.0,Central Taylorsville,41,Q2,2024,1495.0,1388.0,192,G21011100111121,Q2_2024
211110000000.0,Central Taylorsville,41,Q2,2024,1351.0,1388.0,297,G21011100111122,Q2_2024
211110000000.0,Central Taylorsville,41,Q2,2024,1435.0,1388.0,248,G21011100111181,Q2_2024
211110000000.0,Central Taylorsville,41,Q2,2024,1399.0,1388.0,235,G21011100111182,Q2_2024
211110000000.0,Central Bardstown,41,Q2,2024,1075.0,1329.0,215,G21011100112021,Q2_2024
211110000000.0,Central Bardstown,41,Q2,2024,1715.0,1329.0,34,G21011100115064,Q2_2024
211110000000.0,Central Bardstown,41,Q2,2024,1545.0,1329.0,51,G21011100115092,Q2_2024
211110000000.0,Central Bardstown,41,Q2,2024,1600.0,1329.0,51,G21011100115093,Q2_2024
211110000000.0,Central Bardstown,41,Q2,2024,1584.5,1329.0,56,G21011100115153,Q2_2024
211110000000.0,Central Bardstown,41,Q2,2024,1607.0,1329.0,50,G21011100115154,Q2_2024
211110000000.0,South Floyd's Fork,41,Q2,2024,1441.0,1451.0,480,G21011100116051,Q2_2024
211110000000.0,South Floyd's Fork,41,Q2,2024,1448.0,1451.0,566,G21011100116053,Q2_2024
211110000000.0,McNeely Lake,41,Q2,2024,1557.0,1599.0,211,G21011100117112,Q2_2024
211110000000.0,McNeely Lake,41,Q2,2024,1845.0,1599.0,148,G21011100117113,Q2_2024
211110000000.0,McNeely Lake,41,Q2,2024,1345.0,1599.0,146,G21011100117122,Q2_2024
211110000000.0,South-Central Dixie,41,Q2,2024,1417.0,1395.0,100,G21011100121051,Q2_2024
211110000000.0,South-Central Dixie,41,Q2,2024,1400.0,1395.0,136,G21011100121053,Q2_2024
211110000000.0,South-Central Dixie,41,Q2,2024,1420.0,1395.0,125,G21011100121054,Q2_2024
211110000000.0,South-Central Dixie,41,Q2,2024,1448.0,1395.0,107,G21011100121081,Q2_2024
211110000000.0,South-Central Dixie,41,Q2,2024,1450.5,1395.0,106,G21011100121091,Q2_2024
211110000000.0,South-Central Dixie,41,Q2,2024,1475.0,1395.0,93,G21011100121092,Q2_2024
211110000000.0,South-Central Dixie,41,Q2,2024,1030.0,1395.0,166,G21011100122031,Q2_2024
211110000000.0,Iroquois Park,41,Q2,2024,1050.0,1075.0,124,G21011100122043,Q2_2024
211110000000.0,Iroquois Park,41,Q2,2024,1006.0,1075.0,199,G21011100123021,Q2_2024
211110000000.0,Iroquois Park,41,Q2,2024,1050.0,1075.0,148,G21011100123022,Q2_2024
211110000000.0,South-Central Dixie,41,Q2,2024,1439.5,1395.0,88,G21011100124092,Q2_2024
211110000000.0,South-Central Dixie,41,Q2,2024,1450.0,1395.0,113,G21011100124093,Q2_2024
211110000000.0,South-Central Dixie,41,Q2,2024,1047.5,1395.0,168,G21011100125021,Q2_2024
211110000000.0,Southwest Core,42,Q2,2024,1042.5,1149.0,186,G21011100128021,Q2_2024
211110000000.0,Northwest Core,42,Q3,2024,1080.0,1095.0,215,G21011100023003,Q3_2024
211110000000.0,West Core,42,Q3,2024,950.0,1145.0,460,G21011100027001,Q3_2024
211110000000.0,Northwest Core,43,Q3,2024,1111.0,1095.0,277,G21011100030001,Q3_2024
211110000000.0,Northwest Core,43,Q3,2024,1066.5,1095.0,366,G21011100030002,Q3_2024
211110000000.0,West Core,43,Q3,2024,981.0,1145.0,716,G21011100035011,Q3_2024
211110000000.0,West Core,43,Q3,2024,995.0,1145.0,495,G21011100035021,Q3_2024
211110000000.0,Southwest Core,43,Q3,2024,1195.0,1145.0,322,G21011100036001,Q3_2024
211110000000.0,Southwest Core,42,Q3,2024,1200.0,1145.0,284,G21011100036002,Q3_2024
211110000000.0,Southwest Core,42,Q3,2024,1190.0,1145.0,309,G21011100036003,Q3_2024
211110000000.0,Southwest Core,43,Q3,2024,1195.0,1145.0,287,G21011100036004,Q3_2024
211110000000.0,Southwest Core,43,Q3,2024,1159.0,1145.0,236,G21011100036005,Q3_2024
211110000000.0,University,43,Q3,2024,1200.0,1050.0,355,G21011100037001,Q3_2024
211110000000.0,University,43,Q3,2024,1125.0,1050.0,366,G21011100037002,Q3_2024
211110000000.0,Southwest Core,43,Q3,2024,1112.5,1145.0,416,G21011100038001,Q3_2024
211110000000.0,Southwest Core,43,Q3,2024,1099.5,1145.0,382,G21011100038002,Q3_2024
211110000000.0,Southwest Core,43,Q3,2024,1075.0,1145.0,343,G21011100038003,Q3_2024
211110000000.0,Southwest Core,43,Q3,2024,1100.0,1145.0,233,G21011100039001,Q3_2024
211110000000.0,Southwest Core,43,Q3,2024,1050.0,1145.0,204,G21011100039002,Q3_2024
211110000000.0,Southwest Core,42,Q3,2024,1200.0,1145.0,333,G21011100041001,Q3_2024
211110000000.0,Downtown,43,Q3,2024,1200.0,1392.0,130,G21011100049000,Q3_2024
211110000000.0,Downtown,43,Q3,2024,1373.0,1392.0,1309,G21011100049001,Q3_2024
211110000000.0,Downtown,43,Q3,2024,1065.0,1392.0,563,G21011100049002,Q3_2024
211110000000.0,Downtown,43,Q3,2024,1446.0,1392.0,1049,G21011100049003,Q3_2024
211110000000.0,Downtown,43,Q3,2024,975.0,1392.0,768,G21011100050001,Q3_2024
211110000000.0,Downtown,43,Q3,2024,1050.0,1392.0,946,G21011100050002,Q3_2024
211110000000.0,University,43,Q3,2024,925.0,1050.0,943,G21011100051001,Q3_2024
211110000000.0,University,43,Q3,2024,972.0,1050.0,1058,G21011100051002,Q3_2024
211110000000.0,University,43,Q3,2024,950.0,1050.0,1028,G21011100051003,Q3_2024
211110000000.0,University,43,Q3,2024,925.0,1050.0,966,G21011100052001,Q3_2024
211110000000.0,University,43,Q3,2024,949.0,1050.0,885,G21011100052002,Q3_2024
211110000000.0,University,43,Q3,2024,900.0,1050.0,876,G21011100052003,Q3_2024
211110000000.0,University,43,Q3,2024,1050.0,1050.0,828,G21011100053001,Q3_2024
211110000000.0,University,43,Q3,2024,1095.0,1050.0,690,G21011100053002,Q3_2024
211110000000.0,Downtown,43,Q3,2024,1416.0,1392.0,1304,G21011100059011,Q3_2024
211110000000.0,Downtown,43,Q3,2024,1434.0,1392.0,1273,G21011100059012,Q3_2024
211110000000.0,Downtown,43,Q3,2024,1473.0,1392.0,1118,G21011100059021,Q3_2024
211110000000.0,Downtown,43,Q3,2024,1473.0,1392.0,1144,G21011100059022,Q3_2024
211110000000.0,Downtown,43,Q3,2024,1469.0,1392.0,1220,G21011100059023,Q3_2024
211110000000.0,Downtown,43,Q3,2024,1425.0,1392.0,1368,G21011100062001,Q3_2024
211110000000.0,Downtown,43,Q3,2024,1171.0,1392.0,1065,G21011100062002,Q3_2024
211110000000.0,Southeast Core,43,Q3,2024,1350.0,1395.0,641,G21011100063001,Q3_2024
211110000000.0,Southeast Core,43,Q3,2024,1340.0,1395.0,693,G21011100063002,Q3_2024
211110000000.0,Southeast Core,43,Q3,2024,1350.0,1395.0,603,G21011100064001,Q3_2024
211110000000.0,Southeast Core,43,Q3,2024,1400.0,1395.0,605,G21011100064002,Q3_2024
211110000000.0,University,43,Q3,2024,1095.0,1050.0,1106,G21011100065001,Q3_2024
211110000000.0,University,43,Q3,2024,1207.0,1050.0,867,G21011100065002,Q3_2024
211110000000.0,University,43,Q3,2024,1050.0,1050.0,1134,G21011100065003,Q3_2024
211110000000.0,University,43,Q3,2024,1150.0,1050.0,950,G21011100065004,Q3_2024
211110000000.0,University,43,Q3,2024,1000.0,1050.0,1140,G21011100066001,Q3_2024
211110000000.0,University,43,Q3,2024,1000.0,1050.0,1072,G21011100066002,Q3_2024
211110000000.0,Southeast Core,43,Q3,2024,1400.0,1395.0,567,G21011100068001,Q3_2024
211110000000.0,Southeast Core,43,Q3,2024,1470.0,1395.0,532,G21011100068002,Q3_2024
211110000000.0,Southeast Core,43,Q3,2024,1365.0,1395.0,697,G21011100068003,Q3_2024
211110000000.0,Southeast Core,43,Q3,2024,1400.0,1395.0,554,G21011100069001,Q3_2024
211110000000.0,Southeast Core,43,Q3,2024,1498.0,1395.0,421,G21011100069002,Q3_2024
211110000000.0,Southeast Core,43,Q3,2024,1400.0,1395.0,535,G21011100069003,Q3_2024
211110000000.0,Southeast Core,43,Q3,2024,1500.0,1395.0,398,G21011100070001,Q3_2024
211110000000.0,Southeast Core,42,Q3,2024,1560.0,1395.0,378,G21011100070002,Q3_2024
211110000000.0,University,42,Q3,2024,1500.0,1050.0,261,G21011100071021,Q3_2024
211110000000.0,University,43,Q3,2024,1295.0,1050.0,662,G21011100071022,Q3_2024
211110000000.0,University,43,Q3,2024,1125.0,1050.0,992,G21011100071023,Q3_2024
211110000000.0,University,43,Q3,2024,1195.0,1050.0,487,G21011100071024,Q3_2024
211110000000.0,University,43,Q3,2024,1295.0,1050.0,515,G21011100071025,Q3_2024
211110000000.0,Northeast Core,43,Q3,2024,1350.0,1350.0,452,G21011100074001,Q3_2024
211110000000.0,Northeast Core,43,Q3,2024,1385.0,1350.0,365,G21011100074002,Q3_2024
211110000000.0,Northeast Core,43,Q3,2024,1283.0,1350.0,340,G21011100076011,Q3_2024
211110000000.0,Northeast Core,43,Q3,2024,1195.0,1350.0,192,G21011100076012,Q3_2024
211110000000.0,Northeast Core,43,Q3,2024,1319.0,1350.0,369,G21011100076021,Q3_2024
211110000000.0,Northeast Core,43,Q3,2024,1300.0,1350.0,348,G21011100076022,Q3_2024
211110000000.0,Northeast Core,42,Q3,2024,1249.5,1350.0,260,G21011100076031,Q3_2024
211110000000.0,Northeast Core,43,Q3,2024,1200.0,1350.0,219,G21011100076032,Q3_2024
211110000000.0,Northeast Core,43,Q3,2024,1194.5,1350.0,240,G21011100076033,Q3_2024
211110000000.0,Northeast Core,43,Q3,2024,1150.0,1350.0,169,G21011100079001,Q3_2024
211110000000.0,Northeast Core,43,Q3,2024,1250.0,1350.0,280,G21011100079002,Q3_2024
211110000000.0,Northeast Core,43,Q3,2024,1329.0,1350.0,467,G21011100081001,Q3_2024
211110000000.0,Northeast Core,43,Q3,2024,1400.0,1350.0,558,G21011100081002,Q3_2024
211110000000.0,Northeast Core,43,Q3,2024,1469.0,1350.0,1219,G21011100081003,Q3_2024
211110000000.0,Southeast Core,43,Q3,2024,1350.0,1395.0,530,G21011100082011,Q3_2024
211110000000.0,Southeast Core,42,Q3,2024,1300.0,1395.0,372,G21011100082012,Q3_2024
211110000000.0,Southeast Core,43,Q3,2024,1395.0,1395.0,585,G21011100082021,Q3_2024
211110000000.0,Southeast Core,42,Q3,2024,1350.0,1395.0,480,G21011100082022,Q3_2024
211110000000.0,Southeast Core,43,Q3,2024,1299.0,1395.0,386,G21011100083001,Q3_2024
211110000000.0,Southeast Core,43,Q3,2024,1350.0,1395.0,473,G21011100083002,Q3_2024
211110000000.0,Southeast Core,43,Q3,2024,1475.0,1395.0,463,G21011100083003,Q3_2024
211110000000.0,Southeast Core,42,Q3,2024,1395.0,1395.0,211,G21011100084001,Q3_2024
211110000000.0,Southeast Core,42,Q3,2024,1300.0,1395.0,299,G21011100084002,Q3_2024
211110000000.0,Southeast Core,42,Q3,2024,1299.5,1395.0,290,G21011100084003,Q3_2024
211110000000.0,Southeast Core,42,Q3,2024,1300.0,1395.0,305,G21011100085001,Q3_2024
211110000000.0,Southeast Core,42,Q3,2024,1350.0,1395.0,234,G21011100085002,Q3_2024
211110000000.0,East Core,42,Q3,2024,1300.0,1499.0,134,G21011100087004,Q3_2024
211110000000.0,Southeast Core,42,Q3,2024,1300.0,1395.0,156,G21011100088001,Q3_2024
211110000000.0,Southeast Core,42,Q3,2024,1397.5,1395.0,208,G21011100088002,Q3_2024
211110000000.0,Southeast Core,42,Q3,2024,1500.0,1395.0,104,G21011100088003,Q3_2024
211110000000.0,Southeast Core,42,Q3,2024,1500.0,1395.0,107,G21011100089001,Q3_2024
211110000000.0,Southeast Core,42,Q3,2024,1500.0,1395.0,149,G21011100089002,Q3_2024
211110000000.0,Southeast Core,42,Q3,2024,1395.0,1395.0,194,G21011100089003,Q3_2024
211110000000.0,Southeast Core,42,Q3,2024,1475.0,1395.0,143,G21011100089004,Q3_2024
211110000000.0,Southeast Core,42,Q3,2024,1400.0,1395.0,228,G21011100093002,Q3_2024
211110000000.0,Southeast Core,42,Q3,2024,1500.0,1395.0,293,G21011100093003,Q3_2024
211110000000.0,Southeast Core,42,Q3,2024,1400.0,1395.0,199,G21011100093005,Q3_2024
211110000000.0,Southeast Core,42,Q3,2024,1095.5,1395.0,166,G21011100096001,Q3_2024
211110000000.0,East Core,42,Q3,2024,1400.0,1499.0,303,G21011100099001,Q3_2024
211110000000.0,East Core,42,Q3,2024,1445.0,1499.0,209,G21011100099002,Q3_2024
211110000000.0,East Core,43,Q3,2024,2000.0,1499.0,119,G21011100099003,Q3_2024
211110000000.0,East Metro,42,Q3,2024,1355.0,1419.0,235,G21011100100041,Q3_2024
211110000000.0,East Metro,42,Q3,2024,1375.0,1419.0,207,G21011100100042,Q3_2024
211110000000.0,East Metro,42,Q3,2024,1278.0,1419.0,351,G21011100100043,Q3_2024
211110000000.0,East Metro,42,Q3,2024,1322.0,1419.0,211,G21011100100044,Q3_2024
211110000000.0,East Metro,42,Q3,2024,1229.5,1419.0,248,G21011100100054,Q3_2024
211110000000.0,East Metro,42,Q3,2024,1225.0,1419.0,237,G21011100100055,Q3_2024
211110000000.0,East Metro,42,Q3,2024,1285.5,1419.0,270,G21011100100063,Q3_2024
211110000000.0,East Metro,42,Q3,2024,1325.0,1419.0,317,G21011100101021,Q3_2024
211110000000.0,East Metro,42,Q3,2024,1262.5,1419.0,228,G21011100101031,Q3_2024
211110000000.0,East Metro,42,Q3,2024,1251.0,1419.0,276,G21011100101032,Q3_2024
211110000000.0,East Metro,42,Q3,2024,1225.0,1419.0,321,G21011100101033,Q3_2024
211110000000.0,East Metro,42,Q3,2024,1251.0,1419.0,320,G21011100101034,Q3_2024
211110000000.0,East Metro,42,Q3,2024,1310.0,1419.0,258,G21011100101041,Q3_2024
211110000000.0,East Metro,42,Q3,2024,1285.0,1419.0,332,G21011100101042,Q3_2024
211110000000.0,East Metro,42,Q3,2024,1278.0,1419.0,375,G21011100101043,Q3_2024
211110000000.0,East Metro,42,Q3,2024,1599.0,1419.0,477,G21011100103091,Q3_2024
211110000000.0,East Metro,42,Q3,2024,1610.0,1419.0,461,G21011100103092,Q3_2024
211110000000.0,East Metro,42,Q3,2024,1438.0,1419.0,319,G21011100103093,Q3_2024
211110000000.0,Northeast Metro,42,Q3,2024,2100.0,1910.0,367,G21011100103133,Q3_2024
211110000000.0,Northeast Metro,42,Q3,2024,2099.5,1910.0,360,G21011100103134,Q3_2024
211110000000.0,North Floyd's Fork,42,Q3,2024,1555.0,1671.0,555,G21011100103191,Q3_2024
211110000000.0,North Floyd's Fork,42,Q3,2024,1675.0,1671.0,357,G21011100103192,Q3_2024
211110000000.0,North Floyd's Fork,42,Q3,2024,1580.0,1671.0,544,G21011100103193,Q3_2024
211110000000.0,North Floyd's Fork,42,Q3,2024,1654.0,1671.0,358,G21011100103202,Q3_2024
211110000000.0,North Floyd's Fork,42,Q3,2024,1669.0,1671.0,406,G21011100103203,Q3_2024
211110000000.0,North Floyd's Fork,42,Q3,2024,1899.0,1671.0,216,G21011100103231,Q3_2024
211110000000.0,North Floyd's Fork,42,Q3,2024,1650.0,1671.0,169,G21011100103241,Q3_2024
211110000000.0,East Metro,42,Q3,2024,1448.5,1419.0,342,G21011100104072,Q3_2024
211110000000.0,East Core,43,Q3,2024,1453.5,1499.0,260,G21011100105002,Q3_2024
211110000000.0,East Core,43,Q3,2024,1445.0,1499.0,183,G21011100105003,Q3_2024
211110000000.0,East Core,42,Q3,2024,1319.5,1499.0,216,G21011100105004,Q3_2024
211110000000.0,East Core,42,Q3,2024,1393.0,1499.0,382,G21011100106011,Q3_2024
211110000000.0,East Core,43,Q3,2024,1500.0,1499.0,279,G21011100106012,Q3_2024
211110000000.0,East Core,42,Q3,2024,1419.0,1499.0,388,G21011100106021,Q3_2024
211110000000.0,East Core,42,Q3,2024,1465.5,1499.0,366,G21011100106022,Q3_2024
211110000000.0,East Core,42,Q3,2024,1483.0,1499.0,329,G21011100106023,Q3_2024
211110000000.0,East Metro,42,Q3,2024,1585.0,1419.0,267,G21011100107011,Q3_2024
211110000000.0,East Metro,42,Q3,2024,1500.0,1419.0,273,G21011100107012,Q3_2024
211110000000.0,East Metro,42,Q3,2024,1557.5,1419.0,354,G21011100107013,Q3_2024
211110000000.0,East Metro,42,Q3,2024,1420.0,1419.0,177,G21011100107014,Q3_2024
211110000000.0,East Metro,42,Q3,2024,1560.0,1419.0,187,G21011100107015,Q3_2024
211110000000.0,Central Taylorsville,42,Q3,2024,1463.0,1360.5,200,G21011100107021,Q3_2024
211110000000.0,Central Taylorsville,42,Q3,2024,1459.5,1360.5,204,G21011100107022,Q3_2024
211110000000.0,Central Taylorsville,42,Q3,2024,1682.5,1360.5,108,G21011100107023,Q3_2024
211110000000.0,East Metro,42,Q3,2024,1449.0,1419.0,241,G21011100107061,Q3_2024
211110000000.0,East Metro,42,Q3,2024,1575.0,1419.0,139,G21011100107071,Q3_2024
211110000000.0,East Metro,42,Q3,2024,1555.0,1419.0,241,G21011100107072,Q3_2024
211110000000.0,East Metro,42,Q3,2024,1540.0,1419.0,306,G21011100107081,Q3_2024
211110000000.0,East Metro,42,Q3,2024,1555.0,1419.0,312,G21011100107082,Q3_2024
211110000000.0,Central Taylorsville,42,Q3,2024,1370.0,1360.5,219,G21011100108001,Q3_2024
211110000000.0,Central Taylorsville,42,Q3,2024,1557.5,1360.5,132,G21011100108003,Q3_2024
211110000000.0,Central Bardstown,42,Q3,2024,1259.0,1369.0,166,G21011100110035,Q3_2024
211110000000.0,Central Bardstown,42,Q3,2024,1159.0,1369.0,187,G21011100110053,Q3_2024
211110000000.0,Central Taylorsville,42,Q3,2024,1230.0,1360.5,201,G21011100110091,Q3_2024
211110000000.0,Central Taylorsville,42,Q3,2024,1250.0,1360.5,189,G21011100110092,Q3_2024
211110000000.0,Central Taylorsville,42,Q3,2024,1195.0,1360.5,205,G21011100110093,Q3_2024
211110000000.0,Central Bardstown,42,Q3,2024,1815.0,1369.0,63,G21011100111103,Q3_2024
211110000000.0,Central Taylorsville,42,Q3,2024,1355.0,1360.5,123,G21011100111112,Q3_2024
211110000000.0,Central Taylorsville,42,Q3,2024,1470.0,1360.5,145,G21011100111113,Q3_2024
211110000000.0,Central Taylorsville,42,Q3,2024,1475.0,1360.5,110,G21011100111121,Q3_2024
211110000000.0,Central Taylorsville,42,Q3,2024,1412.0,1360.5,244,G21011100111122,Q3_2024
211110000000.0,Central Taylorsville,42,Q3,2024,1386.0,1360.5,169,G21011100111181,Q3_2024
211110000000.0,Central Taylorsville,42,Q3,2024,1386.0,1360.5,168,G21011100111182,Q3_2024
211110000000.0,Central Bardstown,42,Q3,2024,1179.0,1369.0,199,G21011100112021,Q3_2024
211110000000.0,Central Bardstown,42,Q3,2024,1795.0,1369.0,57,G21011100115064,Q3_2024
211110000000.0,Central Bardstown,42,Q3,2024,1775.0,1369.0,70,G21011100115092,Q3_2024
211110000000.0,Central Bardstown,42,Q3,2024,1795.0,1369.0,63,G21011100115093,Q3_2024
211110000000.0,Central Bardstown,42,Q3,2024,1569.0,1369.0,63,G21011100115153,Q3_2024
211110000000.0,Central Bardstown,42,Q3,2024,1563.5,1369.0,54,G21011100115154,Q3_2024
211110000000.0,South Floyd's Fork,42,Q3,2024,1485.0,1494.0,351,G21011100116051,Q3_2024
211110000000.0,South Floyd's Fork,42,Q3,2024,1485.0,1494.0,422,G21011100116053,Q3_2024
211110000000.0,McNeely Lake,42,Q3,2024,1477.0,1519.0,212,G21011100117112,Q3_2024
211110000000.0,McNeely Lake,42,Q3,2024,1747.5,1519.0,104,G21011100117113,Q3_2024
211110000000.0,McNeely Lake,42,Q3,2024,1305.0,1519.0,148,G21011100117122,Q3_2024
211110000000.0,South-Central Dixie,42,Q3,2024,1400.0,1389.0,68,G21011100121051,Q3_2024
211110000000.0,South-Central Dixie,42,Q3,2024,1398.0,1389.0,75,G21011100121053,Q3_2024
211110000000.0,South-Central Dixie,42,Q3,2024,1413.0,1389.0,70,G21011100121054,Q3_2024
211110000000.0,South-Central Dixie,42,Q3,2024,1338.0,1389.0,86,G21011100121081,Q3_2024
211110000000.0,South-Central Dixie,42,Q3,2024,1393.0,1389.0,83,G21011100121091,Q3_2024
211110000000.0,South-Central Dixie,42,Q3,2024,1374.5,1389.0,82,G21011100121092,Q3_2024
211110000000.0,South-Central Dixie,42,Q3,2024,1065.0,1389.0,137,G21011100122031,Q3_2024
211110000000.0,Iroquois Park,42,Q3,2024,1065.0,1150.0,132,G21011100122043,Q3_2024
211110000000.0,Iroquois Park,42,Q3,2024,1050.0,1150.0,167,G21011100123021,Q3_2024
211110000000.0,Iroquois Park,42,Q3,2024,1045.0,1150.0,113,G21011100123022,Q3_2024
211110000000.0,South-Central Dixie,42,Q3,2024,1398.0,1389.0,49,G21011100124092,Q3_2024
211110000000.0,South-Central Dixie,42,Q3,2024,1500.0,1389.0,81,G21011100124093,Q3_2024
211110000000.0,South-Central Dixie,42,Q3,2024,1050.0,1389.0,109,G21011100125021,Q3_2024
211110000000.0,Southwest Core,43,Q3,2024,1000.0,1145.0,165,G21011100128021,Q3_2024
